mtllib boy_fixed.mtl

usemtl boy_fixed.mat

v -0.165005 0.338798 -0.190391
v -0.165005 0.338798 -0.190391
v -0.165005 0.338798 -0.190391
v -0.219681 0.334892 -0.088849
v -0.219681 0.334892 -0.088849
v -0.219681 0.334892 -0.088849
v -0.186485 0.336845 -0.151336
v -0.186485 0.336845 -0.151336
v -0.186485 0.336845 -0.151336
v -0.186485 0.336845 -0.151336
v -0.186485 0.336845 -0.151336
v 0.165005 0.338798 -0.190391
v 0.165005 0.338798 -0.190391
v 0.165005 0.338798 -0.190391
v 0.186485 0.336845 -0.151336
v 0.186485 0.336845 -0.151336
v 0.186485 0.336845 -0.151336
v 0.186485 0.336845 -0.151336
v 0.186485 0.336845 -0.151336
v 0.219681 0.334892 -0.088849
v 0.219681 0.334892 -0.088849
v 0.219681 0.334892 -0.088849
v -0.282169 0.401285 -0.112282
v -0.282169 0.401285 -0.112282
v -0.282169 0.401285 -0.112282
v -0.282169 0.401285 -0.112282
v -0.282169 0.401285 -0.112282
v -0.272405 0.399332 -0.092754
v -0.272405 0.399332 -0.092754
v -0.272405 0.399332 -0.092754
v -0.284121 0.399332 -0.118140
v -0.284121 0.399332 -0.118140
v -0.284121 0.399332 -0.118140
v 0.282169 0.401285 -0.112282
v 0.282169 0.401285 -0.112282
v 0.282169 0.401285 -0.112282
v 0.282169 0.401285 -0.112282
v 0.282169 0.401285 -0.112282
v 0.284121 0.399332 -0.118140
v 0.284121 0.399332 -0.118140
v 0.284121 0.399332 -0.118140
v 0.272405 0.399332 -0.092754
v 0.272405 0.399332 -0.092754
v 0.272405 0.399332 -0.092754
v 0.352467 -0.461819 0.063464
v 0.389568 -0.633659 -0.030267
v 0.354419 -0.485252 0.004882
v 0.350514 -0.495015 -0.041984
v 0.346608 -0.483299 -0.041984
v 0.346608 -0.483299 -0.041984
v 0.338798 -0.473535 -0.067369
v 0.354419 -0.577030 -0.145478
v 0.354419 -0.577030 -0.145478
v 0.354419 -0.577030 -0.145478
v 0.354419 -0.577030 -0.145478
v 0.330987 -0.489157 -0.127903
v 0.307554 -0.373947 -0.129856
v 0.307554 -0.373947 -0.129856
v 0.307554 -0.373947 -0.129856
v 0.311459 -0.373947 -0.098613
v 0.311459 -0.373947 -0.098613
v 0.327081 -0.491110 -0.139620
v 0.327081 -0.491110 -0.139620
v 0.366136 -0.653186 0.139620
v 0.342703 -0.477441 0.145478
v 0.309507 -0.371994 -0.092754
v 0.309507 -0.371994 -0.092754
v 0.309507 -0.371994 -0.092754
v 0.282169 -0.329034 0.096660
v 0.260689 -0.303649 0.127903
v 0.260689 -0.303649 0.127903
v 0.260689 -0.303649 0.127903
v 0.276310 -0.461819 0.262641
v 0.276310 -0.461819 0.262641
v 0.288027 -0.612179 0.274358
v 0.288027 -0.612179 0.274358
v 0.346608 -0.461819 0.053700
v 0.346608 -0.461819 0.053700
v 0.276310 -0.325128 0.090802
v 0.276310 -0.325128 0.090802
v 0.256783 -0.299743 0.120092
v 0.256783 -0.299743 0.120092
v 0.256783 -0.299743 0.120092
v 0.288027 -0.828931 -0.122045
v 0.288027 -0.828931 -0.122045
v 0.288027 -0.828931 -0.122045
v 0.280216 -0.784018 -0.166958
v 0.280216 -0.784018 -0.166958
v 0.248972 -0.664902 -0.305601
v 0.248972 -0.664902 -0.305601
v 0.264594 -0.826978 0.180627
v 0.264594 -0.826978 0.180627
v 0.264594 -0.826978 0.180627
v 0.248972 -0.739106 0.254830
v 0.248972 -0.739106 0.254830
v 0.248972 -0.739106 0.254830
v 0.274358 -0.493063 -0.247020
v 0.274358 -0.493063 -0.247020
v 0.274358 -0.493063 -0.247020
v 0.311459 -0.489157 -0.200154
v 0.311459 -0.489157 -0.200154
v 0.307554 -0.489157 -0.194296
v 0.307554 -0.489157 -0.194296
v 0.307554 -0.489157 -0.194296
v 0.344656 -0.481346 0.000976
v 0.344656 -0.481346 0.000976
v 0.344656 -0.481346 0.000976
v -0.178674 -0.873844 -0.026362
v 0.073227 -0.891418 -0.143525
v 0.102518 -0.907040 -0.008787
v -0.166958 -0.862127 -0.211871
v -0.166958 -0.862127 -0.211871
v -0.165005 -0.858222 0.149383
v 0.088849 -0.873844 0.178674
v 0.088849 -0.873844 0.178674
v 0.088849 -0.873844 0.178674
v 0.114234 -0.885560 0.135714
v 0.114234 -0.885560 0.135714
v 0.139620 -0.885560 0.120092
v 0.139620 -0.885560 0.120092
v 0.157194 -0.869938 -0.120092
v 0.178674 -0.869938 0.118140
v 0.178674 -0.869938 0.118140
v 0.221634 -0.848458 0.143525
v 0.221634 -0.848458 0.143525
v 0.221634 -0.848458 0.143525
v 0.250925 -0.832837 0.178674
v 0.250925 -0.832837 0.178674
v 0.182580 -0.823073 -0.215776
v 0.182580 -0.823073 -0.215776
v 0.102518 -0.762539 -0.330987
v 0.102518 -0.762539 -0.330987
v -0.338798 -0.766444 -0.081038
v -0.338798 -0.766444 -0.081038
v -0.338798 -0.766444 -0.081038
v -0.329034 -0.725437 0.151336
v -0.329034 -0.725437 0.151336
v -0.196249 -0.719579 0.327081
v -0.196249 -0.719579 0.327081
v -0.196249 -0.719579 0.327081
v 0.092754 -0.846506 0.219681
v 0.092754 -0.846506 0.219681
v 0.002929 -0.746917 0.344656
v 0.002929 -0.746917 0.344656
v 0.108376 -0.821120 0.247020
v 0.108376 -0.821120 0.247020
v 0.137667 -0.756680 0.317318
v 0.137667 -0.756680 0.317318
v 0.141572 -0.795735 0.274358
v 0.141572 -0.795735 0.274358
v 0.172816 -0.774255 0.288027
v 0.172816 -0.774255 0.288027
v 0.172816 -0.774255 0.288027
v 0.264594 -0.809404 0.196249
v 0.264594 -0.809404 0.196249
v 0.264594 -0.809404 0.196249
v -0.000976 -0.247020 0.196249
v -0.000976 -0.411048 0.350514
v 0.135714 -0.416906 0.329034
v 0.110329 -0.250925 0.184532
v 0.110329 -0.250925 0.184532
v 0.194296 -0.270452 0.163052
v 0.194296 -0.270452 0.163052
v -0.135714 -0.416906 0.329034
v -0.110329 -0.250925 0.184532
v -0.000976 -0.239209 0.184532
v -0.000976 -0.239209 0.184532
v 0.108376 -0.247020 0.174769
v 0.108376 -0.247020 0.174769
v -0.194296 -0.270452 0.163052
v -0.194296 -0.270452 0.163052
v -0.108376 -0.247020 0.174769
v -0.108376 -0.247020 0.174769
v 0.002929 -0.569219 0.387616
v -0.145478 -0.563361 0.362230
v 0.155242 -0.571172 0.362230
v -0.245067 -0.530164 0.307554
v -0.245067 -0.530164 0.307554
v -0.260689 -0.303649 0.127903
v -0.260689 -0.303649 0.127903
v -0.260689 -0.303649 0.127903
v 0.204060 -0.746917 0.286074
v 0.204060 -0.746917 0.286074
v 0.204060 -0.746917 0.286074
v 0.123998 0.950000 -0.172816
v 0.065416 0.948047 0.030267
v 0.288027 0.948047 -0.123998
v 0.211871 0.948047 0.086896
v 0.123998 0.948047 0.086896
v 0.268499 0.950000 0.020504
v 0.307554 0.942189 -0.215776
v 0.157194 0.946095 -0.250925
v 0.321223 0.942189 -0.153289
v 0.321223 0.942189 -0.153289
v 0.045889 0.942189 0.055653
v 0.045889 0.942189 0.055653
v 0.315365 0.940236 -0.221634
v 0.315365 0.940236 -0.221634
v 0.315365 0.940236 -0.221634
v 0.233350 0.940236 -0.260689
v 0.233350 0.940236 -0.260689
v 0.270452 0.942189 0.043936
v 0.270452 0.942189 0.043936
v 0.123998 0.942189 0.110329
v 0.123998 0.942189 0.110329
v 0.102518 0.942189 -0.211871
v 0.036125 0.942189 -0.012693
v 0.149383 0.940236 -0.272405
v 0.149383 0.940236 -0.272405
v 0.149383 0.940236 -0.272405
v 0.213823 0.942189 0.108376
v 0.213823 0.942189 0.108376
v 0.213823 0.942189 0.108376
v 0.034173 0.930473 -0.012693
v 0.034173 0.930473 -0.012693
v 0.034173 0.930473 -0.012693
v 0.043936 0.930473 0.057605
v 0.043936 0.930473 0.057605
v 0.102518 0.930473 -0.213823
v 0.102518 0.930473 -0.213823
v 0.102518 0.930473 -0.213823
v 0.102518 0.930473 -0.213823
v 0.102518 0.930473 -0.213823
v 0.102518 0.930473 -0.213823
v -0.123998 0.950000 -0.172816
v -0.288027 0.948047 -0.123998
v -0.211870 0.948047 0.086896
v -0.065416 0.948047 0.030267
v -0.123998 0.948047 0.086896
v -0.157194 0.946095 -0.250925
v -0.268499 0.950000 0.020504
v -0.307554 0.942189 -0.215776
v -0.233350 0.940236 -0.260689
v -0.233350 0.940236 -0.260689
v -0.036125 0.942189 -0.012693
v -0.321223 0.942189 -0.153289
v -0.321223 0.942189 -0.153289
v -0.315365 0.940236 -0.221634
v -0.315365 0.940236 -0.221634
v -0.102518 0.942189 -0.211871
v -0.102518 0.942189 -0.211871
v -0.045889 0.942189 0.055653
v -0.045889 0.942189 0.055653
v -0.123998 0.942189 0.110329
v -0.123998 0.942189 0.110329
v -0.213823 0.942189 0.108376
v -0.213823 0.942189 0.108376
v -0.213823 0.942189 0.108376
v -0.149383 0.940236 -0.272405
v -0.149383 0.940236 -0.272405
v -0.149383 0.940236 -0.272405
v -0.270452 0.942189 0.043936
v -0.270452 0.942189 0.043936
v -0.323176 0.930473 -0.151336
v -0.323176 0.930473 -0.151336
v -0.323176 0.930473 -0.151336
v -0.043936 0.930473 0.057605
v -0.043936 0.930473 0.057605
v -0.043936 0.930473 0.057605
v -0.034173 0.930473 -0.012693
v -0.034173 0.930473 -0.012693
v -0.278263 -0.487205 -0.282169
v -0.278263 -0.487205 -0.282169
v -0.112282 -0.606321 -0.366136
v -0.286074 -0.502826 -0.289979
v -0.104471 -0.582888 -0.348561
v -0.104471 -0.582888 -0.348561
v -0.104471 -0.582888 -0.348561
v -0.327081 -0.481346 -0.258736
v -0.327081 -0.481346 -0.258736
v -0.327081 -0.481346 -0.258736
v -0.129856 -0.668808 -0.356372
v 0.024409 -0.641470 -0.375899
v -0.084943 -0.561408 -0.358325
v -0.084943 -0.561408 -0.358325
v -0.084943 -0.561408 -0.358325
v -0.055653 -0.498921 -0.387616
v -0.055653 -0.498921 -0.387616
v -0.135714 -0.491110 -0.371994
v -0.135714 -0.491110 -0.371994
v -0.135714 -0.491110 -0.371994
v -0.297790 -0.530164 -0.272405
v -0.282169 -0.676619 -0.264594
v -0.327081 -0.495015 -0.247020
v -0.327081 -0.495015 -0.247020
v -0.377852 -0.594604 -0.163052
v -0.377852 -0.594604 -0.163052
v -0.137667 -0.495015 -0.366136
v -0.137667 -0.495015 -0.366136
v 0.204060 -0.590699 -0.313412
v 0.204060 -0.590699 -0.313412
v 0.196249 -0.575077 -0.299743
v 0.196249 -0.575077 -0.299743
v 0.196249 -0.575077 -0.299743
v 0.196249 -0.575077 -0.299743
v -0.020504 -0.268499 -0.309507
v -0.020504 -0.268499 -0.309507
v -0.000976 -0.301696 -0.317318
v -0.000976 -0.301696 -0.317318
v -0.026362 -0.307554 -0.317318
v -0.026362 -0.307554 -0.317318
v -0.000976 -0.264594 -0.309507
v -0.000976 -0.264594 -0.309507
v -0.043936 -0.299743 -0.313412
v 0.020504 -0.268499 -0.309507
v 0.020504 -0.268499 -0.309507
v 0.026362 -0.307554 -0.317318
v 0.026362 -0.307554 -0.317318
v 0.026362 -0.307554 -0.317318
v 0.043936 -0.299743 -0.313412
v -0.036125 -0.280216 -0.311459
v -0.036125 -0.280216 -0.311459
v -0.036125 -0.280216 -0.311459
v -0.051747 -0.266547 -0.307554
v -0.040031 -0.272405 -0.309507
v -0.040031 -0.272405 -0.309507
v -0.026362 -0.258736 -0.307554
v -0.026362 -0.258736 -0.307554
v 0.036125 -0.280216 -0.311459
v 0.036125 -0.280216 -0.311459
v 0.036125 -0.280216 -0.311459
v 0.051747 -0.266547 -0.307554
v 0.040031 -0.272405 -0.309507
v 0.040031 -0.272405 -0.309507
v 0.026362 -0.258736 -0.307554
v 0.026362 -0.258736 -0.307554
v 0.026362 -0.258736 -0.307554
v 0.057605 -0.239209 -0.297790
v 0.030267 -0.233350 -0.299743
v -0.000976 -0.254830 -0.307554
v -0.000976 -0.254830 -0.307554
v -0.000976 -0.231398 -0.299743
v -0.030267 -0.233350 -0.299743
v -0.057605 -0.239209 -0.297790
v 0.084943 -0.247020 -0.295838
v -0.084943 -0.247020 -0.295838
v 0.032220 -0.211871 -0.289979
v -0.000976 -0.209918 -0.289979
v -0.032220 -0.211871 -0.289979
v 0.079085 -0.272405 -0.303649
v 0.110329 -0.258736 -0.293885
v 0.104471 -0.282169 -0.301696
v 0.075180 -0.305601 -0.309507
v 0.061511 -0.217729 -0.288027
v 0.090802 -0.225540 -0.286074
v 0.102518 -0.315365 -0.305601
v 0.125951 -0.295838 -0.299743
v 0.131809 -0.274358 -0.291932
v 0.131809 -0.338798 -0.301696
v 0.131809 -0.338798 -0.301696
v 0.116187 -0.344656 -0.305601
v 0.116187 -0.344656 -0.305601
v 0.073227 -0.342703 -0.311459
v 0.106423 -0.356372 -0.307554
v 0.041984 -0.319270 -0.313412
v 0.041984 -0.319270 -0.313412
v 0.040031 -0.340750 -0.315365
v 0.040031 -0.340750 -0.315365
v 0.040031 -0.340750 -0.315365
v 0.073227 -0.373947 -0.311459
v 0.038078 -0.373947 -0.313412
v 0.038078 -0.411048 -0.313412
v -0.000976 -0.411048 -0.315365
v -0.000976 -0.375899 -0.315365
v -0.000976 -0.530164 -0.315365
v -0.000976 -0.530164 -0.315365
v 0.038078 -0.536023 -0.313412
v 0.038078 -0.536023 -0.313412
v 0.073227 -0.411048 -0.311459
v 0.073227 -0.545786 -0.311459
v 0.073227 -0.545786 -0.311459
v 0.106423 -0.428623 -0.307554
v 0.106423 -0.428623 -0.307554
v 0.100565 -0.411048 -0.307554
v 0.100565 -0.373947 -0.307554
v 0.026362 -0.348561 -0.315365
v 0.026362 -0.348561 -0.315365
v -0.038078 -0.373947 -0.313412
v -0.073227 -0.342703 -0.311459
v -0.073227 -0.373947 -0.311459
v -0.038078 -0.411048 -0.313412
v -0.073227 -0.411048 -0.311459
v -0.038078 -0.528212 -0.313412
v -0.038078 -0.528212 -0.313412
v -0.073227 -0.526259 -0.311459
v -0.073227 -0.526259 -0.311459
v -0.073227 -0.526259 -0.311459
v -0.026362 -0.348561 -0.315365
v -0.026362 -0.348561 -0.315365
v -0.040031 -0.340750 -0.315365
v -0.040031 -0.340750 -0.315365
v -0.040031 -0.340750 -0.315365
v -0.000976 -0.352467 -0.317318
v -0.000976 -0.352467 -0.317318
v -0.041984 -0.319270 -0.313412
v -0.041984 -0.319270 -0.313412
v -0.041984 -0.319270 -0.313412
v -0.075180 -0.305601 -0.309507
v -0.106423 -0.428623 -0.307554
v -0.106423 -0.428623 -0.307554
v -0.106423 -0.356372 -0.307554
v 0.116187 -0.436434 -0.305601
v 0.116187 -0.436434 -0.305601
v 0.106423 -0.559455 -0.307554
v 0.106423 -0.559455 -0.307554
v -0.116187 -0.344656 -0.305601
v -0.116187 -0.344656 -0.305601
v -0.102518 -0.315365 -0.305601
v -0.100565 -0.411048 -0.307554
v -0.100565 -0.373947 -0.307554
v -0.079085 -0.272405 -0.303649
v -0.110329 -0.258736 -0.293885
v -0.104471 -0.282169 -0.301696
v -0.125951 -0.295838 -0.299743
v -0.131809 -0.338798 -0.301696
v -0.131809 -0.338798 -0.301696
v -0.116187 -0.436434 -0.305601
v -0.116187 -0.436434 -0.305601
v -0.106423 -0.559455 -0.307554
v -0.084943 -0.553597 -0.309507
v -0.084943 -0.553597 -0.309507
v -0.084943 -0.553597 -0.309507
v -0.067369 -0.590699 -0.307554
v -0.067369 -0.590699 -0.307554
v -0.084943 -0.608273 -0.309507
v -0.084943 -0.608273 -0.309507
v -0.084943 -0.608273 -0.309507
v 0.131809 -0.440339 -0.301696
v 0.131809 -0.440339 -0.301696
v -0.131809 -0.440339 -0.301696
v -0.131809 -0.440339 -0.301696
v 0.147431 -0.565313 -0.295838
v 0.147431 -0.565313 -0.295838
v 0.145478 -0.438386 -0.297790
v 0.145478 -0.438386 -0.297790
v 0.143525 -0.309507 -0.295838
v 0.145478 -0.340750 -0.297790
v 0.145478 -0.340750 -0.297790
v -0.147431 -0.565313 -0.295838
v -0.147431 -0.565313 -0.295838
v -0.145478 -0.438386 -0.297790
v -0.145478 -0.438386 -0.297790
v -0.143525 -0.309507 -0.295838
v -0.145478 -0.340750 -0.297790
v -0.145478 -0.340750 -0.297790
v -0.131809 -0.274358 -0.291932
v 0.149383 -0.289979 -0.289979
v -0.149383 -0.289979 -0.289979
v -0.090802 -0.225540 -0.286074
v -0.061511 -0.217729 -0.288027
v -0.118140 -0.239209 -0.284121
v -0.161100 -0.270452 -0.280216
v -0.141572 -0.254830 -0.282169
v 0.118140 -0.239209 -0.284121
v 0.161100 -0.270452 -0.280216
v 0.141572 -0.254830 -0.282169
v -0.159147 -0.330987 -0.289979
v -0.157194 -0.432528 -0.291932
v -0.157194 -0.432528 -0.291932
v -0.157194 -0.432528 -0.291932
v 0.159147 -0.330987 -0.289979
v 0.157194 -0.432528 -0.291932
v 0.157194 -0.432528 -0.291932
v 0.157194 -0.432528 -0.291932
v -0.157194 -0.348561 -0.291932
v -0.157194 -0.348561 -0.291932
v -0.157194 -0.348561 -0.291932
v 0.157194 -0.348561 -0.291932
v 0.157194 -0.348561 -0.291932
v 0.157194 -0.348561 -0.291932
v -0.178674 -0.254830 -0.266547
v -0.151336 -0.237256 -0.270452
v -0.258736 -0.317318 -0.231398
v -0.258736 -0.317318 -0.231398
v -0.067369 -0.196249 -0.274358
v -0.125951 -0.217729 -0.270452
v -0.096660 -0.204060 -0.272405
v -0.067369 -0.598510 -0.311459
v -0.067369 -0.598510 -0.311459
v -0.067369 -0.598510 -0.311459
v -0.250925 -0.280216 -0.229445
v -0.250925 -0.280216 -0.229445
v -0.262641 -0.352467 -0.229445
v -0.262641 -0.352467 -0.229445
v -0.165005 -0.364183 -0.288027
v -0.165005 -0.364183 -0.288027
v -0.264594 -0.385663 -0.227492
v -0.264594 -0.385663 -0.227492
v -0.166958 -0.385663 -0.286074
v -0.166958 -0.385663 -0.286074
v -0.165005 -0.416906 -0.288027
v -0.165005 -0.416906 -0.288027
v -0.176721 -0.549692 -0.278263
v -0.176721 -0.549692 -0.278263
v -0.264594 -0.493063 -0.225540
v -0.264594 -0.493063 -0.225540
v -0.264594 -0.493063 -0.225540
v -0.241161 -0.243114 -0.225540
v -0.241161 -0.243114 -0.225540
v -0.034173 -0.190391 -0.276310
v -0.000976 -0.188438 -0.278263
v 0.034173 -0.190391 -0.276310
v 0.067369 -0.196249 -0.274358
v 0.096660 -0.204060 -0.272405
v -0.036125 -0.170863 -0.262641
v -0.071274 -0.176721 -0.258736
v 0.125951 -0.217729 -0.270452
v 0.151336 -0.237256 -0.270452
v 0.178674 -0.254830 -0.266547
v 0.036125 -0.170863 -0.262641
v -0.159147 -0.217729 -0.254830
v -0.102518 -0.184532 -0.256783
v -0.196249 -0.209918 -0.231398
v -0.196249 -0.209918 -0.231398
v -0.168911 -0.190391 -0.233350
v -0.168911 -0.190391 -0.233350
v -0.168911 -0.190391 -0.233350
v -0.131809 -0.198201 -0.254830
v 0.071274 -0.176721 -0.258736
v -0.000976 -0.168911 -0.262641
v 0.258736 -0.317318 -0.231398
v 0.258736 -0.317318 -0.231398
v 0.250925 -0.280216 -0.229445
v 0.250925 -0.280216 -0.229445
v 0.102518 -0.184532 -0.256783
v 0.262641 -0.352467 -0.229445
v 0.262641 -0.352467 -0.229445
v 0.165005 -0.364183 -0.288027
v 0.165005 -0.364183 -0.288027
v 0.176721 -0.580935 -0.278263
v 0.176721 -0.580935 -0.278263
v 0.176721 -0.580935 -0.278263
v 0.264594 -0.385663 -0.227492
v 0.264594 -0.385663 -0.227492
v 0.166958 -0.385663 -0.286074
v 0.166958 -0.385663 -0.286074
v 0.264594 -0.493063 -0.225540
v 0.264594 -0.493063 -0.225540
v 0.264594 -0.493063 -0.225540
v 0.165005 -0.416906 -0.288027
v 0.165005 -0.416906 -0.288027
v 0.241161 -0.243114 -0.225540
v 0.241161 -0.243114 -0.225540
v 0.241161 -0.243114 -0.225540
v 0.159147 -0.217729 -0.254830
v 0.131809 -0.198201 -0.254830
v 0.168911 -0.190391 -0.233350
v 0.168911 -0.190391 -0.233350
v 0.196249 -0.209918 -0.231398
v 0.196249 -0.209918 -0.231398
v -0.075180 -0.157194 -0.241161
v -0.075180 -0.157194 -0.241161
v 0.075180 -0.157194 -0.241161
v 0.075180 -0.157194 -0.241161
v -0.108376 -0.165005 -0.237256
v -0.108376 -0.165005 -0.237256
v 0.108376 -0.165005 -0.237256
v 0.108376 -0.165005 -0.237256
v -0.137667 -0.176721 -0.235303
v -0.137667 -0.176721 -0.235303
v 0.137667 -0.176721 -0.235303
v 0.137667 -0.176721 -0.235303
v -0.038078 -0.153289 -0.245067
v -0.038078 -0.153289 -0.245067
v -0.000976 -0.151336 -0.247020
v -0.000976 -0.151336 -0.247020
v 0.038078 -0.153289 -0.245067
v 0.038078 -0.153289 -0.245067
v 0.104471 -0.373947 -0.313412
v 0.104471 -0.373947 -0.313412
v 0.110329 -0.356372 -0.313412
v 0.110329 -0.356372 -0.313412
v -0.104471 -0.373947 -0.313412
v -0.104471 -0.373947 -0.313412
v -0.110329 -0.356372 -0.313412
v -0.110329 -0.356372 -0.313412
v 0.104471 -0.411048 -0.313412
v 0.104471 -0.411048 -0.313412
v -0.104471 -0.411048 -0.313412
v -0.104471 -0.411048 -0.313412
v 0.120092 -0.344656 -0.311459
v 0.120092 -0.344656 -0.311459
v 0.120092 -0.344656 -0.311459
v 0.110329 -0.428623 -0.313412
v 0.110329 -0.428623 -0.313412
v 0.110329 -0.428623 -0.313412
v -0.120092 -0.344656 -0.311459
v -0.120092 -0.344656 -0.311459
v -0.120092 -0.344656 -0.311459
v -0.110329 -0.428623 -0.313412
v -0.110329 -0.428623 -0.313412
v -0.110329 -0.428623 -0.313412
v -0.030267 0.137667 -0.233350
v 0.030267 0.137667 -0.233350
v 0.028314 0.041984 -0.217729
v -0.028314 0.041984 -0.217729
v -0.030267 0.147431 -0.235303
v 0.030267 0.147431 -0.235303
v -0.032220 0.248972 -0.252878
v 0.032220 0.248972 -0.252878
v -0.034173 0.286074 -0.258736
v 0.034173 0.286074 -0.258736
v -0.000976 -0.000976 -0.206012
v -0.084943 -0.002929 -0.200154
v -0.084943 -0.002929 -0.200154
v -0.088849 0.028314 -0.206012
v -0.088849 0.028314 -0.206012
v -0.098613 0.123998 -0.219681
v -0.098613 0.123998 -0.219681
v -0.110329 0.219681 -0.233350
v -0.110329 0.219681 -0.233350
v -0.116187 0.284121 -0.241161
v -0.116187 0.284121 -0.241161
v 0.084943 -0.002929 -0.200154
v 0.084943 -0.002929 -0.200154
v 0.088849 0.028314 -0.206012
v 0.088849 0.028314 -0.206012
v 0.098613 0.123998 -0.219681
v 0.098613 0.123998 -0.219681
v 0.110329 0.219681 -0.233350
v 0.110329 0.219681 -0.233350
v 0.116187 0.284121 -0.241161
v 0.116187 0.284121 -0.241161
v -0.081038 -0.030267 -0.186485
v -0.081038 -0.030267 -0.186485
v -0.081038 -0.030267 -0.186485
v -0.000976 -0.034173 -0.188438
v -0.000976 -0.034173 -0.188438
v 0.081038 -0.041984 -0.176721
v 0.081038 -0.041984 -0.176721
v 0.081038 -0.041984 -0.176721
v 0.118140 0.288027 -0.245067
v -0.118140 0.288027 -0.245067
v 0.170863 0.282169 -0.200154
v 0.170863 0.282169 -0.200154
v 0.176721 0.334892 -0.202107
v 0.176721 0.334892 -0.202107
v 0.176721 0.334892 -0.202107
v 0.123998 0.340750 -0.247020
v 0.123998 0.340750 -0.247020
v 0.123998 0.340750 -0.247020
v 0.036125 0.288027 -0.262641
v 0.038078 0.342703 -0.264594
v 0.038078 0.342703 -0.264594
v -0.038078 0.342703 -0.264594
v -0.038078 0.342703 -0.264594
v -0.036125 0.288027 -0.262641
v -0.123998 0.340750 -0.247020
v -0.123998 0.340750 -0.247020
v -0.123998 0.340750 -0.247020
v -0.176721 0.334892 -0.202107
v -0.176721 0.334892 -0.202107
v -0.176721 0.334892 -0.202107
v -0.170863 0.282169 -0.200154
v -0.170863 0.282169 -0.200154
v -0.172816 0.379805 0.057605
v -0.172816 0.379805 0.057605
v -0.209918 0.370041 -0.038078
v -0.161100 0.340750 0.055653
v -0.161100 0.340750 0.055653
v -0.241161 0.504779 -0.030267
v -0.241161 0.504779 -0.030267
v -0.202107 0.336845 -0.038078
v -0.194296 0.504779 0.065416
v -0.194296 0.504779 0.065416
v -0.194296 0.504779 0.065416
v -0.186485 0.340750 -0.151336
v -0.186485 0.340750 -0.151336
v -0.194296 0.373947 -0.149383
v -0.194296 0.373947 -0.149383
v -0.227492 0.508684 -0.139620
v -0.227492 0.508684 -0.139620
v -0.227492 0.508684 -0.139620
v -0.204060 0.332939 -0.038078
v -0.204060 0.332939 -0.038078
v -0.161100 0.334892 0.057605
v -0.161100 0.334892 0.057605
v -0.161100 0.334892 0.057605
v 0.172816 0.379805 0.057605
v 0.172816 0.379805 0.057605
v 0.161100 0.340750 0.055653
v 0.161100 0.340750 0.055653
v 0.209918 0.370041 -0.038078
v 0.241161 0.504779 -0.030267
v 0.241161 0.504779 -0.030267
v 0.202107 0.336845 -0.038078
v 0.194296 0.504779 0.065416
v 0.194296 0.504779 0.065416
v 0.194296 0.504779 0.065416
v 0.186485 0.340750 -0.151336
v 0.186485 0.340750 -0.151336
v 0.194296 0.373947 -0.149383
v 0.194296 0.373947 -0.149383
v 0.227492 0.508684 -0.139620
v 0.227492 0.508684 -0.139620
v 0.227492 0.508684 -0.139620
v 0.204060 0.332939 -0.038078
v 0.204060 0.332939 -0.038078
v 0.204060 0.332939 -0.038078
v 0.161100 0.334892 0.057605
v 0.161100 0.334892 0.057605
v 0.161100 0.334892 0.057605
v -0.123998 0.893371 0.104471
v -0.123998 0.893371 0.104471
v -0.123998 0.893371 0.104471
v -0.125951 0.772302 0.094707
v -0.055653 0.782066 0.043936
v -0.055653 0.782066 0.043936
v -0.051747 0.893371 0.051747
v -0.051747 0.893371 0.051747
v -0.051747 0.893371 0.051747
v -0.125951 0.766444 0.090802
v -0.125951 0.766444 0.090802
v -0.059558 0.772302 0.041984
v -0.059558 0.772302 0.041984
v -0.059558 0.772302 0.041984
v -0.213823 0.893371 0.100565
v -0.213823 0.893371 0.100565
v -0.213823 0.893371 0.100565
v -0.207965 0.772302 0.090802
v -0.207965 0.772302 0.090802
v -0.206012 0.766444 0.086896
v -0.206012 0.766444 0.086896
v -0.206012 0.766444 0.086896
v 0.123998 0.893371 0.104471
v 0.123998 0.893371 0.104471
v 0.123998 0.893371 0.104471
v 0.123998 0.893371 0.104471
v 0.055653 0.782066 0.043936
v 0.055653 0.782066 0.043936
v 0.125951 0.772302 0.094707
v 0.051747 0.893371 0.051747
v 0.051747 0.893371 0.051747
v 0.051747 0.893371 0.051747
v 0.059558 0.772302 0.041984
v 0.059558 0.772302 0.041984
v 0.059558 0.772302 0.041984
v 0.125951 0.766444 0.090802
v 0.125951 0.766444 0.090802
v 0.213823 0.893371 0.100565
v 0.213823 0.893371 0.100565
v 0.213823 0.893371 0.100565
v 0.207965 0.772302 0.090802
v 0.207965 0.772302 0.090802
v 0.206012 0.766444 0.086896
v 0.206012 0.766444 0.086896
v 0.206012 0.766444 0.086896
v -0.284121 0.862127 -0.071274
v -0.252878 0.772302 -0.055653
v -0.252878 0.772302 -0.055653
v -0.268499 0.862127 -0.010740
v -0.303649 0.895324 -0.114234
v -0.303649 0.895324 -0.114234
v -0.303649 0.895324 -0.114234
v -0.264594 0.893371 0.036125
v -0.264594 0.893371 0.036125
v -0.301696 0.864080 -0.116187
v -0.301696 0.864080 -0.116187
v -0.286074 0.828931 -0.127903
v -0.286074 0.828931 -0.127903
v -0.248972 0.785971 -0.084943
v -0.248972 0.785971 -0.084943
v -0.248972 0.785971 -0.084943
v -0.262641 0.774255 -0.012693
v -0.262641 0.774255 -0.012693
v -0.258736 0.774255 0.026362
v -0.254830 0.766444 0.020504
v -0.254830 0.766444 0.020504
v -0.270452 0.809404 -0.125951
v -0.270452 0.809404 -0.125951
v -0.270452 0.809404 -0.125951
v -0.270452 0.803546 -0.125951
v -0.270452 0.803546 -0.125951
v -0.270452 0.803546 -0.125951
v -0.248972 0.784018 -0.088849
v -0.248972 0.784018 -0.088849
v -0.274358 0.815262 -0.133762
v -0.274358 0.815262 -0.133762
v -0.274358 0.815262 -0.133762
v 0.268499 0.862127 -0.010740
v 0.252878 0.772302 -0.055653
v 0.252878 0.772302 -0.055653
v 0.284121 0.862127 -0.071274
v 0.303649 0.895324 -0.114234
v 0.303649 0.895324 -0.114234
v 0.303649 0.895324 -0.114234
v 0.264594 0.893371 0.036125
v 0.264594 0.893371 0.036125
v 0.301696 0.864080 -0.116187
v 0.301696 0.864080 -0.116187
v 0.286074 0.828931 -0.127903
v 0.286074 0.828931 -0.127903
v 0.248972 0.785971 -0.084943
v 0.248972 0.785971 -0.084943
v 0.248972 0.785971 -0.084943
v 0.262641 0.774255 -0.012693
v 0.262641 0.774255 -0.012693
v 0.258736 0.774255 0.026362
v 0.254830 0.766444 0.020504
v 0.254830 0.766444 0.020504
v 0.270452 0.809404 -0.125951
v 0.270452 0.809404 -0.125951
v 0.270452 0.809404 -0.125951
v 0.270452 0.803546 -0.125951
v 0.270452 0.803546 -0.125951
v 0.270452 0.803546 -0.125951
v 0.248972 0.784018 -0.088849
v 0.248972 0.784018 -0.088849
v 0.274358 0.815262 -0.133762
v 0.274358 0.815262 -0.133762
v 0.274358 0.815262 -0.133762
v -0.248972 0.590699 -0.135714
v -0.248972 0.590699 -0.135714
v -0.248972 0.590699 -0.135714
v -0.254830 0.510637 -0.026362
v -0.262641 0.578983 -0.022456
v -0.262641 0.578983 -0.022456
v -0.239209 0.514543 -0.147431
v -0.239209 0.514543 -0.147431
v -0.250925 0.504779 -0.028314
v -0.250925 0.504779 -0.028314
v -0.235303 0.508684 -0.145478
v -0.235303 0.508684 -0.145478
v -0.235303 0.508684 -0.145478
v -0.211870 0.578983 0.081038
v -0.211870 0.578983 0.081038
v -0.211870 0.578983 0.081038
v -0.202107 0.510637 0.079085
v -0.202107 0.510637 0.079085
v -0.198201 0.504779 0.075180
v -0.198201 0.504779 0.075180
v -0.198201 0.504779 0.075180
v 0.248972 0.590699 -0.135714
v 0.248972 0.590699 -0.135714
v 0.248972 0.590699 -0.135714
v 0.262641 0.578983 -0.022456
v 0.262641 0.578983 -0.022456
v 0.254830 0.510637 -0.026362
v 0.239209 0.514543 -0.147431
v 0.239209 0.514543 -0.147431
v 0.250925 0.504779 -0.028314
v 0.250925 0.504779 -0.028314
v 0.235303 0.508684 -0.145478
v 0.235303 0.508684 -0.145478
v 0.235303 0.508684 -0.145478
v 0.211871 0.578983 0.081038
v 0.211871 0.578983 0.081038
v 0.211871 0.578983 0.081038
v 0.202107 0.510637 0.079085
v 0.202107 0.510637 0.079085
v 0.198201 0.504779 0.075180
v 0.198201 0.504779 0.075180
v 0.198201 0.504779 0.075180
v -0.016598 0.612179 -0.041984
v -0.016598 0.612179 -0.041984
v -0.030267 0.536023 0.047842
v -0.030267 0.536023 0.047842
v -0.000976 0.545786 -0.047842
v -0.045889 0.602415 0.053700
v -0.045889 0.602415 0.053700
v -0.045889 0.602415 0.053700
v -0.002929 0.537975 -0.049794
v -0.002929 0.537975 -0.049794
v -0.032220 0.528212 0.043936
v -0.032220 0.528212 0.043936
v -0.032220 0.528212 0.043936
v -0.034173 0.549692 -0.170863
v -0.034173 0.549692 -0.170863
v -0.049794 0.619990 -0.159147
v -0.049794 0.619990 -0.159147
v -0.049794 0.619990 -0.159147
v -0.036125 0.541881 -0.168911
v -0.036125 0.541881 -0.168911
v -0.036125 0.541881 -0.168911
v 0.016598 0.612179 -0.041984
v 0.016598 0.612179 -0.041984
v 0.000976 0.545786 -0.047842
v 0.030267 0.536023 0.047842
v 0.030267 0.536023 0.047842
v 0.045889 0.602415 0.053700
v 0.045889 0.602415 0.053700
v 0.045889 0.602415 0.053700
v 0.002929 0.537975 -0.049794
v 0.002929 0.537975 -0.049794
v 0.032220 0.528212 0.043936
v 0.032220 0.528212 0.043936
v 0.032220 0.528212 0.043936
v 0.034173 0.549692 -0.170863
v 0.034173 0.549692 -0.170863
v 0.049794 0.619990 -0.159147
v 0.049794 0.619990 -0.159147
v 0.049794 0.619990 -0.159147
v 0.036125 0.541881 -0.168911
v 0.036125 0.541881 -0.168911
v 0.036125 0.541881 -0.168911
v -0.000976 0.217729 0.114234
v -0.094707 0.129856 0.096660
v -0.000976 0.129856 0.104471
v -0.098613 0.217729 0.106423
v -0.000976 0.276310 0.122045
v -0.100565 0.276310 0.114234
v -0.090802 0.022456 0.092754
v -0.000976 0.022456 0.098613
v -0.088849 -0.010740 0.090802
v -0.000976 -0.010740 0.096660
v 0.090802 0.022456 0.092754
v 0.088849 -0.010740 0.090802
v 0.094707 0.129856 0.096660
v 0.098613 0.217729 0.106423
v 0.100565 0.276310 0.114234
v -0.000976 -0.043936 0.090802
v -0.086896 -0.043936 0.082991
v -0.084943 -0.077133 0.077133
v -0.000976 -0.077133 0.084943
v 0.086896 -0.043936 0.082991
v 0.084943 -0.077133 0.077133
v -0.000976 -0.110329 0.073227
v 0.081038 -0.110329 0.065416
v 0.081038 -0.110329 0.065416
v -0.081038 -0.110329 0.065416
v -0.081038 -0.110329 0.065416
v -0.147431 -0.012693 0.069322
v -0.153289 -0.088849 0.049794
v -0.153289 -0.088849 0.049794
v -0.254830 0.040031 0.067369
v -0.254830 0.040031 0.067369
v -0.202107 0.073227 0.082991
v -0.206012 0.081038 0.086896
v -0.260689 0.047842 0.069322
v -0.260689 0.047842 0.069322
v -0.217729 0.098613 0.090802
v -0.272405 0.065416 0.073227
v -0.272405 0.065416 0.073227
v -0.233350 0.123998 0.088849
v -0.233350 0.123998 0.088849
v -0.288027 0.090802 0.071274
v -0.288027 0.090802 0.071274
v -0.288027 0.090802 0.071274
v -0.174769 0.153289 0.073227
v -0.174769 0.153289 0.073227
v -0.147431 0.082991 0.065416
v -0.159147 0.112282 0.069322
v 0.147431 -0.012693 0.069322
v 0.153289 -0.088849 0.049794
v 0.153289 -0.088849 0.049794
v 0.254830 0.040031 0.067369
v 0.254830 0.040031 0.067369
v 0.202107 0.073227 0.082991
v 0.260689 0.047842 0.069322
v 0.260689 0.047842 0.069322
v 0.159147 0.112282 0.069322
v 0.206012 0.081038 0.086896
v 0.217729 0.098613 0.090802
v 0.272405 0.065416 0.073227
v 0.272405 0.065416 0.073227
v 0.233350 0.123998 0.088849
v 0.233350 0.123998 0.088849
v 0.288027 0.090802 0.071274
v 0.288027 0.090802 0.071274
v 0.288027 0.090802 0.071274
v 0.174769 0.153289 0.073227
v 0.174769 0.153289 0.073227
v 0.147431 0.082991 0.065416
v -0.000976 -0.133762 0.057605
v -0.000976 -0.133762 0.057605
v 0.170863 0.274358 0.075180
v 0.170863 0.274358 0.075180
v -0.071274 -0.133762 0.047842
v -0.071274 -0.133762 0.047842
v -0.071274 -0.133762 0.047842
v -0.071274 -0.133762 0.047842
v 0.161100 0.202107 0.065416
v 0.161100 0.202107 0.065416
v 0.155242 0.147431 0.059558
v 0.161100 0.163052 0.059558
v 0.161100 0.163052 0.059558
v 0.161100 0.163052 0.059558
v -0.155242 0.147431 0.059558
v -0.161100 0.163052 0.059558
v -0.161100 0.163052 0.059558
v -0.161100 0.163052 0.059558
v -0.161100 0.202107 0.065416
v -0.161100 0.202107 0.065416
v -0.170863 0.274358 0.075180
v -0.170863 0.274358 0.075180
v 0.071274 -0.133762 0.047842
v 0.071274 -0.133762 0.047842
v 0.071274 -0.133762 0.047842
v -0.000976 0.280216 0.125951
v 0.102518 0.280216 0.118140
v -0.000976 0.330987 0.131809
v -0.000976 0.330987 0.131809
v 0.104471 0.330987 0.123998
v 0.104471 0.330987 0.123998
v -0.102518 0.280216 0.118140
v -0.104471 0.330987 0.123998
v -0.104471 0.330987 0.123998
v -0.172816 0.276310 0.077133
v -0.172816 0.276310 0.077133
v -0.180627 0.329034 0.082991
v -0.180627 0.329034 0.082991
v -0.180627 0.329034 0.082991
v 0.172816 0.276310 0.077133
v 0.172816 0.276310 0.077133
v 0.180627 0.329034 0.082991
v 0.180627 0.329034 0.082991
v 0.180627 0.329034 0.082991
v -0.141572 0.539928 -0.209918
v -0.155242 0.614132 -0.196249
v -0.155242 0.614132 -0.196249
v -0.139620 0.532117 -0.206012
v -0.139620 0.532117 -0.206012
v 0.141572 0.539928 -0.209918
v 0.155242 0.614132 -0.196249
v 0.155242 0.614132 -0.196249
v 0.139620 0.532117 -0.206012
v 0.139620 0.532117 -0.206012
v 0.028314 0.434481 -0.213823
v 0.028314 0.434481 -0.213823
v 0.030267 0.393474 -0.227492
v -0.000976 0.393474 -0.229445
v -0.000976 0.434481 -0.213823
v -0.000976 0.434481 -0.213823
v -0.028314 0.434481 -0.213823
v -0.028314 0.434481 -0.213823
v -0.030267 0.393474 -0.227492
v 0.114234 0.405190 -0.211871
v 0.114234 0.405190 -0.211871
v -0.114234 0.405190 -0.211871
v -0.114234 0.405190 -0.211871
v 0.104471 0.348561 -0.213823
v 0.030267 0.350514 -0.225540
v -0.000976 0.350514 -0.227492
v -0.000976 0.344656 -0.229445
v -0.000976 0.344656 -0.229445
v 0.030267 0.344656 -0.227492
v 0.030267 0.344656 -0.227492
v 0.104471 0.342703 -0.215776
v 0.104471 0.342703 -0.215776
v -0.030267 0.350514 -0.225540
v -0.030267 0.344656 -0.227492
v -0.030267 0.344656 -0.227492
v -0.104471 0.348561 -0.213823
v -0.104471 0.342703 -0.215776
v -0.104471 0.342703 -0.215776
v 0.139620 0.532117 -0.196249
v 0.139620 0.532117 -0.196249
v 0.041984 0.539928 -0.163052
v 0.041984 0.539928 -0.163052
v 0.041984 0.539928 -0.163052
v 0.024409 0.461819 -0.178674
v 0.024409 0.461819 -0.178674
v 0.024409 0.461819 -0.178674
v -0.139620 0.532117 -0.196249
v -0.139620 0.532117 -0.196249
v -0.041984 0.539928 -0.163052
v -0.041984 0.539928 -0.163052
v -0.041984 0.539928 -0.163052
v -0.024409 0.461819 -0.178674
v -0.024409 0.461819 -0.178674
v -0.024409 0.461819 -0.178674
v -0.340750 0.375899 -0.114234
v -0.321223 0.276310 -0.098613
v -0.344656 0.274358 -0.057605
v -0.366136 0.377852 -0.069322
v -0.373947 0.424717 -0.075180
v -0.346608 0.420812 -0.120092
v -0.307554 0.151336 -0.045889
v -0.284121 0.159147 -0.084943
v -0.278263 0.088849 -0.040031
v -0.278263 0.088849 -0.040031
v -0.256783 0.102518 -0.079085
v -0.256783 0.102518 -0.079085
v -0.307554 0.323176 -0.123998
v -0.371994 0.379805 -0.014645
v -0.348561 0.278263 -0.012693
v -0.377852 0.428623 -0.016598
v -0.309507 0.155242 -0.002929
v -0.280216 0.086896 0.000976
v -0.280216 0.086896 0.000976
v -0.362230 0.428623 0.028314
v -0.362230 0.428623 0.028314
v -0.356372 0.385663 0.028314
v -0.356372 0.385663 0.028314
v -0.346608 0.325128 0.024409
v -0.346608 0.325128 0.024409
v -0.336845 0.286074 0.014645
v -0.336845 0.286074 0.014645
v -0.295838 0.166958 0.030267
v -0.295838 0.166958 0.030267
v -0.264594 0.096660 0.034173
v -0.264594 0.096660 0.034173
v -0.264594 0.096660 0.034173
v -0.297790 0.370041 -0.141572
v -0.297790 0.370041 -0.141572
v -0.297790 0.370041 -0.141572
v -0.268499 0.368088 -0.161100
v -0.272405 0.422765 -0.155242
v -0.272405 0.422765 -0.155242
v -0.272405 0.422765 -0.155242
v -0.311459 0.414954 -0.139620
v -0.311459 0.414954 -0.139620
v -0.327081 0.498921 -0.075180
v -0.327081 0.498921 -0.075180
v -0.313412 0.489157 -0.108376
v -0.313412 0.489157 -0.108376
v -0.327081 0.500874 -0.034173
v -0.327081 0.500874 -0.034173
v -0.319270 0.493063 0.004882
v -0.319270 0.493063 0.004882
v -0.319270 0.493063 0.004882
v -0.252878 0.414954 -0.165005
v -0.252878 0.414954 -0.165005
v -0.256783 0.321223 -0.139620
v -0.256783 0.321223 -0.139620
v -0.256783 0.321223 -0.139620
v -0.278263 0.288027 -0.108376
v -0.278263 0.288027 -0.108376
v -0.239209 0.360277 -0.165005
v -0.239209 0.360277 -0.165005
v -0.239209 0.360277 -0.165005
v -0.239209 0.360277 -0.165005
v -0.219681 0.125951 -0.090802
v -0.219681 0.125951 -0.090802
v -0.219681 0.125951 -0.090802
v -0.286074 0.475488 -0.122045
v -0.286074 0.475488 -0.122045
v -0.286074 0.475488 -0.122045
v 0.340750 0.375899 -0.114234
v 0.344656 0.274358 -0.057605
v 0.321223 0.276310 -0.098613
v 0.366136 0.377852 -0.069322
v 0.373947 0.424717 -0.075180
v 0.346608 0.420812 -0.120092
v 0.307554 0.151336 -0.045889
v 0.284121 0.159147 -0.084943
v 0.278263 0.088849 -0.040031
v 0.278263 0.088849 -0.040031
v 0.256783 0.102518 -0.079085
v 0.256783 0.102518 -0.079085
v 0.307554 0.323176 -0.123998
v 0.371994 0.379805 -0.014645
v 0.348561 0.278263 -0.012693
v 0.377852 0.428623 -0.016598
v 0.309507 0.155242 -0.002929
v 0.280216 0.086896 0.000976
v 0.280216 0.086896 0.000976
v 0.362230 0.428623 0.028314
v 0.362230 0.428623 0.028314
v 0.356372 0.385663 0.028314
v 0.356372 0.385663 0.028314
v 0.346608 0.325128 0.024409
v 0.346608 0.325128 0.024409
v 0.336845 0.286074 0.014645
v 0.336845 0.286074 0.014645
v 0.295838 0.166958 0.030267
v 0.295838 0.166958 0.030267
v 0.264594 0.096660 0.034173
v 0.264594 0.096660 0.034173
v 0.264594 0.096660 0.034173
v 0.297790 0.370041 -0.141572
v 0.297790 0.370041 -0.141572
v 0.297790 0.370041 -0.141572
v 0.268499 0.368088 -0.161100
v 0.272405 0.422765 -0.155242
v 0.272405 0.422765 -0.155242
v 0.272405 0.422765 -0.155242
v 0.311459 0.414954 -0.139620
v 0.311459 0.414954 -0.139620
v 0.327081 0.498921 -0.075180
v 0.327081 0.498921 -0.075180
v 0.313412 0.489157 -0.108376
v 0.313412 0.489157 -0.108376
v 0.327081 0.500874 -0.034173
v 0.327081 0.500874 -0.034173
v 0.319270 0.493063 0.004882
v 0.319270 0.493063 0.004882
v 0.319270 0.493063 0.004882
v 0.252878 0.414954 -0.165005
v 0.252878 0.414954 -0.165005
v 0.256783 0.321223 -0.139620
v 0.256783 0.321223 -0.139620
v 0.256783 0.321223 -0.139620
v 0.278263 0.288027 -0.108376
v 0.278263 0.288027 -0.108376
v 0.239209 0.360277 -0.165005
v 0.239209 0.360277 -0.165005
v 0.239209 0.360277 -0.165005
v 0.239209 0.360277 -0.165005
v 0.219681 0.125951 -0.090802
v 0.219681 0.125951 -0.090802
v 0.219681 0.125951 -0.090802
v 0.286074 0.475488 -0.122045
v 0.286074 0.475488 -0.122045
v 0.286074 0.475488 -0.122045
v -0.086896 0.895324 -0.123998
v -0.086896 0.895324 -0.123998
v -0.090802 0.862127 -0.123998
v -0.102518 0.866033 -0.176721
v -0.100565 0.895324 -0.178674
v -0.100565 0.895324 -0.178674
v -0.116187 0.791829 -0.125951
v -0.116187 0.791829 -0.125951
v -0.122045 0.832837 -0.186485
v -0.086896 0.862127 -0.118140
v -0.073227 0.862127 -0.084943
v -0.088849 0.782066 -0.102518
v -0.043936 0.895324 -0.012693
v -0.043936 0.895324 -0.012693
v -0.047842 0.784018 -0.016598
v -0.075180 0.782066 -0.082991
v -0.051747 0.774255 -0.018551
v -0.051747 0.774255 -0.018551
v -0.081038 0.774255 -0.081038
v -0.081038 0.774255 -0.081038
v -0.092754 0.774255 -0.098613
v -0.092754 0.774255 -0.098613
v -0.133762 0.811357 -0.170863
v -0.133762 0.811357 -0.170863
v -0.133762 0.811357 -0.170863
v -0.118140 0.787924 -0.129856
v -0.118140 0.787924 -0.129856
v -0.133762 0.805498 -0.170863
v -0.133762 0.805498 -0.170863
v -0.133762 0.805498 -0.170863
v -0.139620 0.815262 -0.188438
v -0.139620 0.815262 -0.188438
v -0.100565 0.866033 -0.180627
v -0.120092 0.830884 -0.190391
v -0.120092 0.830884 -0.190391
v -0.110329 0.866033 -0.204060
v -0.096660 0.895324 -0.180627
v -0.096660 0.895324 -0.180627
v -0.106423 0.895324 -0.207965
v -0.106423 0.895324 -0.207965
v -0.125951 0.846506 -0.213823
v -0.143525 0.825026 -0.223587
v -0.143525 0.825026 -0.223587
v -0.159147 0.844553 -0.256783
v -0.159147 0.844553 -0.256783
v -0.159147 0.844553 -0.256783
v -0.151336 0.889466 -0.266547
v -0.151336 0.889466 -0.266547
v -0.151336 0.889466 -0.266547
v -0.118140 0.774255 -0.106423
v -0.118140 0.774255 -0.106423
v -0.118140 0.774255 -0.106423
v -0.118140 0.774255 -0.106423
v -0.139620 0.813309 -0.192343
v -0.139620 0.813309 -0.192343
v 0.086896 0.895324 -0.123998
v 0.086896 0.895324 -0.123998
v 0.102518 0.866033 -0.176721
v 0.090802 0.862127 -0.123998
v 0.100565 0.895324 -0.178674
v 0.100565 0.895324 -0.178674
v 0.116187 0.791829 -0.125951
v 0.116187 0.791829 -0.125951
v 0.086896 0.862127 -0.118140
v 0.073227 0.862127 -0.084943
v 0.088849 0.782066 -0.102518
v 0.043936 0.895324 -0.012693
v 0.043936 0.895324 -0.012693
v 0.047842 0.784018 -0.016598
v 0.075180 0.782066 -0.082991
v 0.133762 0.811357 -0.170863
v 0.133762 0.811357 -0.170863
v 0.133762 0.811357 -0.170863
v 0.118140 0.787924 -0.129856
v 0.118140 0.787924 -0.129856
v 0.133762 0.805498 -0.170863
v 0.133762 0.805498 -0.170863
v 0.133762 0.805498 -0.170863
v 0.092754 0.774255 -0.098613
v 0.092754 0.774255 -0.098613
v 0.081038 0.774255 -0.081038
v 0.081038 0.774255 -0.081038
v 0.051747 0.774255 -0.018551
v 0.051747 0.774255 -0.018551
v 0.122045 0.832837 -0.186485
v 0.139620 0.815262 -0.188438
v 0.139620 0.815262 -0.188438
v 0.100565 0.866033 -0.180627
v 0.120092 0.830884 -0.190391
v 0.120092 0.830884 -0.190391
v 0.110329 0.866033 -0.204060
v 0.096660 0.895324 -0.180627
v 0.096660 0.895324 -0.180627
v 0.106423 0.895324 -0.207965
v 0.106423 0.895324 -0.207965
v 0.125951 0.846506 -0.213823
v 0.143525 0.825026 -0.223587
v 0.143525 0.825026 -0.223587
v 0.159147 0.844553 -0.256783
v 0.159147 0.844553 -0.256783
v 0.151336 0.889466 -0.266547
v 0.151336 0.889466 -0.266547
v 0.151336 0.889466 -0.266547
v 0.118140 0.774255 -0.106423
v 0.118140 0.774255 -0.106423
v 0.118140 0.774255 -0.106423
v 0.118140 0.774255 -0.106423
v 0.139620 0.813309 -0.192343
v 0.139620 0.813309 -0.192343
v -0.211870 0.274358 -0.002929
v -0.211870 0.239209 -0.055653
v -0.211870 0.239209 -0.055653
v -0.211870 0.239209 -0.055653
v -0.209918 0.243114 -0.006835
v -0.209918 0.243114 -0.006835
v -0.213823 0.276310 -0.090802
v -0.182580 0.147431 -0.069322
v -0.182580 0.147431 -0.069322
v -0.182580 0.147431 -0.069322
v -0.182580 0.166958 -0.100565
v -0.182580 0.166958 -0.100565
v -0.180627 0.145478 -0.096660
v -0.180627 0.145478 -0.096660
v -0.168911 0.280216 -0.198201
v -0.155242 0.188438 -0.186485
v -0.178674 0.163052 -0.116187
v -0.178674 0.163052 -0.116187
v -0.178674 0.163052 -0.116187
v -0.141572 0.116187 -0.174769
v -0.170863 0.122045 -0.116187
v -0.170863 0.122045 -0.116187
v -0.161100 0.061511 -0.116187
v -0.161100 0.061511 -0.116187
v -0.133762 0.049794 -0.153289
v -0.147431 -0.010740 -0.118140
v -0.147431 -0.010740 -0.118140
v -0.149383 -0.057605 -0.114234
v -0.149383 -0.057605 -0.114234
v -0.217729 0.278263 -0.092754
v -0.225540 0.329034 -0.090802
v -0.225540 0.329034 -0.090802
v -0.225540 0.329034 -0.090802
v -0.223587 0.329034 0.002929
v -0.223587 0.329034 0.002929
v -0.215776 0.276310 -0.000976
v -0.168911 0.166958 0.034173
v -0.168911 0.166958 0.034173
v -0.172816 0.151336 0.014645
v -0.172816 0.151336 0.014645
v -0.172816 0.151336 0.014645
v -0.168911 0.149383 0.032220
v -0.168911 0.149383 0.032220
v -0.178674 0.143525 0.049794
v -0.178674 0.143525 0.049794
v -0.184532 0.155242 0.059558
v -0.184532 0.155242 0.059558
v -0.000976 -0.163052 0.028314
v -0.000976 -0.163052 0.028314
v -0.000976 -0.176721 0.069322
v 0.020504 -0.163052 0.026362
v 0.020504 -0.163052 0.026362
v 0.071274 -0.176721 0.053700
v 0.036125 -0.188438 0.090802
v 0.045889 -0.163052 0.018551
v 0.045889 -0.163052 0.018551
v 0.065416 -0.161100 0.006835
v 0.065416 -0.161100 0.006835
v 0.065416 -0.161100 0.006835
v 0.077133 -0.190391 0.084943
v 0.106423 -0.180627 0.047842
v 0.116187 -0.170863 0.006835
v 0.118140 -0.196249 0.077133
v -0.000976 -0.198201 0.114234
v -0.020504 -0.163052 0.026362
v -0.020504 -0.163052 0.026362
v 0.041984 -0.204060 0.118140
v 0.082991 -0.206012 0.112282
v -0.036125 -0.188438 0.090802
v -0.071274 -0.176721 0.053700
v -0.077133 -0.190391 0.084943
v -0.045889 -0.163052 0.018551
v -0.045889 -0.163052 0.018551
v -0.065416 -0.161100 0.006835
v -0.065416 -0.161100 0.006835
v -0.065416 -0.161100 0.006835
v -0.041984 -0.204060 0.118140
v -0.082991 -0.206012 0.112282
v -0.106423 -0.180627 0.047842
v -0.116187 -0.170863 0.006835
v -0.118140 -0.196249 0.077133
v 0.075180 -0.159147 -0.012693
v 0.075180 -0.159147 -0.012693
v -0.075180 -0.159147 -0.012693
v -0.075180 -0.159147 -0.012693
v 0.110329 -0.161100 -0.041984
v 0.075180 -0.155242 -0.038078
v 0.075180 -0.155242 -0.038078
v 0.106423 -0.155242 -0.079085
v 0.077133 -0.151336 -0.073227
v -0.110329 -0.161100 -0.041984
v -0.075180 -0.155242 -0.038078
v -0.075180 -0.155242 -0.038078
v -0.106423 -0.155242 -0.079085
v -0.077133 -0.151336 -0.073227
v 0.137667 -0.186485 0.038078
v 0.073227 -0.149383 -0.127903
v 0.051747 -0.147431 -0.088849
v 0.051747 -0.147431 -0.088849
v 0.024409 -0.145478 -0.102518
v 0.024409 -0.145478 -0.102518
v 0.040031 -0.147431 -0.202107
v -0.000976 -0.147431 -0.204060
v -0.000976 -0.145478 -0.106423
v -0.000976 -0.145478 -0.106423
v -0.024409 -0.145478 -0.102518
v -0.024409 -0.145478 -0.102518
v -0.040031 -0.147431 -0.202107
v -0.073227 -0.149383 -0.127903
v -0.051747 -0.147431 -0.088849
v -0.051747 -0.147431 -0.088849
v 0.075180 -0.153289 -0.198201
v 0.110329 -0.157194 -0.127903
v 0.139620 -0.165005 -0.079085
v 0.141572 -0.170863 -0.040031
v 0.145478 -0.178674 -0.000976
v 0.141572 -0.165005 -0.125951
v -0.075180 -0.153289 -0.198201
v -0.110329 -0.157194 -0.127903
v -0.139620 -0.165005 -0.079085
v -0.141572 -0.170863 -0.040031
v -0.145478 -0.178674 -0.000976
v -0.141572 -0.165005 -0.125951
v 0.110329 -0.161100 -0.194296
v -0.110329 -0.161100 -0.194296
v -0.137667 -0.186485 0.038078
v 0.172816 -0.182580 -0.040031
v 0.168911 -0.176721 -0.077133
v -0.172816 -0.182580 -0.040031
v -0.168911 -0.176721 -0.077133
v 0.139620 -0.170863 -0.192343
v 0.174769 -0.190391 -0.002929
v 0.170863 -0.198201 0.030267
v -0.139620 -0.170863 -0.192343
v -0.174769 -0.190391 -0.002929
v -0.170863 -0.198201 0.030267
v 0.161100 -0.206012 0.063464
v -0.161100 -0.206012 0.063464
v 0.069322 -0.149383 -0.059558
v 0.069322 -0.149383 -0.059558
v 0.051747 -0.143525 -0.082991
v 0.051747 -0.143525 -0.082991
v 0.051747 -0.143525 -0.082991
v -0.069322 -0.149383 -0.059558
v -0.069322 -0.149383 -0.059558
v -0.051747 -0.143525 -0.082991
v -0.051747 -0.143525 -0.082991
v -0.051747 -0.143525 -0.082991
v 0.200154 -0.192343 -0.075180
v 0.170863 -0.178674 -0.123998
v 0.168911 -0.184532 -0.188438
v 0.200154 -0.211871 0.028314
v 0.202107 -0.198201 -0.038078
v 0.204060 -0.206012 -0.002929
v 0.147431 -0.217729 0.096660
v 0.192343 -0.219681 0.057605
v 0.116187 -0.211871 0.104471
v 0.231398 -0.215776 -0.036125
v 0.231398 -0.221634 -0.002929
v 0.227492 -0.227492 0.026362
v 0.229445 -0.211871 -0.071274
v 0.221634 -0.235303 0.053700
v 0.043936 -0.219681 0.139620
v -0.000976 -0.217729 0.139620
v -0.043936 -0.219681 0.139620
v 0.198201 -0.194296 -0.120092
v 0.082991 -0.223587 0.135714
v 0.120092 -0.229445 0.127903
v -0.116187 -0.211871 0.104471
v -0.147431 -0.217729 0.096660
v -0.200154 -0.211871 0.028314
v -0.200154 -0.192343 -0.075180
v -0.170863 -0.178674 -0.123998
v -0.168911 -0.184532 -0.188438
v -0.202107 -0.198201 -0.038078
v -0.204060 -0.206012 -0.002929
v -0.192343 -0.219681 0.057605
v -0.082991 -0.223587 0.135714
v -0.120092 -0.229445 0.127903
v -0.000976 -0.235303 0.161100
v 0.178674 -0.227492 0.084943
v -0.231398 -0.215776 -0.036125
v -0.231398 -0.215776 -0.036125
v -0.231398 -0.221634 -0.002929
v -0.231398 -0.221634 -0.002929
v -0.227492 -0.227492 0.026362
v -0.227492 -0.227492 0.026362
v -0.221634 -0.235303 0.053700
v -0.229445 -0.211871 -0.071274
v -0.229445 -0.211871 -0.071274
v -0.178674 -0.227492 0.084943
v -0.198201 -0.194296 -0.120092
v 0.043936 -0.237256 0.159147
v -0.043936 -0.237256 0.159147
v 0.155242 -0.237256 0.118140
v 0.186485 -0.245067 0.106423
v 0.211871 -0.243114 0.077133
v 0.084943 -0.241161 0.155242
v 0.123998 -0.247020 0.147431
v -0.155242 -0.237256 0.118140
v -0.186485 -0.245067 0.106423
v -0.211870 -0.243114 0.077133
v -0.084943 -0.241161 0.155242
v -0.123998 -0.247020 0.147431
v 0.045889 -0.247020 0.168911
v 0.086896 -0.250925 0.165005
v -0.000976 -0.245067 0.170863
v -0.045889 -0.247020 0.168911
v -0.086896 -0.250925 0.165005
v 0.125951 -0.256783 0.157194
v -0.125951 -0.256783 0.157194
v 0.161100 -0.256783 0.137667
v 0.165005 -0.266547 0.147431
v -0.161100 -0.256783 0.137667
v -0.165005 -0.266547 0.147431
v 0.192343 -0.264594 0.123998
v -0.192343 -0.264594 0.123998
v 0.198201 -0.202107 -0.186485
v -0.198201 -0.202107 -0.186485
v -0.198201 -0.202107 -0.186485
v 0.227492 -0.213823 -0.118140
v 0.260689 -0.235303 -0.102518
v 0.260689 -0.235303 -0.102518
v -0.227492 -0.213823 -0.118140
v -0.260689 -0.235303 -0.102518
v -0.260689 -0.235303 -0.102518
v 0.190391 -0.266547 0.153289
v 0.190391 -0.266547 0.153289
v -0.190391 -0.266547 0.153289
v -0.190391 -0.266547 0.153289
v -0.256783 -0.299743 0.120092
v -0.256783 -0.299743 0.120092
v -0.256783 -0.299743 0.120092
v 0.217729 -0.260689 0.094707
v 0.248972 -0.256783 0.049794
v 0.248972 -0.256783 0.049794
v 0.239209 -0.264594 0.073227
v 0.239209 -0.264594 0.073227
v 0.219681 -0.276310 0.112282
v 0.219681 -0.276310 0.112282
v 0.262641 -0.239209 -0.067369
v 0.262641 -0.239209 -0.067369
v 0.256783 -0.237256 -0.137667
v 0.256783 -0.237256 -0.137667
v 0.254830 -0.250925 0.024409
v 0.254830 -0.250925 0.024409
v 0.260689 -0.247020 -0.004882
v 0.260689 -0.247020 -0.004882
v 0.196249 -0.278263 0.135714
v 0.196249 -0.278263 0.135714
v 0.196249 -0.278263 0.135714
v 0.262641 -0.243114 -0.036125
v 0.262641 -0.243114 -0.036125
v -0.217729 -0.260689 0.094707
v -0.248972 -0.256783 0.049794
v -0.248972 -0.256783 0.049794
v -0.239209 -0.264594 0.073227
v -0.239209 -0.264594 0.073227
v -0.219681 -0.276310 0.112282
v -0.219681 -0.276310 0.112282
v -0.196249 -0.278263 0.135714
v -0.196249 -0.278263 0.135714
v -0.196249 -0.278263 0.135714
v -0.256783 -0.237256 -0.137667
v -0.256783 -0.237256 -0.137667
v 0.288027 -0.315365 -0.061511
v 0.291932 -0.327081 -0.032220
v 0.291932 -0.327081 -0.032220
v 0.291932 -0.327081 -0.032220
v 0.291932 -0.346608 -0.057605
v 0.297790 -0.373947 -0.032220
v 0.295838 -0.375899 -0.055653
v 0.286074 -0.327081 -0.092754
v 0.291932 -0.371994 -0.084943
v 0.291932 -0.371994 -0.084943
v 0.291932 -0.371994 -0.084943
v 0.282169 -0.338798 -0.131809
v 0.280216 -0.293885 -0.094707
v 0.276310 -0.305601 -0.133762
v 0.301696 -0.409096 -0.020504
v 0.301696 -0.409096 -0.020504
v 0.284121 -0.371994 -0.131809
v 0.284121 -0.371994 -0.131809
v 0.284121 -0.371994 -0.131809
v 0.268499 -0.268499 -0.135714
v 0.284121 -0.502826 -0.149383
v 0.284121 -0.502826 -0.149383
v 0.284121 -0.502826 -0.149383
v 0.297790 -0.414954 -0.036125
v 0.297790 -0.414954 -0.036125
v 0.297790 -0.414954 -0.036125
v 0.299743 -0.471583 -0.028314
v 0.299743 -0.471583 -0.028314
v 0.299743 -0.471583 -0.028314
v 0.299743 -0.471583 -0.028314
v 0.291932 -0.327081 -0.022456
v 0.291932 -0.327081 -0.022456
v 0.291932 -0.327081 -0.022456
v 0.280216 -0.284121 -0.063464
v 0.270452 -0.258736 -0.096660
v 0.284121 -0.293885 -0.036125
v 0.284121 -0.293885 -0.036125
v 0.280216 -0.274358 -0.034173
v 0.280216 -0.274358 -0.034173
v 0.280216 -0.274358 -0.034173
v 0.272405 -0.256783 -0.065416
v 0.272405 -0.256783 -0.036125
v 0.276310 -0.272405 -0.008787
v 0.276310 -0.272405 -0.008787
v 0.270452 -0.258736 -0.006835
v 0.274358 -0.282169 0.016598
v 0.274358 -0.282169 0.016598
v 0.274358 -0.282169 0.016598
v 0.266547 -0.266547 0.020504
v 0.272405 -0.299743 0.041984
v 0.278263 -0.299743 0.022456
v 0.278263 -0.299743 0.022456
v 0.286074 -0.332939 0.028314
v 0.286074 -0.332939 0.028314
v 0.278263 -0.340750 0.063464
v 0.293885 -0.371994 0.030267
v 0.293885 -0.371994 0.030267
v 0.284121 -0.377852 0.067369
v 0.284121 -0.377852 0.067369
v 0.299743 -0.418859 0.028314
v 0.299743 -0.418859 0.028314
v 0.289979 -0.407143 0.057605
v 0.289979 -0.407143 0.057605
v 0.262641 -0.276310 0.045889
v 0.268499 -0.313412 0.067369
v 0.299743 -0.457914 0.026362
v 0.299743 -0.457914 0.026362
v 0.299743 -0.457914 0.026362
v 0.295838 -0.455961 0.038078
v 0.295838 -0.455961 0.038078
v 0.272405 -0.346608 0.079085
v 0.272405 -0.346608 0.079085
v 0.266547 -0.329034 0.086896
v 0.266547 -0.329034 0.086896
v 0.256783 -0.286074 0.069322
v 0.245067 -0.311459 0.112282
v 0.245067 -0.311459 0.112282
v 0.241161 -0.288027 0.098613
v 0.221634 -0.289979 0.122045
v 0.221634 -0.289979 0.122045
v 0.317318 -0.416906 -0.012693
v 0.317318 -0.416906 -0.012693
v 0.317318 -0.416906 -0.012693
v -0.069322 0.705910 -0.030267
v -0.069322 0.705910 -0.030267
v -0.069322 0.600462 0.006835
v -0.069322 0.600462 0.006835
v -0.069322 0.600462 0.006835
v -0.057605 0.606321 -0.049794
v -0.057605 0.606321 -0.049794
v -0.079085 0.700051 0.020504
v -0.079085 0.700051 0.020504
v -0.079085 0.700051 0.020504
v -0.075180 0.608273 -0.100565
v -0.075180 0.608273 -0.100565
v -0.075180 0.608273 -0.100565
v -0.088849 0.709815 -0.082991
v -0.088849 0.709815 -0.082991
v -0.088849 0.709815 -0.082991
v -0.067369 0.596557 0.010740
v -0.067369 0.596557 0.010740
v 0.069322 0.705910 -0.030267
v 0.069322 0.705910 -0.030267
v 0.057605 0.606321 -0.049794
v 0.057605 0.606321 -0.049794
v 0.069322 0.600462 0.006835
v 0.069322 0.600462 0.006835
v 0.069322 0.600462 0.006835
v 0.079085 0.700051 0.020504
v 0.079085 0.700051 0.020504
v 0.079085 0.700051 0.020504
v 0.075180 0.608273 -0.100565
v 0.075180 0.608273 -0.100565
v 0.075180 0.608273 -0.100565
v 0.088849 0.709815 -0.082991
v 0.088849 0.709815 -0.082991
v 0.088849 0.709815 -0.082991
v 0.067369 0.596557 0.010740
v 0.067369 0.596557 0.010740
v 0.026362 0.440339 0.075180
v 0.026362 0.440339 0.075180
v -0.000976 0.438386 0.075180
v -0.000976 0.438386 0.075180
v -0.000976 0.389568 0.098613
v 0.030267 0.389568 0.098613
v 0.059558 0.442292 0.075180
v 0.059558 0.442292 0.075180
v -0.026362 0.440339 0.075180
v -0.026362 0.440339 0.075180
v -0.030267 0.389568 0.098613
v -0.059558 0.442292 0.075180
v -0.059558 0.442292 0.075180
v -0.100565 0.385663 0.092754
v 0.100565 0.385663 0.092754
v 0.108376 0.403237 0.082991
v -0.108376 0.403237 0.082991
v -0.000976 0.344656 0.100565
v 0.030267 0.344656 0.100565
v -0.030267 0.344656 0.100565
v 0.030267 0.338798 0.102518
v 0.030267 0.338798 0.102518
v -0.030267 0.338798 0.102518
v -0.030267 0.338798 0.102518
v 0.094707 0.336845 0.094707
v 0.094707 0.336845 0.094707
v -0.094707 0.336845 0.094707
v -0.094707 0.336845 0.094707
v 0.094707 0.344656 0.090802
v -0.094707 0.344656 0.090802
v -0.088849 0.516495 0.084943
v -0.088849 0.516495 0.084943
v 0.088849 0.516495 0.084943
v 0.088849 0.516495 0.084943
v -0.000976 0.338798 0.104471
v -0.000976 0.338798 0.104471
v -0.038078 0.526259 0.038078
v -0.038078 0.526259 0.038078
v -0.038078 0.526259 0.038078
v 0.038078 0.526259 0.038078
v 0.038078 0.526259 0.038078
v 0.038078 0.526259 0.038078
v -0.022456 0.467677 0.034173
v -0.022456 0.467677 0.034173
v -0.022456 0.467677 0.034173
v 0.022456 0.467677 0.034173
v 0.022456 0.467677 0.034173
v 0.022456 0.467677 0.034173
v -0.288027 -0.315365 -0.061511
v -0.291932 -0.346608 -0.057605
v -0.291932 -0.327081 -0.032220
v -0.291932 -0.327081 -0.032220
v -0.291932 -0.327081 -0.032220
v -0.297790 -0.373947 -0.032220
v -0.295838 -0.375899 -0.055653
v -0.286074 -0.327081 -0.092754
v -0.291932 -0.371994 -0.084943
v -0.291932 -0.371994 -0.084943
v -0.291932 -0.371994 -0.084943
v -0.282169 -0.338798 -0.131809
v -0.280216 -0.293885 -0.094707
v -0.276310 -0.305601 -0.133762
v -0.301696 -0.409096 -0.020504
v -0.301696 -0.409096 -0.020504
v -0.284121 -0.371994 -0.131809
v -0.284121 -0.371994 -0.131809
v -0.284121 -0.371994 -0.131809
v -0.268499 -0.268499 -0.135714
v -0.284121 -0.493063 -0.147431
v -0.284121 -0.493063 -0.147431
v -0.284121 -0.493063 -0.147431
v -0.297790 -0.414954 -0.036125
v -0.297790 -0.414954 -0.036125
v -0.297790 -0.414954 -0.036125
v -0.299743 -0.471583 -0.028314
v -0.299743 -0.471583 -0.028314
v -0.299743 -0.471583 -0.028314
v -0.299743 -0.471583 -0.028314
v -0.291932 -0.327081 -0.022456
v -0.291932 -0.327081 -0.022456
v -0.291932 -0.327081 -0.022456
v -0.280216 -0.284121 -0.063464
v -0.270452 -0.258736 -0.096660
v -0.284121 -0.293885 -0.036125
v -0.284121 -0.293885 -0.036125
v -0.280216 -0.274358 -0.034173
v -0.280216 -0.274358 -0.034173
v -0.280216 -0.274358 -0.034173
v -0.272405 -0.256783 -0.065416
v -0.272405 -0.256783 -0.036125
v -0.262641 -0.239209 -0.067369
v -0.276310 -0.272405 -0.008787
v -0.276310 -0.272405 -0.008787
v -0.270452 -0.258736 -0.006835
v -0.274358 -0.282169 0.016598
v -0.274358 -0.282169 0.016598
v -0.274358 -0.282169 0.016598
v -0.266547 -0.266547 0.020504
v -0.262641 -0.243114 -0.036125
v -0.272405 -0.299743 0.041984
v -0.278263 -0.299743 0.022456
v -0.278263 -0.299743 0.022456
v -0.286074 -0.332939 0.028314
v -0.286074 -0.332939 0.028314
v -0.278263 -0.340750 0.063464
v -0.293885 -0.371994 0.030267
v -0.293885 -0.371994 0.030267
v -0.284121 -0.377852 0.067369
v -0.284121 -0.377852 0.067369
v -0.299743 -0.418859 0.028314
v -0.299743 -0.418859 0.028314
v -0.289979 -0.407143 0.057605
v -0.289979 -0.407143 0.057605
v -0.262641 -0.276310 0.045889
v -0.268499 -0.313412 0.067369
v -0.299743 -0.457914 0.026362
v -0.299743 -0.457914 0.026362
v -0.295838 -0.455961 0.038078
v -0.295838 -0.455961 0.038078
v -0.272405 -0.346608 0.079085
v -0.272405 -0.346608 0.079085
v -0.266547 -0.329034 0.086896
v -0.266547 -0.329034 0.086896
v -0.256783 -0.286074 0.069322
v -0.260689 -0.247020 -0.004882
v -0.254830 -0.250925 0.024409
v -0.245067 -0.311459 0.112282
v -0.245067 -0.311459 0.112282
v -0.241161 -0.288027 0.098613
v -0.221634 -0.289979 0.122045
v -0.221634 -0.289979 0.122045
v -0.317318 -0.416906 -0.012693
v -0.317318 -0.416906 -0.012693
v -0.317318 -0.416906 -0.012693
v -0.321223 -0.459866 0.030267
v -0.321223 -0.459866 0.030267
v -0.321223 -0.459866 0.030267
v -0.346608 -0.461819 0.053700
v -0.346608 -0.461819 0.053700
v -0.346608 -0.461819 0.053700
v -0.319270 -0.465725 0.024409
v -0.319270 -0.465725 0.024409
v -0.344656 -0.481346 0.000976
v -0.344656 -0.481346 0.000976
v -0.309507 -0.475488 -0.002929
v -0.309507 -0.475488 -0.002929
v -0.309507 -0.475488 -0.002929
v 0.282169 0.022456 0.008787
v 0.163052 -0.112282 0.002929
v 0.163052 -0.112282 0.002929
v 0.163052 -0.106423 -0.051747
v 0.163052 -0.106423 -0.051747
v 0.280216 0.028314 -0.053700
v 0.289979 0.034173 -0.055653
v 0.289979 0.030267 0.010740
v 0.303649 0.045889 0.012693
v 0.301696 0.047842 -0.055653
v 0.317318 0.071274 0.012693
v 0.317318 0.071274 0.012693
v 0.317318 0.075180 -0.053700
v 0.317318 0.075180 -0.053700
v 0.118140 -0.112282 0.045889
v 0.102518 -0.135714 0.006835
v 0.102518 -0.135714 0.006835
v 0.149383 -0.057605 -0.114234
v 0.149383 -0.057605 -0.114234
v 0.149383 -0.057605 -0.114234
v 0.256783 0.061511 -0.112282
v 0.256783 0.061511 -0.112282
v 0.264594 0.071274 -0.114234
v 0.284121 0.100565 -0.110329
v 0.284121 0.100565 -0.110329
v 0.206012 0.088849 -0.122045
v 0.213823 0.098613 -0.123998
v 0.147431 -0.010740 -0.118140
v 0.147431 -0.010740 -0.118140
v 0.229445 0.133762 -0.122045
v 0.229445 0.133762 -0.122045
v 0.170863 0.122045 -0.116187
v 0.170863 0.122045 -0.116187
v 0.178674 0.163052 -0.116187
v 0.178674 0.163052 -0.116187
v 0.178674 0.163052 -0.116187
v 0.161100 0.061511 -0.116187
v 0.161100 0.061511 -0.116187
v -0.282169 0.022456 0.008787
v -0.163052 -0.106423 -0.051747
v -0.163052 -0.106423 -0.051747
v -0.163052 -0.112282 0.002929
v -0.280216 0.028314 -0.053700
v -0.280216 0.028314 -0.053700
v -0.289979 0.030267 0.010740
v -0.289979 0.034173 -0.055653
v -0.289979 0.034173 -0.055653
v -0.303649 0.045889 0.012693
v -0.301696 0.047842 -0.055653
v -0.301696 0.047842 -0.055653
v -0.317318 0.071274 0.012693
v -0.317318 0.071274 0.012693
v -0.317318 0.075180 -0.053700
v -0.317318 0.075180 -0.053700
v -0.317318 0.075180 -0.053700
v -0.102518 -0.135714 0.006835
v -0.102518 -0.135714 0.006835
v -0.102518 -0.131809 -0.049794
v -0.102518 -0.131809 -0.049794
v -0.102518 -0.131809 -0.049794
v -0.118140 -0.112282 0.045889
v -0.104471 0.707862 -0.100565
v -0.104471 0.707862 -0.100565
v -0.088849 0.606321 -0.116187
v -0.088849 0.606321 -0.116187
v -0.151336 0.705910 -0.112282
v -0.151336 0.705910 -0.112282
v -0.139620 0.602415 -0.129856
v -0.086896 0.604368 -0.118140
v -0.086896 0.604368 -0.118140
v -0.139620 0.598510 -0.133762
v -0.139620 0.598510 -0.133762
v -0.207965 0.700051 -0.082991
v -0.207965 0.700051 -0.082991
v -0.192343 0.590699 -0.104471
v -0.192343 0.590699 -0.104471
v -0.215776 0.698099 -0.065416
v -0.215776 0.698099 -0.065416
v -0.202107 0.588746 -0.082991
v -0.202107 0.588746 -0.082991
v -0.225540 0.694193 -0.008787
v -0.225540 0.694193 -0.008787
v -0.225540 0.694193 -0.008787
v -0.211870 0.582888 -0.026362
v -0.211870 0.582888 -0.026362
v -0.211870 0.582888 -0.026362
v 0.104471 0.707862 -0.100565
v 0.104471 0.707862 -0.100565
v 0.151336 0.705910 -0.112282
v 0.151336 0.705910 -0.112282
v 0.088849 0.606321 -0.116187
v 0.088849 0.606321 -0.116187
v 0.139620 0.602415 -0.129856
v 0.086896 0.604368 -0.118140
v 0.086896 0.604368 -0.118140
v 0.139620 0.598510 -0.133762
v 0.139620 0.598510 -0.133762
v 0.207965 0.700051 -0.082991
v 0.207965 0.700051 -0.082991
v 0.192343 0.590699 -0.104471
v 0.192343 0.590699 -0.104471
v 0.215776 0.698099 -0.065416
v 0.215776 0.698099 -0.065416
v 0.202107 0.588746 -0.082991
v 0.202107 0.588746 -0.082991
v 0.225540 0.694193 -0.008787
v 0.225540 0.694193 -0.008787
v 0.225540 0.694193 -0.008787
v 0.211871 0.582888 -0.026362
v 0.211871 0.582888 -0.026362
v 0.211871 0.582888 -0.026362
v -0.362230 -0.340750 0.004882
v -0.362230 -0.340750 0.004882
v -0.373947 -0.366136 0.008787
v -0.373947 -0.366136 0.008787
v -0.375899 -0.389568 0.008787
v -0.375899 -0.389568 0.008787
v -0.375899 -0.389568 0.008787
v -0.340750 -0.327081 -0.002929
v -0.340750 -0.327081 -0.002929
v -0.340750 -0.327081 -0.002929
v -0.364183 -0.407143 0.004882
v -0.364183 -0.407143 0.004882
v -0.342703 -0.416906 -0.002929
v -0.342703 -0.416906 -0.002929
v -0.313412 -0.323176 -0.012693
v -0.313412 -0.323176 -0.012693
v 0.362230 -0.340750 0.004882
v 0.362230 -0.340750 0.004882
v 0.373947 -0.366136 0.008787
v 0.373947 -0.366136 0.008787
v 0.375899 -0.389568 0.008787
v 0.375899 -0.389568 0.008787
v 0.375899 -0.389568 0.008787
v 0.340750 -0.327081 -0.002929
v 0.340750 -0.327081 -0.002929
v 0.340750 -0.327081 -0.002929
v 0.364183 -0.407143 0.004882
v 0.364183 -0.407143 0.004882
v 0.342703 -0.416906 -0.002929
v 0.342703 -0.416906 -0.002929
v 0.313412 -0.323176 -0.012693
v 0.313412 -0.323176 -0.012693
v 0.211871 0.274358 -0.002929
v 0.209918 0.243114 -0.006835
v 0.209918 0.243114 -0.006835
v 0.211871 0.239209 -0.055653
v 0.211871 0.239209 -0.055653
v 0.211871 0.239209 -0.055653
v 0.213823 0.276310 -0.090802
v 0.182580 0.147431 -0.069322
v 0.182580 0.147431 -0.069322
v 0.182580 0.147431 -0.069322
v 0.182580 0.166958 -0.100565
v 0.182580 0.166958 -0.100565
v 0.180627 0.145478 -0.096660
v 0.180627 0.145478 -0.096660
v 0.168911 0.280216 -0.198201
v 0.155242 0.188438 -0.186485
v 0.141572 0.116187 -0.174769
v 0.133762 0.049794 -0.153289
v 0.217729 0.278263 -0.092754
v 0.225540 0.329034 -0.090802
v 0.225540 0.329034 -0.090802
v 0.223587 0.329034 0.002929
v 0.223587 0.329034 0.002929
v 0.215776 0.276310 -0.000976
v 0.168911 0.166958 0.034173
v 0.168911 0.166958 0.034173
v 0.172816 0.151336 0.014645
v 0.172816 0.151336 0.014645
v 0.172816 0.151336 0.014645
v 0.168911 0.149383 0.032220
v 0.168911 0.149383 0.032220
v 0.178674 0.143525 0.049794
v 0.178674 0.143525 0.049794
v 0.184532 0.155242 0.059558
v 0.184532 0.155242 0.059558
v 0.014645 0.536023 -0.049794
v 0.014645 0.536023 -0.049794
v 0.008787 0.502826 -0.053700
v -0.000976 0.481346 -0.051747
v -0.000976 0.481346 -0.051747
v -0.000976 0.481346 -0.051747
v -0.000976 0.481346 -0.051747
v -0.014645 0.536023 -0.049794
v -0.014645 0.536023 -0.049794
v -0.008787 0.502826 -0.053700
v -0.106423 0.592652 0.104471
v -0.106423 0.592652 0.104471
v -0.090802 0.524306 0.098613
v -0.090802 0.518448 0.092754
v -0.090802 0.518448 0.092754
v 0.106423 0.592652 0.104471
v 0.106423 0.592652 0.104471
v 0.090802 0.524306 0.098613
v 0.090802 0.518448 0.092754
v 0.090802 0.518448 0.092754
v -0.272405 -0.483299 -0.270452
v -0.291932 -0.489157 -0.151336
v -0.291932 -0.489157 -0.151336
v -0.321223 -0.481346 -0.241161
v -0.321223 -0.481346 -0.241161
v -0.325128 -0.491110 -0.147431
v -0.325128 -0.491110 -0.147431
v -0.330987 -0.493063 -0.151336
v -0.330987 -0.493063 -0.151336
v -0.330987 -0.491110 -0.139620
v -0.330987 -0.491110 -0.139620
v -0.330987 -0.491110 -0.139620
v 0.196249 -0.889466 0.303649
v 0.196249 -0.889466 0.303649
v 0.147431 -0.934378 0.223587
v 0.147431 -0.934378 0.223587
v 0.239209 -0.891418 0.254830
v 0.198201 -0.928520 0.178674
v 0.112282 -0.950000 0.108376
v 0.112282 -0.950000 0.108376
v 0.112282 -0.950000 0.108376
v 0.129856 -0.932425 0.204060
v 0.129856 -0.932425 0.204060
v 0.280216 -0.807451 0.282169
v 0.243114 -0.799640 0.323176
v 0.243114 -0.799640 0.323176
v 0.286074 -0.690288 0.321223
v 0.286074 -0.690288 0.321223
v 0.286074 -0.690288 0.321223
v 0.250925 -0.860175 0.215776
v 0.209918 -0.899229 0.155242
v 0.280216 -0.803546 0.239209
v 0.286074 -0.770349 0.239209
v 0.286074 -0.770349 0.239209
v 0.198201 -0.871891 0.120092
v 0.198201 -0.871891 0.120092
v 0.166958 -0.899229 0.106423
v 0.166958 -0.899229 0.106423
v 0.289979 -0.692240 0.309507
v 0.289979 -0.692240 0.309507
v 0.112282 -0.944142 0.106423
v 0.112282 -0.944142 0.106423
v -0.125951 0.694193 0.059558
v -0.125951 0.694193 0.059558
v -0.172816 0.580935 0.038078
v -0.172816 0.580935 0.038078
v -0.114234 0.590699 0.043936
v -0.114234 0.590699 0.043936
v -0.188438 0.692240 0.055653
v -0.188438 0.692240 0.055653
v -0.174769 0.577030 0.040031
v -0.174769 0.577030 0.040031
v 0.125951 0.694193 0.059558
v 0.125951 0.694193 0.059558
v 0.114234 0.590699 0.043936
v 0.114234 0.590699 0.043936
v 0.172816 0.580935 0.038078
v 0.172816 0.580935 0.038078
v 0.188438 0.692240 0.055653
v 0.188438 0.692240 0.055653
v 0.174769 0.577030 0.040031
v 0.174769 0.577030 0.040031
v 0.270452 0.930473 0.045889
v 0.270452 0.897276 0.043936
v 0.319270 0.897276 -0.147431
v 0.319270 0.897276 -0.147431
v 0.319270 0.897276 -0.147431
v 0.321223 0.897276 -0.153289
v 0.321223 0.897276 -0.153289
v 0.323176 0.930473 -0.151336
v 0.313412 0.893371 -0.219681
v 0.313412 0.893371 -0.219681
v 0.315365 0.928520 -0.221634
v 0.315365 0.928520 -0.221634
v 0.213823 0.930473 0.110329
v 0.213823 0.930473 0.110329
v 0.213823 0.897276 0.108376
v 0.213823 0.897276 0.108376
v 0.213823 0.897276 0.108376
v 0.268499 0.893371 0.040031
v 0.268499 0.893371 0.040031
v 0.213823 0.893371 0.104471
v 0.213823 0.893371 0.104471
v 0.233350 0.893371 -0.260689
v 0.233350 0.893371 -0.260689
v 0.233350 0.893371 -0.260689
v 0.276310 -0.688335 0.321223
v 0.276310 -0.688335 0.321223
v 0.206012 -0.782066 0.319270
v 0.157194 -0.830884 0.305601
v 0.110329 -0.867986 0.258736
v 0.110329 -0.887513 0.241161
v 0.104471 -0.864080 0.252878
v 0.090802 -0.912898 0.145478
v 0.090802 -0.912898 0.145478
v 0.098613 -0.938284 0.118140
v 0.098613 -0.938284 0.118140
v 0.282169 -0.686382 0.317318
v 0.282169 -0.686382 0.317318
v 0.184532 0.782066 -0.116187
v 0.243114 0.782066 -0.086896
v 0.243114 0.782066 -0.086896
v 0.180627 0.735200 -0.120092
v 0.235303 0.733248 -0.092754
v 0.243114 0.787924 -0.086896
v 0.243114 0.787924 -0.086896
v 0.243114 0.787924 -0.086896
v 0.243114 0.787924 -0.086896
v 0.184532 0.785971 -0.116187
v 0.184532 0.785971 -0.116187
v 0.239209 0.737153 -0.090802
v 0.239209 0.737153 -0.090802
v 0.239209 0.737153 -0.090802
v 0.123998 0.750822 -0.129856
v 0.123998 0.750822 -0.129856
v 0.125951 0.737153 -0.129856
v 0.125951 0.737153 -0.129856
v 0.125951 0.737153 -0.129856
v 0.125951 0.784018 -0.125951
v 0.125951 0.784018 -0.125951
v 0.125951 0.789877 -0.125951
v 0.125951 0.789877 -0.125951
v 0.125951 0.789877 -0.125951
v 0.159147 0.727390 -0.122045
v 0.159147 0.727390 -0.122045
v 0.231398 0.727390 -0.082991
v 0.231398 0.727390 -0.082991
v 0.231398 0.727390 -0.082991
v -0.184532 0.782066 -0.116187
v -0.180627 0.735200 -0.120092
v -0.235303 0.733248 -0.092754
v -0.243114 0.782066 -0.086896
v -0.243114 0.782066 -0.086896
v -0.243114 0.787924 -0.086896
v -0.243114 0.787924 -0.086896
v -0.243114 0.787924 -0.086896
v -0.243114 0.787924 -0.086896
v -0.184532 0.785971 -0.116187
v -0.184532 0.785971 -0.116187
v -0.239209 0.737153 -0.090802
v -0.239209 0.737153 -0.090802
v -0.239209 0.737153 -0.090802
v -0.123998 0.750822 -0.129856
v -0.123998 0.750822 -0.129856
v -0.125951 0.737153 -0.129856
v -0.125951 0.737153 -0.129856
v -0.125951 0.737153 -0.129856
v -0.125951 0.784018 -0.125951
v -0.125951 0.784018 -0.125951
v -0.125951 0.789877 -0.125951
v -0.125951 0.789877 -0.125951
v -0.125951 0.789877 -0.125951
v -0.159147 0.727390 -0.122045
v -0.159147 0.727390 -0.122045
v -0.231398 0.727390 -0.082991
v -0.231398 0.727390 -0.082991
v -0.231398 0.727390 -0.082991
v -0.123998 0.930473 0.112282
v -0.123998 0.897276 0.110329
v -0.123998 0.897276 0.110329
v -0.045889 0.897276 0.055653
v -0.045889 0.897276 0.055653
v -0.045889 0.897276 0.055653
v -0.213823 0.930473 0.110329
v -0.213823 0.930473 0.110329
v -0.213823 0.897276 0.108376
v -0.213823 0.897276 0.108376
v -0.213823 0.893371 0.104471
v -0.213823 0.893371 0.104471
v -0.213823 0.893371 0.104471
v -0.270452 0.930473 0.045889
v -0.270452 0.930473 0.045889
v -0.270452 0.897276 0.043936
v -0.270452 0.897276 0.043936
v 0.123998 0.897276 0.110329
v 0.123998 0.897276 0.110329
v 0.123998 0.930473 0.112282
v 0.045889 0.897276 0.055653
v 0.045889 0.897276 0.055653
v 0.045889 0.897276 0.055653
v 0.045889 0.897276 0.055653
v 0.045889 0.897276 0.055653
v 0.045889 0.897276 0.055653
v 0.047842 0.893371 0.053700
v 0.047842 0.893371 0.053700
v 0.047842 0.893371 0.053700
v 0.047842 0.893371 0.053700
v 0.036125 0.897276 -0.012693
v 0.036125 0.897276 -0.012693
v 0.036125 0.897276 -0.012693
v 0.036125 0.897276 -0.012693
v -0.317318 0.334892 0.038078
v -0.303649 0.297790 0.028314
v -0.329034 0.393474 0.043936
v -0.256783 0.188438 0.043936
v -0.223587 0.120092 0.047842
v -0.223587 0.120092 0.047842
v -0.332939 0.424717 0.043936
v -0.262641 0.311459 0.020504
v -0.262641 0.311459 0.020504
v -0.276310 0.336845 0.026362
v -0.276310 0.336845 0.026362
v -0.307554 0.420812 0.034173
v -0.307554 0.420812 0.034173
v -0.307554 0.420812 0.034173
v -0.215776 0.207965 0.030267
v -0.215776 0.207965 0.030267
v -0.182580 0.143525 0.034173
v -0.182580 0.143525 0.034173
v -0.182580 0.143525 0.034173
v -0.270452 0.473535 0.006835
v -0.270452 0.473535 0.006835
v -0.295838 0.483299 0.018551
v -0.295838 0.483299 0.018551
v -0.276310 0.495015 -0.004882
v -0.276310 0.495015 -0.004882
v -0.266547 0.487205 -0.006835
v -0.266547 0.487205 -0.006835
v -0.266547 0.487205 -0.006835
v 0.317318 0.334892 0.038078
v 0.303649 0.297790 0.028314
v 0.329034 0.393474 0.043936
v 0.256783 0.188438 0.043936
v 0.223587 0.120092 0.047842
v 0.223587 0.120092 0.047842
v 0.332939 0.424717 0.043936
v 0.262641 0.311459 0.020504
v 0.262641 0.311459 0.020504
v 0.276310 0.336845 0.026362
v 0.276310 0.336845 0.026362
v 0.307554 0.420812 0.034173
v 0.307554 0.420812 0.034173
v 0.307554 0.420812 0.034173
v 0.215776 0.207965 0.030267
v 0.215776 0.207965 0.030267
v 0.182580 0.143525 0.034173
v 0.182580 0.143525 0.034173
v 0.182580 0.143525 0.034173
v 0.270452 0.473535 0.006835
v 0.270452 0.473535 0.006835
v 0.295838 0.483299 0.018551
v 0.295838 0.483299 0.018551
v 0.276310 0.495015 -0.004882
v 0.276310 0.495015 -0.004882
v 0.266547 0.487205 -0.006835
v 0.266547 0.487205 -0.006835
v 0.266547 0.487205 -0.006835
v -0.059558 -0.495015 -0.370041
v -0.133762 -0.489157 -0.358325
v -0.133762 -0.489157 -0.358325
v -0.084943 -0.526259 -0.309507
v -0.084943 -0.526259 -0.309507
v -0.084943 -0.526259 -0.309507
v -0.055653 -0.493063 -0.377852
v -0.133762 -0.487205 -0.366136
v -0.133762 -0.487205 -0.366136
v 0.110329 0.340750 -0.227492
v 0.032220 0.342703 -0.239209
v -0.000976 0.342703 -0.239209
v 0.034173 0.344656 -0.247020
v -0.034173 0.344656 -0.247020
v -0.032220 0.342703 -0.239209
v 0.036125 0.346608 -0.254830
v -0.036125 0.346608 -0.254830
v -0.116187 0.342703 -0.231398
v -0.116187 0.342703 -0.231398
v -0.120092 0.344656 -0.239209
v -0.172816 0.338798 -0.196249
v -0.172816 0.338798 -0.196249
v 0.116187 0.342703 -0.231398
v 0.116187 0.342703 -0.231398
v 0.120092 0.344656 -0.239209
v 0.172816 0.338798 -0.196249
v 0.172816 0.338798 -0.196249
v -0.110329 0.340750 -0.227492
v -0.305601 0.889466 -0.217729
v -0.305601 0.889466 -0.217729
v -0.231398 0.889466 -0.256783
v -0.229445 0.842600 -0.247020
v -0.229445 0.842600 -0.247020
v -0.295838 0.842600 -0.213823
v -0.295838 0.842600 -0.213823
v -0.295838 0.842600 -0.213823
v -0.233350 0.893371 -0.260689
v -0.149383 0.893371 -0.270452
v -0.149383 0.893371 -0.270452
v -0.149383 0.928520 -0.272405
v -0.149383 0.928520 -0.272405
v -0.233350 0.928520 -0.260689
v -0.315365 0.928520 -0.221634
v -0.313412 0.893371 -0.219681
v -0.313412 0.893371 -0.219681
v -0.309507 0.889466 -0.217729
v -0.309507 0.889466 -0.217729
v -0.321223 0.897276 -0.153289
v -0.321223 0.897276 -0.153289
v -0.321223 0.897276 -0.153289
v -0.102518 0.930473 -0.213823
v -0.102518 0.930473 -0.213823
v -0.102518 0.897276 -0.211871
v -0.102518 0.897276 -0.211871
v -0.127903 0.764491 0.079085
v -0.127903 0.764491 0.079085
v -0.196249 0.700051 0.069322
v -0.196249 0.700051 0.069322
v -0.196249 0.700051 0.069322
v -0.122045 0.700051 0.075180
v -0.122045 0.700051 0.075180
v -0.202107 0.764491 0.075180
v -0.202107 0.764491 0.075180
v -0.202107 0.764491 0.075180
v -0.067369 0.770349 0.036125
v -0.067369 0.770349 0.036125
v -0.063464 0.707862 0.030267
v -0.063464 0.707862 0.030267
v -0.059558 0.772302 -0.020504
v -0.059558 0.772302 -0.020504
v -0.055653 0.713720 -0.028314
v -0.055653 0.713720 -0.028314
v -0.086896 0.772302 -0.077133
v -0.086896 0.772302 -0.077133
v -0.086896 0.772302 -0.077133
v -0.082991 0.715673 -0.084943
v -0.082991 0.715673 -0.084943
v -0.082991 0.715673 -0.084943
v 0.127903 0.764491 0.079085
v 0.127903 0.764491 0.079085
v 0.122045 0.700051 0.075180
v 0.122045 0.700051 0.075180
v 0.196249 0.700051 0.069322
v 0.196249 0.700051 0.069322
v 0.196249 0.700051 0.069322
v 0.202107 0.764491 0.075180
v 0.202107 0.764491 0.075180
v 0.202107 0.764491 0.075180
v 0.067369 0.770349 0.036125
v 0.067369 0.770349 0.036125
v 0.063464 0.707862 0.030267
v 0.063464 0.707862 0.030267
v 0.059558 0.772302 -0.020504
v 0.059558 0.772302 -0.020504
v 0.055653 0.713720 -0.028314
v 0.055653 0.713720 -0.028314
v 0.086896 0.772302 -0.077133
v 0.086896 0.772302 -0.077133
v 0.086896 0.772302 -0.077133
v 0.082991 0.715673 -0.084943
v 0.082991 0.715673 -0.084943
v 0.082991 0.715673 -0.084943
v 0.344656 -0.350514 0.049794
v 0.342703 -0.391521 0.047842
v 0.366136 -0.393474 0.055653
v 0.327081 -0.305601 0.041984
v 0.342703 -0.436434 0.043936
v 0.370041 -0.338798 0.055653
v 0.354419 -0.319270 0.049794
v 0.364183 -0.432528 0.049794
v 0.379805 -0.364183 0.057605
v 0.381757 -0.387616 0.057605
v 0.348561 -0.448150 0.041984
v 0.348561 -0.448150 0.041984
v 0.321223 -0.459866 0.030267
v 0.321223 -0.459866 0.030267
v 0.321223 -0.459866 0.030267
v 0.375899 -0.413001 0.053700
v 0.305601 -0.282169 0.026362
v 0.305601 -0.282169 0.026362
v 0.358325 -0.305601 0.045889
v 0.358325 -0.305601 0.045889
v 0.332939 -0.289979 0.036125
v 0.332939 -0.289979 0.036125
v 0.375899 -0.327081 0.051747
v 0.375899 -0.327081 0.051747
v 0.389568 -0.409096 0.051747
v 0.389568 -0.409096 0.051747
v 0.387616 -0.352467 0.053700
v 0.387616 -0.352467 0.053700
v 0.387616 -0.352467 0.053700
v 0.366136 -0.450103 0.040031
v 0.366136 -0.450103 0.040031
v 0.379805 -0.432528 0.045889
v 0.379805 -0.432528 0.045889
v 0.391521 -0.381757 0.053700
v 0.391521 -0.381757 0.053700
v -0.344656 -0.350514 0.049794
v -0.366136 -0.393474 0.055653
v -0.342703 -0.391521 0.047842
v -0.327081 -0.305601 0.041984
v -0.342703 -0.436434 0.043936
v -0.370041 -0.338798 0.055653
v -0.354419 -0.319270 0.049794
v -0.364183 -0.432528 0.049794
v -0.379805 -0.364183 0.057605
v -0.381757 -0.387616 0.057605
v -0.348561 -0.448150 0.041984
v -0.348561 -0.448150 0.041984
v -0.375899 -0.413001 0.053700
v -0.305601 -0.282169 0.026362
v -0.305601 -0.282169 0.026362
v -0.358325 -0.305601 0.045889
v -0.358325 -0.305601 0.045889
v -0.332939 -0.289979 0.036125
v -0.332939 -0.289979 0.036125
v -0.375899 -0.327081 0.051747
v -0.375899 -0.327081 0.051747
v -0.389568 -0.409096 0.051747
v -0.389568 -0.409096 0.051747
v -0.387616 -0.352467 0.053700
v -0.387616 -0.352467 0.053700
v -0.387616 -0.352467 0.053700
v -0.366136 -0.450103 0.040031
v -0.366136 -0.450103 0.040031
v -0.379805 -0.432528 0.045889
v -0.379805 -0.432528 0.045889
v -0.391521 -0.381757 0.053700
v -0.391521 -0.381757 0.053700
v -0.293885 -0.371994 -0.139620
v -0.293885 -0.371994 -0.139620
v -0.301696 -0.371994 -0.133762
v -0.301696 -0.371994 -0.133762
v -0.307554 -0.373947 -0.129856
v -0.307554 -0.373947 -0.129856
v -0.307554 -0.373947 -0.129856
v 0.319270 -0.491110 -0.147431
v 0.319270 -0.491110 -0.147431
v 0.295838 -0.502826 -0.163052
v 0.295838 -0.502826 -0.163052
v 0.295838 -0.502826 -0.163052
v 0.291932 -0.496968 -0.153289
v 0.291932 -0.496968 -0.153289
v 0.278263 -0.489157 -0.207965
v 0.278263 -0.489157 -0.207965
v 0.278263 -0.489157 -0.207965
v 0.278263 -0.489157 -0.207965
v 0.264594 -0.489157 -0.241161
v 0.264594 -0.489157 -0.241161
v -0.038078 0.610226 -0.041984
v -0.053700 0.604368 -0.049794
v -0.061511 0.600462 0.040031
v -0.112282 0.586793 0.047842
v -0.110329 0.592652 0.082991
v -0.200154 0.580935 0.065416
v -0.071274 0.606321 -0.104471
v -0.245067 0.580935 -0.024409
v -0.213823 0.578983 -0.026362
v -0.202107 0.582888 -0.086896
v -0.233350 0.590699 -0.123998
v -0.194296 0.586793 -0.108376
v -0.155242 0.610226 -0.174769
v -0.067369 0.616084 -0.143525
v -0.061511 0.623895 -0.149383
v -0.030267 0.618037 -0.040031
v -0.157194 0.618037 -0.182580
v -0.241161 0.596557 -0.127903
v -0.057605 0.608273 0.045889
v -0.110329 0.598510 0.092754
v -0.206012 0.586793 0.071274
v -0.254830 0.586793 -0.024409
v 0.038078 0.610226 -0.041984
v 0.053700 0.604368 -0.049794
v 0.061511 0.600462 0.040031
v 0.112282 0.586793 0.047842
v 0.110329 0.592652 0.082991
v 0.200154 0.580935 0.065416
v 0.071274 0.606321 -0.104471
v 0.245067 0.580935 -0.024409
v 0.213823 0.578983 -0.026362
v 0.202107 0.582888 -0.086896
v 0.233350 0.590699 -0.123998
v 0.194296 0.586793 -0.108376
v 0.155242 0.610226 -0.174769
v 0.067369 0.616084 -0.143525
v 0.061511 0.623895 -0.149383
v 0.030267 0.618037 -0.040031
v 0.157194 0.618037 -0.182580
v 0.241161 0.596557 -0.127903
v 0.057605 0.608273 0.045889
v 0.110329 0.598510 0.092754
v 0.206012 0.586793 0.071274
v 0.254830 0.586793 -0.024409
v -0.000976 0.459866 -0.180627
v -0.276310 -0.325128 0.090802
v -0.276310 -0.325128 0.090802
v 0.319270 -0.465725 0.024409
v 0.319270 -0.465725 0.024409
v 0.309507 -0.475488 -0.002929
v 0.309507 -0.475488 -0.002929
v 0.309507 -0.475488 -0.002929
v -0.084943 -0.561408 -0.346608
v -0.084943 -0.561408 -0.346608
v 0.260689 0.461819 -0.102518
v 0.288027 0.414954 -0.118140
v 0.288027 0.414954 -0.118140
v 0.272405 0.416906 -0.069322
v 0.272405 0.416906 -0.069322
v 0.272405 0.416906 -0.069322
v 0.250925 0.454008 -0.071274
v 0.282169 0.416906 -0.012693
v 0.282169 0.416906 -0.012693
v 0.252878 0.455961 -0.026362
v 0.252878 0.475488 -0.073227
v 0.252878 0.477441 -0.036125
v 0.266547 0.481346 -0.102518
v 0.266547 0.481346 -0.102518
v 0.258736 0.487205 -0.075180
v 0.258736 0.487205 -0.075180
v 0.258736 0.489157 -0.038078
v 0.258736 0.489157 -0.038078
v -0.260689 0.461819 -0.102518
v -0.272405 0.416906 -0.069322
v -0.272405 0.416906 -0.069322
v -0.272405 0.416906 -0.069322
v -0.288027 0.414954 -0.118140
v -0.288027 0.414954 -0.118140
v -0.250925 0.454008 -0.071274
v -0.282169 0.416906 -0.012693
v -0.282169 0.416906 -0.012693
v -0.252878 0.455961 -0.026362
v -0.252878 0.475488 -0.073227
v -0.252878 0.477441 -0.036125
v -0.266547 0.481346 -0.102518
v -0.266547 0.481346 -0.102518
v -0.258736 0.489157 -0.038078
v -0.258736 0.489157 -0.038078
v -0.258736 0.487205 -0.075180
v -0.258736 0.487205 -0.075180
v -0.377852 -0.366136 -0.002929
v -0.377852 -0.366136 -0.002929
v -0.377852 -0.389568 -0.002929
v -0.377852 -0.389568 -0.002929
v -0.377852 -0.389568 -0.002929
v -0.405190 -0.377852 0.008787
v -0.403237 -0.403237 0.006835
v -0.393474 -0.422765 0.002929
v -0.401285 -0.350514 0.008787
v -0.391521 -0.325128 0.004882
v -0.366136 -0.340750 -0.006835
v -0.366136 -0.340750 -0.006835
v -0.375899 -0.303649 -0.000976
v -0.366136 -0.407143 -0.006835
v -0.366136 -0.407143 -0.006835
v -0.381757 -0.440339 -0.002929
v -0.366136 -0.454008 -0.008787
v -0.344656 -0.327081 -0.012693
v -0.344656 -0.327081 -0.012693
v -0.344656 -0.327081 -0.012693
v -0.354419 -0.289979 -0.008787
v -0.323176 -0.282169 -0.018551
v -0.317318 -0.323176 -0.022456
v -0.317318 -0.323176 -0.022456
v -0.346608 -0.416906 -0.012693
v -0.346608 -0.416906 -0.012693
v -0.346608 -0.459866 -0.016598
v -0.321223 -0.416906 -0.024409
v -0.321223 -0.416906 -0.024409
v -0.317318 -0.272405 -0.016598
v -0.317318 -0.272405 -0.016598
v -0.348561 -0.278263 -0.004882
v -0.348561 -0.278263 -0.004882
v -0.346608 -0.467677 -0.012693
v -0.346608 -0.467677 -0.012693
v -0.366136 -0.461819 -0.004882
v -0.366136 -0.461819 -0.004882
v -0.383710 -0.450103 0.002929
v -0.383710 -0.450103 0.002929
v -0.397379 -0.430576 0.010740
v -0.397379 -0.430576 0.010740
v -0.375899 -0.295838 0.006835
v -0.375899 -0.295838 0.006835
v -0.393474 -0.317318 0.014645
v -0.393474 -0.317318 0.014645
v -0.405190 -0.346608 0.018551
v -0.405190 -0.346608 0.018551
v -0.405190 -0.346608 0.018551
v -0.409096 -0.375899 0.018551
v -0.409096 -0.375899 0.018551
v -0.407143 -0.405190 0.016598
v -0.407143 -0.405190 0.016598
v 0.377852 -0.366136 -0.002929
v 0.377852 -0.366136 -0.002929
v 0.405190 -0.377852 0.008787
v 0.377852 -0.389568 -0.002929
v 0.377852 -0.389568 -0.002929
v 0.377852 -0.389568 -0.002929
v 0.403237 -0.403237 0.006835
v 0.393474 -0.422765 0.002929
v 0.401285 -0.350514 0.008787
v 0.391521 -0.325128 0.004882
v 0.366136 -0.340750 -0.006835
v 0.366136 -0.340750 -0.006835
v 0.375899 -0.303649 -0.000976
v 0.366136 -0.407143 -0.006835
v 0.366136 -0.407143 -0.006835
v 0.381757 -0.440339 -0.002929
v 0.366136 -0.454008 -0.008787
v 0.344656 -0.327081 -0.012693
v 0.344656 -0.327081 -0.012693
v 0.344656 -0.327081 -0.012693
v 0.354419 -0.289979 -0.008787
v 0.323176 -0.282169 -0.018551
v 0.317318 -0.323176 -0.022456
v 0.317318 -0.323176 -0.022456
v 0.346608 -0.416906 -0.012693
v 0.346608 -0.416906 -0.012693
v 0.346608 -0.459866 -0.016598
v 0.321223 -0.416906 -0.024409
v 0.321223 -0.416906 -0.024409
v 0.317318 -0.272405 -0.016598
v 0.317318 -0.272405 -0.016598
v 0.348561 -0.278263 -0.004882
v 0.348561 -0.278263 -0.004882
v 0.346608 -0.467677 -0.012693
v 0.346608 -0.467677 -0.012693
v 0.366136 -0.461819 -0.004882
v 0.366136 -0.461819 -0.004882
v 0.383710 -0.450103 0.002929
v 0.383710 -0.450103 0.002929
v 0.397379 -0.430576 0.010740
v 0.397379 -0.430576 0.010740
v 0.375899 -0.295838 0.006835
v 0.375899 -0.295838 0.006835
v 0.393474 -0.317318 0.014645
v 0.393474 -0.317318 0.014645
v 0.405190 -0.346608 0.018551
v 0.405190 -0.346608 0.018551
v 0.405190 -0.346608 0.018551
v 0.409096 -0.375899 0.018551
v 0.409096 -0.375899 0.018551
v 0.407143 -0.405190 0.016598
v 0.407143 -0.405190 0.016598
v -0.000976 0.461819 0.032220
v -0.254830 0.811357 -0.149383
v -0.256783 0.807451 -0.151336
v -0.204060 0.811357 -0.176721
v -0.278263 0.813309 -0.135714
v -0.278263 0.813309 -0.135714
v -0.278263 0.813309 -0.135714
v -0.278263 0.813309 -0.135714
v -0.206012 0.807451 -0.180627
v -0.196249 0.805498 -0.155242
v -0.196249 0.805498 -0.155242
v -0.215776 0.819168 -0.211871
v -0.268499 0.819168 -0.178674
v -0.268499 0.819168 -0.178674
v -0.268499 0.819168 -0.178674
v 0.204060 0.811357 -0.176721
v 0.256783 0.807451 -0.151336
v 0.254830 0.811357 -0.149383
v 0.278263 0.813309 -0.135714
v 0.278263 0.813309 -0.135714
v 0.206012 0.807451 -0.180627
v 0.196249 0.805498 -0.155242
v 0.196249 0.805498 -0.155242
v 0.215776 0.819168 -0.211871
v 0.268499 0.819168 -0.178674
v 0.229445 0.842600 -0.247020
v 0.295838 0.842600 -0.213823
v 0.231398 0.889466 -0.256783
v 0.311459 0.864080 -0.149383
v 0.297790 0.842600 -0.163052
v 0.289979 0.826978 -0.129856
v 0.289979 0.826978 -0.129856
v 0.307554 0.862127 -0.116187
v 0.307554 0.862127 -0.116187
v 0.291932 0.834789 -0.163052
v 0.305601 0.889466 -0.217729
v 0.307554 0.895324 -0.114234
v 0.307554 0.895324 -0.114234
v 0.307554 0.895324 -0.114234
v 0.309507 0.889466 -0.217729
v 0.149383 0.893371 -0.270452
v 0.149383 0.893371 -0.270452
v 0.149383 0.893371 -0.270452
v -0.268499 0.436434 -0.123998
v -0.268499 0.436434 -0.123998
v -0.268499 0.436434 -0.123998
v -0.260689 0.438386 -0.139620
v -0.260689 0.438386 -0.139620
v -0.260689 0.428623 -0.104471
v -0.260689 0.428623 -0.104471
v -0.260689 0.428623 -0.104471
v 0.268499 0.436434 -0.123998
v 0.268499 0.436434 -0.123998
v 0.268499 0.436434 -0.123998
v 0.260689 0.438386 -0.139620
v 0.260689 0.438386 -0.139620
v 0.260689 0.428623 -0.104471
v 0.260689 0.428623 -0.104471
v 0.260689 0.428623 -0.104471
v 0.026362 -0.348561 -0.348561
v 0.026362 -0.348561 -0.348561
v -0.000976 -0.352467 -0.348561
v -0.026362 -0.348561 -0.348561
v -0.026362 -0.348561 -0.348561
v -0.000976 -0.346608 -0.362230
v -0.000976 -0.346608 -0.362230
v -0.000976 -0.346608 -0.362230
v 0.040031 -0.338798 -0.338798
v 0.040031 -0.338798 -0.338798
v 0.040031 -0.338798 -0.338798
v -0.040031 -0.338798 -0.338798
v -0.040031 -0.338798 -0.338798
v -0.000976 -0.108376 -0.094707
v 0.026362 -0.137667 -0.096660
v -0.000976 -0.135714 -0.102518
v 0.026362 -0.108376 -0.088849
v -0.000976 -0.096660 -0.094707
v -0.000976 -0.096660 -0.094707
v 0.051747 -0.114234 -0.075180
v 0.051747 -0.114234 -0.075180
v 0.030267 -0.096660 -0.090802
v 0.030267 -0.096660 -0.090802
v 0.055653 -0.104471 -0.077133
v 0.055653 -0.104471 -0.077133
v 0.055653 -0.104471 -0.077133
v -0.026362 -0.137667 -0.096660
v -0.026362 -0.108376 -0.088849
v -0.030267 -0.096660 -0.090802
v -0.030267 -0.096660 -0.090802
v -0.051747 -0.114234 -0.075180
v -0.051747 -0.114234 -0.075180
v -0.055653 -0.104471 -0.077133
v -0.055653 -0.104471 -0.077133
v -0.055653 -0.104471 -0.077133
v -0.309507 -0.371994 -0.092754
v -0.309507 -0.371994 -0.092754
v -0.311459 -0.373947 -0.098613
v -0.311459 -0.373947 -0.098613
v 0.293885 -0.371994 -0.139620
v 0.293885 -0.371994 -0.139620
v 0.301696 -0.371994 -0.133762
v 0.301696 -0.371994 -0.133762
v -0.038078 0.897276 -0.018551
v -0.047842 0.893371 0.053700
v -0.036125 0.897276 -0.012693
v 0.038078 0.897276 -0.018551
v 0.038078 0.897276 -0.018551
v 0.038078 0.897276 -0.018551
v 0.038078 0.897276 -0.018551
v 0.038078 0.897276 -0.018551
v 0.102518 0.897276 -0.211871
v 0.102518 0.897276 -0.211871
v 0.149383 0.928520 -0.272405
v 0.149383 0.928520 -0.272405
v 0.149383 0.928520 -0.272405
v 0.233350 0.928520 -0.260689
v 0.233350 0.928520 -0.260689
v 0.342703 -0.280216 0.016598
v 0.368088 -0.295838 0.026362
v 0.311459 -0.272405 0.004882
v 0.387616 -0.319270 0.034173
v 0.399332 -0.346608 0.038078
v 0.399332 -0.346608 0.038078
v -0.342703 -0.280216 0.016598
v -0.368088 -0.295838 0.026362
v -0.311459 -0.272405 0.004882
v -0.387616 -0.319270 0.034173
v -0.399332 -0.346608 0.038078
v -0.399332 -0.346608 0.038078
v -0.000976 -0.135714 0.034173
v 0.020504 -0.135714 0.032220
v -0.020504 -0.135714 0.032220
v 0.045889 -0.135714 0.024409
v 0.022456 -0.125951 0.038078
v 0.022456 -0.125951 0.038078
v -0.000976 -0.125951 0.040031
v -0.000976 -0.125951 0.040031
v -0.022456 -0.125951 0.038078
v -0.022456 -0.125951 0.038078
v 0.049794 -0.125951 0.030267
v 0.049794 -0.125951 0.030267
v -0.045889 -0.135714 0.024409
v -0.049794 -0.125951 0.030267
v -0.049794 -0.125951 0.030267
v 0.065416 -0.133762 0.012693
v 0.065416 -0.133762 0.012693
v 0.071274 -0.125951 0.016598
v 0.071274 -0.125951 0.016598
v 0.071274 -0.125951 0.016598
v -0.065416 -0.133762 0.012693
v -0.065416 -0.133762 0.012693
v -0.071274 -0.125951 0.016598
v -0.071274 -0.125951 0.016598
v -0.071274 -0.125951 0.016598
v -0.268499 0.893371 0.040031
v -0.268499 0.893371 0.040031
v -0.307554 0.895324 -0.114234
v -0.307554 0.895324 -0.114234
v -0.307554 0.895324 -0.114234
v -0.319270 0.897276 -0.147431
v -0.319270 0.897276 -0.147431
v -0.319270 0.897276 -0.147431
v 0.075180 -0.127903 -0.032220
v 0.075180 -0.133762 -0.008787
v 0.069322 -0.123998 -0.053700
v 0.075180 -0.114234 -0.053700
v 0.075180 -0.114234 -0.053700
v 0.082991 -0.120092 -0.032220
v 0.082991 -0.120092 -0.032220
v 0.082991 -0.123998 -0.006835
v 0.082991 -0.123998 -0.006835
v -0.069322 -0.123998 -0.053700
v -0.075180 -0.127903 -0.032220
v -0.075180 -0.133762 -0.008787
v -0.075180 -0.114234 -0.053700
v -0.075180 -0.114234 -0.053700
v -0.082991 -0.120092 -0.032220
v -0.082991 -0.120092 -0.032220
v -0.082991 -0.123998 -0.006835
v -0.082991 -0.123998 -0.006835
v -0.307554 0.508684 -0.040031
v -0.289979 0.506732 -0.075180
v -0.307554 0.506732 -0.075180
v -0.289979 0.508684 -0.040031
v -0.303649 0.498921 -0.104471
v -0.289979 0.496968 -0.104471
v -0.303649 0.502826 -0.004882
v -0.289979 0.500874 -0.004882
v -0.272405 0.500874 -0.075180
v -0.272405 0.502826 -0.040031
v -0.276310 0.491110 -0.104471
v 0.289979 0.508684 -0.040031
v 0.307554 0.506732 -0.075180
v 0.289979 0.506732 -0.075180
v 0.307554 0.508684 -0.040031
v 0.303649 0.498921 -0.104471
v 0.289979 0.496968 -0.104471
v 0.272405 0.502826 -0.040031
v 0.272405 0.500874 -0.075180
v 0.276310 0.491110 -0.104471
v 0.303649 0.502826 -0.004882
v 0.289979 0.500874 -0.004882
v -0.000976 -0.303649 -0.356372
v -0.000976 -0.303649 -0.356372
v -0.000976 -0.303649 -0.356372
v 0.028314 -0.303649 -0.344656
v 0.028314 -0.303649 -0.344656
v 0.028314 -0.303649 -0.344656
v -0.000976 -0.325128 -0.366136
v -0.000976 -0.325128 -0.366136
v 0.040031 -0.323176 -0.342703
v 0.041984 -0.319270 -0.338798
v 0.041984 -0.319270 -0.338798
v 0.231398 0.135714 -0.108376
v 0.225540 0.123998 -0.106423
v 0.282169 0.106423 -0.096660
v 0.270452 0.098613 -0.092754
v 0.309507 0.084943 -0.047842
v 0.311459 0.082991 0.008787
v 0.286074 0.098613 0.059558
v 0.237256 0.125951 0.075180
v 0.297790 0.077133 0.006835
v 0.297790 0.079085 -0.045889
v 0.274358 0.090802 0.051747
v 0.231398 0.116187 0.065416
v 0.186485 0.145478 -0.069322
v 0.186485 0.145478 -0.069322
v 0.186485 0.145478 -0.069322
v -0.231398 0.135714 -0.108376
v -0.225540 0.123998 -0.106423
v -0.282169 0.106423 -0.096660
v -0.270452 0.098613 -0.092754
v -0.309507 0.084943 -0.047842
v -0.229445 0.133762 -0.122045
v -0.229445 0.133762 -0.122045
v -0.284121 0.100565 -0.110329
v -0.284121 0.100565 -0.110329
v -0.311459 0.082991 0.008787
v -0.286074 0.098613 0.059558
v -0.237256 0.125951 0.075180
v -0.297790 0.077133 0.006835
v -0.297790 0.079085 -0.045889
v -0.274358 0.090802 0.051747
v -0.231398 0.116187 0.065416
v -0.186485 0.145478 -0.069322
v -0.186485 0.145478 -0.069322
v -0.186485 0.145478 -0.069322
v 0.217729 0.332939 -0.000976
v 0.168911 0.332939 0.067369
v 0.098613 0.336845 0.102518
v 0.174769 0.334892 0.075180
v 0.102518 0.336845 0.116187
v -0.000976 0.336845 0.112282
v -0.102518 0.336845 0.116187
v -0.000976 0.336845 0.123998
v -0.098613 0.336845 0.102518
v -0.174769 0.334892 0.075180
v -0.168911 0.332939 0.067369
v -0.217729 0.332939 -0.000976
v -0.227492 0.424717 -0.149383
v -0.227492 0.403237 -0.166958
v -0.227492 0.403237 -0.166958
v -0.252878 0.438386 -0.125951
v -0.252878 0.438386 -0.125951
v -0.252878 0.438386 -0.125951
v -0.223587 0.426670 -0.133762
v -0.223587 0.426670 -0.133762
v -0.219681 0.414954 -0.147431
v -0.219681 0.414954 -0.147431
v 0.227492 0.424717 -0.149383
v 0.227492 0.403237 -0.166958
v 0.227492 0.403237 -0.166958
v 0.227492 0.403237 -0.166958
v 0.252878 0.438386 -0.125951
v 0.252878 0.438386 -0.125951
v 0.252878 0.438386 -0.125951
v 0.223587 0.426670 -0.133762
v 0.223587 0.426670 -0.133762
v 0.219681 0.414954 -0.147431
v 0.219681 0.414954 -0.147431
v 0.219681 0.414954 -0.147431
v 0.123998 0.696146 0.067369
v 0.069322 0.702004 0.026362
v 0.061511 0.707862 -0.028314
v 0.192343 0.694193 0.063464
v 0.229445 0.696146 -0.004882
v 0.237256 0.700051 -0.000976
v 0.237256 0.700051 -0.000976
v 0.223587 0.702004 -0.065416
v 0.223587 0.702004 -0.065416
v 0.215776 0.703957 -0.084943
v 0.215776 0.703957 -0.084943
v 0.153289 0.711768 -0.118140
v 0.153289 0.711768 -0.118140
v 0.153289 0.711768 -0.118140
v 0.100565 0.715673 -0.106423
v 0.100565 0.715673 -0.106423
v 0.100565 0.715673 -0.106423
v -0.069322 0.702004 0.026362
v -0.123998 0.696146 0.067369
v -0.061511 0.707862 -0.028314
v -0.192343 0.694193 0.063464
v -0.229445 0.696146 -0.004882
v -0.237256 0.700051 -0.000976
v -0.237256 0.700051 -0.000976
v -0.223587 0.702004 -0.065416
v -0.223587 0.702004 -0.065416
v -0.215776 0.703957 -0.084943
v -0.215776 0.703957 -0.084943
v -0.100565 0.715673 -0.106423
v -0.100565 0.715673 -0.106423
v -0.100565 0.715673 -0.106423
v -0.153289 0.711768 -0.118140
v -0.153289 0.711768 -0.118140
v -0.153289 0.711768 -0.118140
v 0.301696 -0.383710 -0.075180
v 0.303649 -0.477441 -0.022456
v -0.301696 -0.383710 -0.075180
v -0.346608 -0.483299 -0.041984
v -0.303649 -0.477441 -0.022456
v -0.350514 -0.495015 -0.041984
v -0.354419 -0.485252 0.004882
v -0.387616 -0.610226 -0.018551
v -0.352467 -0.461819 0.063464
v -0.342703 -0.477441 0.137667
v -0.282169 -0.329034 0.096660
v -0.041984 -0.319270 -0.338798
v -0.041984 -0.319270 -0.338798
v -0.040031 -0.323176 -0.342703
v -0.028314 -0.303649 -0.344656
v -0.028314 -0.303649 -0.344656
v -0.196249 0.799640 -0.155242
v -0.196249 0.799640 -0.155242
v 0.196249 0.799640 -0.155242
v 0.196249 0.799640 -0.155242
v -0.000976 -0.092754 -0.108376
v -0.000976 -0.092754 -0.108376
v -0.000976 -0.092754 -0.108376
v -0.061511 -0.106423 -0.094707
v -0.061511 -0.106423 -0.094707
v -0.061511 -0.106423 -0.094707
v -0.065416 -0.106423 -0.102518
v -0.065416 -0.106423 -0.102518
v -0.000976 -0.090802 -0.122045
v -0.000976 -0.090802 -0.122045
v -0.092754 -0.129856 -0.045889
v -0.092754 -0.129856 -0.045889
v -0.092754 -0.129856 -0.045889
v -0.092754 -0.131809 0.004882
v -0.092754 -0.131809 0.004882
v -0.092754 -0.131809 0.004882
v -0.092754 -0.131809 0.004882
v -0.000976 -0.299743 -0.346608
v -0.000976 -0.127903 0.047842
v -0.000976 -0.127903 0.047842
v 0.065416 -0.133762 0.036125
v 0.065416 -0.133762 0.036125
v 0.065416 -0.133762 0.036125
v -0.000976 -0.133762 0.047842
v -0.000976 -0.133762 0.047842
v 0.065416 -0.127903 0.036125
v 0.065416 -0.127903 0.036125
v 0.065416 -0.127903 0.036125
v -0.065416 -0.127903 0.036125
v -0.065416 -0.127903 0.036125
v -0.065416 -0.127903 0.036125
v -0.065416 -0.133762 0.036125
v -0.065416 -0.133762 0.036125
v -0.065416 -0.133762 0.036125
v -0.118140 0.768397 -0.106423
v -0.120092 0.750822 -0.102518
v -0.114234 0.746917 -0.110329
v -0.122045 0.766444 -0.100565
v -0.122045 0.770349 -0.100565
v -0.122045 0.770349 -0.100565
v -0.118140 0.737153 -0.112282
v -0.118140 0.737153 -0.112282
v -0.122045 0.741059 -0.104471
v -0.122045 0.741059 -0.104471
v -0.122045 0.741059 -0.104471
v -0.096660 0.772302 -0.092754
v -0.096660 0.772302 -0.092754
v 0.118140 0.768397 -0.106423
v 0.114234 0.746917 -0.110329
v 0.120092 0.750822 -0.102518
v 0.122045 0.766444 -0.100565
v 0.122045 0.770349 -0.100565
v 0.122045 0.770349 -0.100565
v 0.118140 0.737153 -0.112282
v 0.118140 0.737153 -0.112282
v 0.122045 0.741059 -0.104471
v 0.122045 0.741059 -0.104471
v 0.122045 0.741059 -0.104471
v 0.096660 0.772302 -0.092754
v 0.096660 0.772302 -0.092754
v -0.159147 0.731295 -0.114234
v -0.159147 0.731295 -0.114234
v -0.159147 0.731295 -0.114234
v -0.221634 0.729342 -0.079085
v -0.221634 0.729342 -0.079085
v -0.235303 0.735200 -0.071274
v -0.235303 0.735200 -0.071274
v -0.235303 0.735200 -0.071274
v -0.229445 0.739106 -0.067369
v -0.229445 0.739106 -0.067369
v 0.159147 0.731295 -0.114234
v 0.159147 0.731295 -0.114234
v 0.159147 0.731295 -0.114234
v 0.221634 0.729342 -0.079085
v 0.221634 0.729342 -0.079085
v 0.235303 0.735200 -0.071274
v 0.235303 0.735200 -0.071274
v 0.235303 0.735200 -0.071274
v 0.229445 0.739106 -0.067369
v 0.229445 0.739106 -0.067369
v -0.000976 -0.254830 -0.319270
v -0.000976 -0.254830 -0.319270
v 0.020504 -0.268499 -0.321223
v 0.020504 -0.268499 -0.321223
v -0.000976 -0.264594 -0.321223
v -0.000976 -0.264594 -0.321223
v 0.026362 -0.258736 -0.319270
v 0.026362 -0.258736 -0.319270
v 0.026362 -0.258736 -0.319270
v 0.036125 -0.280216 -0.323176
v 0.036125 -0.280216 -0.323176
v 0.036125 -0.280216 -0.323176
v 0.040031 -0.272405 -0.321223
v 0.040031 -0.272405 -0.321223
v -0.026362 -0.258736 -0.319270
v -0.026362 -0.258736 -0.319270
v -0.020504 -0.268499 -0.321223
v -0.020504 -0.268499 -0.321223
v -0.040031 -0.272405 -0.321223
v -0.040031 -0.272405 -0.321223
v -0.036125 -0.280216 -0.323176
v -0.036125 -0.280216 -0.323176
v -0.036125 -0.280216 -0.323176
v 0.092754 -0.131809 0.004882
v 0.092754 -0.131809 0.004882
v 0.092754 -0.131809 0.004882
v 0.102518 -0.131809 -0.049794
v 0.092754 -0.129856 -0.045889
v 0.092754 -0.129856 -0.045889
v 0.065416 -0.106423 -0.102518
v 0.061511 -0.106423 -0.094707
v 0.061511 -0.106423 -0.094707
v 0.061511 -0.106423 -0.094707
v -0.256783 0.061511 -0.112282
v -0.264594 0.071274 -0.114234
v -0.206012 0.088849 -0.122045
v -0.213823 0.098613 -0.123998
v -0.092754 -0.123998 -0.043936
v -0.092754 -0.123998 -0.043936
v -0.092754 -0.123998 -0.043936
v -0.092754 -0.125951 0.004882
v -0.092754 -0.125951 0.004882
v -0.092754 -0.125951 0.004882
v 0.092754 -0.123998 -0.043936
v 0.061511 -0.100565 -0.094707
v 0.061511 -0.100565 -0.094707
v 0.092754 -0.125951 0.004882
v 0.092754 -0.125951 0.004882
v -0.061511 -0.100565 -0.094707
v -0.061511 -0.100565 -0.094707
v -0.061511 -0.100565 -0.094707
v -0.000976 -0.086896 -0.110329
v -0.000976 -0.086896 -0.110329
v 0.319270 -0.475488 -0.000976
v 0.325128 -0.465725 0.020504
v 0.336845 -0.471583 0.002929
v 0.348561 -0.461819 0.030267
v 0.358325 -0.465725 0.012693
v 0.375899 -0.452055 0.022456
v 0.391521 -0.432528 0.030267
v 0.401285 -0.407143 0.036125
v 0.405190 -0.377852 0.038078
v -0.325128 -0.465725 0.020504
v -0.319270 -0.475488 -0.000976
v -0.336845 -0.471583 0.002929
v -0.348561 -0.461819 0.030267
v -0.358325 -0.465725 0.012693
v -0.375899 -0.452055 0.022456
v -0.391521 -0.432528 0.030267
v -0.401285 -0.407143 0.036125
v -0.405190 -0.377852 0.038078
v -0.168911 -0.385663 -0.293885
v -0.166958 -0.416906 -0.295838
v -0.166958 -0.364183 -0.295838
v -0.159147 -0.432528 -0.299743
v -0.159147 -0.432528 -0.299743
v -0.159147 -0.348561 -0.299743
v -0.159147 -0.348561 -0.299743
v -0.135714 -0.393474 -0.309507
v -0.147431 -0.438386 -0.305601
v -0.147431 -0.438386 -0.305601
v -0.147431 -0.340750 -0.305601
v -0.147431 -0.340750 -0.305601
v -0.133762 -0.338798 -0.309507
v -0.133762 -0.338798 -0.309507
v -0.133762 -0.440339 -0.309507
v -0.133762 -0.440339 -0.309507
v -0.120092 -0.436434 -0.311459
v -0.120092 -0.436434 -0.311459
v 0.168911 -0.385663 -0.293885
v 0.166958 -0.416906 -0.295838
v 0.166958 -0.364183 -0.295838
v 0.159147 -0.432528 -0.299743
v 0.159147 -0.432528 -0.299743
v 0.159147 -0.348561 -0.299743
v 0.159147 -0.348561 -0.299743
v 0.135714 -0.393474 -0.309507
v 0.147431 -0.438386 -0.305601
v 0.147431 -0.438386 -0.305601
v 0.147431 -0.340750 -0.305601
v 0.147431 -0.340750 -0.305601
v 0.133762 -0.338798 -0.309507
v 0.133762 -0.338798 -0.309507
v 0.133762 -0.440339 -0.309507
v 0.133762 -0.440339 -0.309507
v 0.120092 -0.436434 -0.311459
v 0.120092 -0.436434 -0.311459
v -0.245067 0.784018 -0.088849
v -0.186485 0.784018 -0.120092
v -0.127903 0.787924 -0.129856
v 0.245067 0.784018 -0.088849
v 0.186485 0.784018 -0.120092
v 0.127903 0.787924 -0.129856
v -0.307554 0.862127 -0.116187
v -0.307554 0.862127 -0.116187
v -0.289979 0.826978 -0.129856
v -0.289979 0.826978 -0.129856
v -0.237256 0.766444 -0.067369
v -0.237256 0.766444 -0.067369
v -0.247020 0.764491 0.008787
v -0.247020 0.764491 0.008787
v -0.231398 0.764491 -0.063464
v -0.231398 0.764491 -0.063464
v 0.237256 0.766444 -0.067369
v 0.237256 0.766444 -0.067369
v 0.247020 0.764491 0.008787
v 0.247020 0.764491 0.008787
v 0.231398 0.764491 -0.063464
v 0.231398 0.764491 -0.063464
v 0.231398 0.760586 -0.063464
v 0.237256 0.760586 -0.067369
v -0.231398 0.760586 -0.063464
v -0.237256 0.760586 -0.067369
v -0.262641 0.393474 -0.063464
v -0.262641 0.393474 -0.063464
v -0.262641 0.393474 -0.063464
v -0.243114 0.323176 -0.018551
v -0.237256 0.350514 -0.053700
v -0.237256 0.350514 -0.053700
v -0.239209 0.313412 -0.061511
v -0.239209 0.313412 -0.061511
v -0.248972 0.395427 -0.084943
v -0.248972 0.395427 -0.084943
v -0.247020 0.305601 -0.082991
v -0.247020 0.305601 -0.082991
v -0.221634 0.375899 -0.100565
v -0.221634 0.375899 -0.100565
v -0.221634 0.420812 -0.118140
v -0.248972 0.432528 -0.108376
v -0.248972 0.432528 -0.108376
v -0.215776 0.401285 -0.143525
v -0.219681 0.366136 -0.135714
v -0.219681 0.366136 -0.135714
v -0.231398 0.330987 -0.112282
v 0.262641 0.393474 -0.063464
v 0.262641 0.393474 -0.063464
v 0.262641 0.393474 -0.063464
v 0.243114 0.323176 -0.018551
v 0.237256 0.350514 -0.053700
v 0.239209 0.313412 -0.061511
v 0.248972 0.395427 -0.084943
v 0.248972 0.395427 -0.084943
v 0.221634 0.375899 -0.100565
v 0.221634 0.375899 -0.100565
v 0.221634 0.420812 -0.118140
v 0.248972 0.432528 -0.108376
v 0.248972 0.432528 -0.108376
v 0.215776 0.401285 -0.143525
v 0.215776 0.401285 -0.143525
v 0.247020 0.305601 -0.082991
v 0.231398 0.330987 -0.112282
v 0.231398 0.330987 -0.112282
v 0.219681 0.366136 -0.135714
v 0.219681 0.366136 -0.135714
v -0.311459 0.864080 -0.149383
v -0.297790 0.842600 -0.163052
v -0.291932 0.834789 -0.163052
v -0.291932 0.834789 -0.163052

vt 0.022498 0.133907
vt 0.268154 0.088031
vt 0.567584 0.011012
vt 0.115244 0.592591
vt 0.311024 0.088031
vt 0.523582 0.004770
vt 0.014436 0.119254
vt 0.087312 0.313675
vt 0.135171 0.575931
vt 0.284727 0.088899
vt 0.959318 0.430465
vt 0.109289 0.430763
vt 0.146356 0.133907
vt 0.509624 0.354293
vt 0.138670 0.032524
vt 0.154418 0.119254
vt 0.232900 0.313675
vt 0.493050 0.355160
vt 0.891076 0.822486
vt 0.066732 0.429981
vt 0.163666 0.041197
vt 0.466754 0.354293
vt 0.655731 0.988195
vt 0.673228 0.811060
vt 0.677209 0.267563
vt 0.919914 0.030015
vt 0.975941 0.529058
vt 0.685477 0.267563
vt 0.954943 0.326861
vt 0.980138 0.522109
vt 0.671235 0.809594
vt 0.674978 0.269297
vt 0.963692 0.332611
vt 0.289151 0.687433
vt 0.318327 0.611882
vt 0.463313 0.720295
vt 0.508749 0.343449
vt 0.971600 0.075983
vt 0.319806 0.613858
vt 0.465879 0.720295
vt 0.568241 0.467043
vt 0.455381 0.723764
vt 0.512947 0.350397
vt 0.559493 0.472792
vt 0.344682 0.598851
vt 0.405871 0.636076
vt 0.351271 0.622759
vt 0.354534 0.642152
vt 0.250978 0.787944
vt 0.349655 0.642840
vt 0.346672 0.654063
vt 0.388952 0.680641
vt 0.445757 0.750650
vt 0.564742 0.099306
vt 0.700350 0.716826
vt 0.353872 0.677121
vt 0.273317 0.175629
vt 0.308570 0.681979
vt 0.564742 0.023189
vt 0.261509 0.175142
vt 0.307719 0.670006
vt 0.354664 0.681815
vt 0.562564 0.066499
vt 0.415236 0.577159
vt 0.353556 0.568679
vt 0.259465 0.174009
vt 0.297900 0.776620
vt 0.306462 0.667826
vt 0.291353 0.574041
vt 0.282456 0.559017
vt 0.486002 0.958485
vt 0.505101 0.571986
vt 0.349718 0.519081
vt 0.479266 0.880284
vt 0.406490 0.520770
vt 0.486002 0.822086
vt 0.342738 0.602814
vt 0.745844 0.644008
vt 0.288276 0.575720
vt 0.752627 0.701280
vt 0.279528 0.561320
vt 0.508351 0.570240
vt 0.753408 0.717088
vt 0.000437 0.888693
vt 0.297900 0.609280
vt 0.486002 0.667780
vt 0.289368 0.631759
vt 0.471746 0.686824
vt 0.259932 0.694403
vt 0.434341 0.745447
vt 0.068617 0.981413
vt 0.486002 0.557483
vt 0.992326 0.479185
vt 0.456145 0.526503
vt 0.476484 0.770932
vt 0.984756 0.437454
vt 0.280848 0.759310
vt 0.366177 0.733710
vt 0.995760 0.242623
vt 0.360824 0.711941
vt 0.996063 0.220685
vt 0.359219 0.709843
vt 0.405436 0.759323
vt 0.993388 0.219861
vt 0.236658 0.780740
vt 0.347070 0.624706
vt 0.756863 0.626626
vt 0.166398 0.821245
vt 0.068169 0.839196
vt 0.087531 0.885322
vt 0.101337 0.609280
vt 0.126051 0.767129
vt 0.198410 0.873406
vt 0.111549 0.026453
vt 0.133964 0.938239
vt 0.823607 0.852013
vt 0.096690 0.038331
vt 0.115296 0.931756
vt 0.086021 0.041243
vt 0.102829 0.933181
vt 0.045407 0.862317
vt 0.070983 0.037006
vt 0.087948 0.941980
vt 0.049658 0.225944
vt 0.053806 0.026453
vt 0.076548 0.959859
vt 0.068823 0.224505
vt 0.073019 0.977795
vt 0.013300 0.835550
vt 0.246384 0.623554
vt 0.009822 0.777515
vt 0.202549 0.660524
vt 0.015348 0.614279
vt 0.214938 0.767129
vt 0.314563 0.505380
vt 0.265529 0.839033
vt 0.401244 0.508566
vt 0.264844 0.920244
vt 0.295075 0.783314
vt 0.479965 0.526886
vt 0.145638 0.952501
vt 0.827423 0.833327
vt 0.211067 0.971773
vt 0.371021 0.769063
vt 0.151092 0.966422
vt 0.828959 0.817684
vt 0.167888 0.999274
vt 0.424219 0.764448
vt 0.151836 0.984845
vt 0.826966 0.798651
vt 0.149642 0.999566
vt 0.441955 0.755854
vt 0.825301 0.783543
vt 0.071299 0.989894
vt 0.081795 0.227667
vt 0.991997 0.470607
vt 0.376953 0.970092
vt 0.373463 0.889535
vt 0.420766 0.888611
vt 0.420528 0.968658
vt 0.487147 0.509305
vt 0.455292 0.963903
vt 0.494152 0.542533
vt 0.326752 0.892313
vt 0.333969 0.972830
vt 0.377207 0.975547
vt 0.486877 0.466775
vt 0.420254 0.972814
vt 0.491166 0.508343
vt 0.298404 0.971546
vt 0.487811 0.391470
vt 0.334298 0.977016
vt 0.487776 0.425754
vt 0.372706 0.834935
vt 0.319972 0.840261
vt 0.426432 0.834071
vt 0.279252 0.858104
vt 0.481627 0.455198
vt 0.266404 0.968304
vt 0.444655 0.355899
vt 0.496176 0.361232
vt 0.453871 0.767514
vt 0.828959 0.768183
vt 0.965442 0.430083
vt 0.761492 0.921308
vt 0.683532 0.924359
vt 0.763551 0.983750
vt 0.680720 0.981636
vt 0.670420 0.951174
vt 0.710613 0.993461
vt 0.798136 0.979906
vt 0.792762 0.923657
vt 0.777833 0.991990
vt 0.864829 0.824101
vt 0.396705 0.977884
vt 0.672182 0.920216
vt 0.121172 0.000434
vt 0.801193 0.981967
vt 0.865527 0.849329
vt 0.087663 0.000643
vt 0.805337 0.948955
vt 0.702615 0.997832
vt 0.866037 0.749537
vt 0.431866 0.977884
vt 0.661855 0.953883
vt 0.772700 0.909118
vt 0.695211 0.909195
vt 0.056431 0.000434
vt 0.799601 0.918221
vt 0.992563 0.039462
vt 0.465004 0.978353
vt 0.673168 0.985069
vt 0.866967 0.718107
vt 0.135171 0.011709
vt 0.370516 0.984202
vt 0.694200 0.905030
vt 0.396528 0.982387
vt 0.669673 0.916411
vt 0.213911 0.011709
vt 0.768611 0.600065
vt 0.774070 0.905030
vt 0.894576 0.035126
vt 0.976815 0.730703
vt 0.996209 0.067216
vt 0.302695 0.194484
vt 0.297498 0.256605
vt 0.380098 0.258658
vt 0.380223 0.201460
vt 0.391874 0.228812
vt 0.271399 0.195387
vt 0.349715 0.268990
vt 0.263267 0.251132
vt 0.119519 0.080226
vt 0.257655 0.219967
vt 0.369398 0.185777
vt 0.178414 0.081117
vt 0.282900 0.264169
vt 0.153068 0.080226
vt 0.260142 0.253062
vt 0.292120 0.181700
vt 0.868024 0.455486
vt 0.391733 0.197917
vt 0.630239 0.980122
vt 0.400262 0.231898
vt 0.594835 0.979618
vt 0.387501 0.262374
vt 0.561448 0.979618
vt 0.937445 0.207073
vt 0.088289 0.081094
vt 0.264814 0.189726
vt 0.870552 0.483521
vt 0.357544 0.273634
vt 0.941569 0.238035
vt 0.178915 0.085517
vt 0.282853 0.268566
vt 0.952951 0.310928
vt 0.394410 0.194256
vt 0.630359 0.984666
vt 0.863954 0.353456
vt 0.370632 0.181700
vt 0.865091 0.379163
vt 0.042233 0.744570
vt 0.882508 0.161071
vt 0.121619 0.718453
vt 0.042816 0.737343
vt 0.120670 0.729812
vt 0.664479 0.900486
vt 0.904757 0.234751
vt 0.021051 0.738647
vt 0.269904 0.383104
vt 0.879703 0.140928
vt 0.118089 0.695186
vt 0.173126 0.707370
vt 0.131132 0.736228
vt 0.571741 0.239978
vt 0.653686 0.895490
vt 0.144826 0.761014
vt 0.877078 0.617282
vt 0.113826 0.764527
vt 0.571741 0.206331
vt 0.886487 0.588465
vt 0.038858 0.724973
vt 0.058069 0.676508
vt 0.019764 0.731400
vt 0.274022 0.388915
vt 0.000437 0.683557
vt 0.298245 0.435738
vt 0.112217 0.762282
vt 0.570649 0.208778
vt 0.244578 0.722980
vt 0.894495 0.720295
vt 0.243538 0.731158
vt 0.901537 0.715974
vt 0.977297 0.196444
vt 0.996063 0.288378
vt 0.534527 0.749340
vt 0.682663 0.183435
vt 0.212474 0.749806
vt 0.547228 0.743863
vt 0.222188 0.750389
vt 0.548258 0.752904
vt 0.533957 0.742369
vt 0.675331 0.183435
vt 0.544650 0.758785
vt 0.536159 0.735024
vt 0.667294 0.183435
vt 0.202076 0.748916
vt 0.242285 0.374626
vt 0.550339 0.734601
vt 0.548145 0.728071
vt 0.518582 0.319536
vt 0.538055 0.755265
vt 0.689851 0.182691
vt 0.532454 0.760218
vt 0.521874 0.320095
vt 0.535061 0.756331
vt 0.529118 0.320468
vt 0.530707 0.751013
vt 0.540929 0.730033
vt 0.660105 0.182691
vt 0.914134 0.838856
vt 0.536589 0.723961
vt 0.538253 0.728328
vt 0.913823 0.842214
vt 0.532815 0.732540
vt 0.548994 0.319536
vt 0.914134 0.849523
vt 0.526613 0.720511
vt 0.523600 0.730024
vt 0.530360 0.741967
vt 0.538696 0.320019
vt 0.521615 0.740982
vt 0.521157 0.751412
vt 0.521950 0.761358
vt 0.530408 0.711082
vt 0.523523 0.771398
vt 0.515277 0.728225
vt 0.513160 0.740032
vt 0.512640 0.751311
vt 0.539526 0.714427
vt 0.535502 0.702496
vt 0.543896 0.705834
vt 0.551264 0.717191
vt 0.518392 0.717877
vt 0.522351 0.707649
vt 0.555606 0.707812
vt 0.549453 0.698758
vt 0.541782 0.695418
vt 0.564832 0.698195
vt 0.902566 0.012636
vt 0.566396 0.703987
vt 0.896325 0.010841
vt 0.564351 0.719164
vt 0.570350 0.707690
vt 0.248683 0.372506
vt 0.554963 0.729380
vt 0.256780 0.372717
vt 0.283024 0.790548
vt 0.562480 0.730910
vt 0.575545 0.720216
vt 0.574285 0.732781
vt 0.587650 0.734174
vt 0.586117 0.748247
vt 0.573451 0.746826
vt 0.629736 0.753098
vt 0.904221 0.641724
vt 0.633447 0.738941
vt 0.903108 0.656135
vt 0.588927 0.721501
vt 0.638354 0.726325
vt 0.902717 0.669468
vt 0.596494 0.710067
vt 0.997813 0.526886
vt 0.589878 0.711539
vt 0.576471 0.710346
vt 0.283027 0.795736
vt 0.564744 0.736014
vt 0.571201 0.760006
vt 0.558454 0.771081
vt 0.569612 0.772542
vt 0.584550 0.761608
vt 0.582959 0.774255
vt 0.627438 0.766693
vt 0.907099 0.628389
vt 0.506999 0.018647
vt 0.625129 0.779569
vt 0.909777 0.615739
vt 0.283027 0.815725
vt 0.562624 0.754740
vt 0.115486 0.567567
vt 0.283024 0.820902
vt 0.559270 0.759210
vt 0.282263 0.806103
vt 0.565034 0.745881
vt 0.107061 0.568517
vt 0.229485 0.748916
vt 0.551595 0.759025
vt 0.545241 0.770091
vt 0.575241 0.245880
vt 0.587774 0.787079
vt 0.561727 0.783612
vt 0.599637 0.706778
vt 0.997610 0.522137
vt 0.644553 0.714425
vt 0.903220 0.682636
vt 0.557030 0.786347
vt 0.797463 0.660451
vt 0.547363 0.780208
vt 0.581653 0.784183
vt 0.568301 0.782379
vt 0.533169 0.770170
vt 0.526553 0.780907
vt 0.535493 0.779526
vt 0.539316 0.787668
vt 0.554195 0.791652
vt 0.795652 0.654264
vt 0.575038 0.250629
vt 0.590084 0.790976
vt 0.635654 0.793569
vt 0.517498 0.014310
vt 0.552965 0.239670
vt 0.634621 0.785341
vt 0.554708 0.254639
vt 0.649298 0.780913
vt 0.654856 0.788330
vt 0.664479 0.919375
vt 0.923447 0.235473
vt 0.601556 0.701097
vt 0.997150 0.515928
vt 0.574578 0.256839
vt 0.590669 0.796961
vt 0.648077 0.698867
vt 0.905516 0.698178
vt 0.601271 0.695917
vt 0.996960 0.510542
vt 0.554788 0.692834
vt 0.565988 0.693251
vt 0.908339 0.012771
vt 0.635579 0.809537
vt 0.911420 0.209924
vt 0.574388 0.262225
vt 0.589217 0.801965
vt 0.543182 0.794639
vt 0.554204 0.796738
vt 0.795517 0.648542
vt 0.531079 0.789212
vt 0.547890 0.689731
vt 0.535751 0.796123
vt 0.514893 0.772946
vt 0.513342 0.762092
vt 0.518579 0.783345
vt 0.527825 0.800057
vt 0.523122 0.792409
vt 0.528287 0.698343
vt 0.541063 0.684132
vt 0.534757 0.690529
vt 0.549857 0.801737
vt 0.575241 0.267563
vt 0.586385 0.806355
vt 0.694487 0.408461
vt 0.562887 0.687417
vt 0.317624 0.704943
vt 0.599504 0.691026
vt 0.997813 0.505204
vt 0.556267 0.801806
vt 0.727350 0.408422
vt 0.797463 0.643105
vt 0.317663 0.737521
vt 0.569139 0.688782
vt 0.913823 0.010841
vt 0.520637 0.806714
vt 0.515473 0.795995
vt 0.537586 0.842426
vt 0.717905 0.535077
vt 0.503882 0.763703
vt 0.509244 0.786073
vt 0.505504 0.774779
vt 0.556691 0.257155
vt 0.652544 0.781198
vt 0.656581 0.919775
vt 0.524249 0.837862
vt 0.731793 0.536943
vt 0.550211 0.846236
vt 0.705145 0.532241
vt 0.561360 0.805837
vt 0.721081 0.411280
vt 0.562280 0.849235
vt 0.693126 0.529654
vt 0.568870 0.807981
vt 0.712762 0.412402
vt 0.580287 0.808677
vt 0.700805 0.411288
vt 0.628004 0.821283
vt 0.909874 0.196276
vt 0.601601 0.855594
vt 0.653981 0.523324
vt 0.903514 0.153832
vt 0.510682 0.832827
vt 0.745965 0.538287
vt 0.503277 0.751256
vt 0.504255 0.739033
vt 0.506142 0.726190
vt 0.509540 0.714199
vt 0.513618 0.703770
vt 0.494303 0.751282
vt 0.494435 0.764839
vt 0.519810 0.693602
vt 0.528118 0.685329
vt 0.535570 0.676044
vt 0.497406 0.724163
vt 0.506371 0.799339
vt 0.496131 0.776922
vt 0.499946 0.814772
vt 0.764906 0.546649
vt 0.493415 0.803700
vt 0.645487 0.396536
vt 0.776465 0.551171
vt 0.499970 0.788502
vt 0.500592 0.710986
vt 0.494930 0.737987
vt 0.560158 0.645064
vt 0.776313 0.261492
vt 0.546138 0.646523
vt 0.790345 0.262129
vt 0.504970 0.699592
vt 0.573314 0.644184
vt 0.763217 0.262011
vt 0.314780 0.731306
vt 0.575006 0.685999
vt 0.654856 0.686696
vt 0.911199 0.710706
vt 0.988189 0.197760
vt 0.585745 0.643972
vt 0.750896 0.262417
vt 0.313648 0.723059
vt 0.582793 0.685593
vt 0.625433 0.646533
vt 0.711150 0.261670
vt 0.969469 0.243545
vt 0.314773 0.711206
vt 0.594102 0.687411
vt 0.531785 0.648389
vt 0.646574 0.559611
vt 0.804562 0.263329
vt 0.520009 0.680039
vt 0.511324 0.689166
vt 0.508374 0.672895
vt 0.649130 0.526426
vt 0.517242 0.663569
vt 0.648606 0.538936
vt 0.484252 0.766125
vt 0.649985 0.433532
vt 0.490960 0.707463
vt 0.651615 0.489301
vt 0.485566 0.779460
vt 0.648005 0.420929
vt 0.495248 0.694761
vt 0.650358 0.501981
vt 0.488978 0.791283
vt 0.646814 0.409206
vt 0.501244 0.684001
vt 0.649809 0.513734
vt 0.484682 0.751480
vt 0.651967 0.447294
vt 0.485891 0.736971
vt 0.653106 0.461002
vt 0.488079 0.721830
vt 0.652792 0.475459
vt 0.341645 0.727357
vt 0.576868 0.707930
vt 0.339462 0.733829
vt 0.571248 0.705419
vt 0.568147 0.784825
vt 0.717098 0.384649
vt 0.562093 0.786030
vt 0.723626 0.386813
vt 0.341645 0.713707
vt 0.589939 0.709014
vt 0.581147 0.786660
vt 0.703328 0.384649
vt 0.335752 0.738122
vt 0.567523 0.701952
vt 0.897066 0.013650
vt 0.339463 0.707225
vt 0.596402 0.707570
vt 0.994837 0.526187
vt 0.557672 0.788586
vt 0.727957 0.390490
vt 0.794630 0.659717
vt 0.572265 0.246580
vt 0.587127 0.789493
vt 0.696789 0.386812
vt 0.569546 0.932111
vt 0.567496 0.910018
vt 0.603072 0.907515
vt 0.604978 0.928096
vt 0.565908 0.932436
vt 0.563859 0.910361
vt 0.528268 0.936547
vt 0.526096 0.913181
vt 0.514675 0.938458
vt 0.512379 0.913782
vt 0.620342 0.916671
vt 0.624440 0.947269
vt 0.641567 0.873398
vt 0.612839 0.949863
vt 0.653198 0.875526
vt 0.577683 0.956862
vt 0.688579 0.881592
vt 0.542614 0.964445
vt 0.724090 0.887250
vt 0.518966 0.968815
vt 0.747837 0.891154
vt 0.618693 0.885122
vt 0.719184 0.696102
vt 0.606803 0.884679
vt 0.721331 0.684579
vt 0.570940 0.884197
vt 0.727451 0.649524
vt 0.535059 0.883135
vt 0.733158 0.614341
vt 0.511000 0.883151
vt 0.737095 0.590813
vt 0.122645 0.396388
vt 0.631012 0.869142
vt 0.635608 0.944913
vt 0.145241 0.415235
vt 0.634130 0.915418
vt 0.171435 0.430949
vt 0.635608 0.884799
vt 0.712174 0.711346
vt 0.508836 0.883206
vt 0.516830 0.969156
vt 0.510417 0.858054
vt 0.712260 0.587018
vt 0.111075 0.424545
vt 0.491057 0.857329
vt 0.713451 0.567838
vt 0.130966 0.155127
vt 0.135171 0.433227
vt 0.489501 0.882517
vt 0.510749 0.913365
vt 0.098718 0.161752
vt 0.490912 0.914312
vt 0.070136 0.161752
vt 0.493478 0.941861
vt 0.513148 0.939165
vt 0.037888 0.155127
vt 0.497958 0.973363
vt 0.594488 0.011105
vt 0.504134 0.997832
vt 0.568508 0.017780
vt 0.771025 0.867714
vt 0.523025 0.993584
vt 0.751668 0.866534
vt 0.771919 0.203535
vt 0.940417 0.351940
vt 0.942982 0.389553
vt 0.768475 0.189098
vt 0.955429 0.351402
vt 0.812523 0.915653
vt 0.891951 0.389742
vt 0.955534 0.388833
vt 0.779090 0.249946
vt 0.835336 0.883627
vt 0.893643 0.350824
vt 0.087312 0.312160
vt 0.957896 0.430595
vt 0.084262 0.299197
vt 0.945325 0.430616
vt 0.071304 0.246499
vt 0.811161 0.956090
vt 0.894098 0.430004
vt 0.095738 0.590932
vt 0.957115 0.388879
vt 0.057907 0.582992
vt 0.768144 0.186904
vt 0.957609 0.350824
vt 0.640154 0.203536
vt 0.909976 0.743961
vt 0.643597 0.189098
vt 0.894964 0.743423
vt 0.907412 0.781574
vt 0.613519 0.114236
vt 0.958443 0.781763
vt 0.894860 0.780854
vt 0.632983 0.249950
vt 0.645825 0.136851
vt 0.956751 0.742845
vt 0.232900 0.312160
vt 0.892498 0.822616
vt 0.235949 0.299197
vt 0.905068 0.822637
vt 0.248906 0.246499
vt 0.572728 0.112886
vt 0.956295 0.822025
vt 0.051272 0.441887
vt 0.181540 0.032524
vt 0.893279 0.780900
vt 0.023879 0.468940
vt 0.643929 0.186904
vt 0.892785 0.742845
vt 0.250393 0.142295
vt 0.359402 0.016912
vt 0.898075 0.324805
vt 0.358518 0.063126
vt 0.389802 0.061082
vt 0.700682 0.125905
vt 0.391514 0.018634
vt 0.698600 0.085011
vt 0.879754 0.354532
vt 0.281195 0.150477
vt 0.358871 0.065468
vt 0.254247 0.136098
vt 0.388475 0.064840
vt 0.701187 0.129842
vt 0.278883 0.161430
vt 0.326772 0.016912
vt 0.914303 0.631830
vt 0.328761 0.063137
vt 0.960317 0.632179
vt 0.310499 0.145665
vt 0.329832 0.065481
vt 0.962817 0.633313
vt 0.045057 0.298222
vt 0.272312 0.018647
vt 0.430544 0.996964
vt 0.799213 0.720295
vt 0.051633 0.453396
vt 0.241873 0.062824
vt 0.273200 0.064860
vt 0.092875 0.451431
vt 0.240157 0.020377
vt 0.770681 0.703798
vt 0.047667 0.453895
vt 0.243198 0.066582
vt 0.385896 0.120210
vt 0.272843 0.067203
vt 0.371391 0.146925
vt 0.019330 0.319530
vt 0.304899 0.018647
vt 0.907319 0.856461
vt 0.302918 0.064871
vt 0.953317 0.856800
vt 0.301843 0.067216
vt 0.376243 0.175977
vt 0.955818 0.857934
vt 0.927494 0.700136
vt 0.323286 0.091718
vt 0.962817 0.689717
vt 0.926228 0.676605
vt 0.355516 0.116310
vt 0.694226 0.116144
vt 0.915346 0.718305
vt 0.309194 0.153290
vt 0.912948 0.659791
vt 0.689816 0.104387
vt 0.927232 0.718150
vt 0.691304 0.088510
vt 0.942060 0.720321
vt 0.323909 0.079797
vt 0.889501 0.023717
vt 0.959240 0.700434
vt 0.328521 0.107034
vt 0.959540 0.674839
vt 0.958234 0.660184
vt 0.325952 0.119606
vt 0.961698 0.661823
vt 0.003860 0.230269
vt 0.950498 0.717832
vt 0.989064 0.638795
vt 0.892826 0.004988
vt 0.952682 0.717700
vt 0.986727 0.638768
vt 0.889022 0.022116
vt 0.960130 0.701822
vt 0.003163 0.234258
vt 0.694226 0.081477
vt 0.948327 0.721162
vt 0.919229 0.901231
vt 0.430664 0.188653
vt 0.955818 0.914341
vt 0.920497 0.924765
vt 0.042159 0.401837
vt 0.647857 0.646940
vt 0.908351 0.942937
vt 0.019117 0.349574
vt 0.905949 0.884417
vt 0.643427 0.635192
vt 0.920233 0.942778
vt 0.644935 0.619310
vt 0.935065 0.944951
vt 0.398648 0.052645
vt 0.442689 0.189271
vt 0.952250 0.925063
vt 0.415214 0.193842
vt 0.952529 0.899457
vt 0.951220 0.884799
vt 0.402531 0.191294
vt 0.954685 0.886439
vt 0.523685 0.076066
vt 0.943507 0.942463
vt 0.990814 0.001327
vt 0.417540 0.055941
vt 0.945690 0.942331
vt 0.988476 0.001301
vt 0.400262 0.052171
vt 0.953140 0.926452
vt 0.524357 0.080429
vt 0.647857 0.612281
vt 0.941336 0.945794
vt 0.241032 0.200495
vt 0.835510 0.891795
vt 0.905074 0.249885
vt 0.932799 0.291319
vt 0.237652 0.157834
vt 0.907088 0.291740
vt 0.865847 0.891154
vt 0.933905 0.246748
vt 0.809077 0.914406
vt 0.935469 0.290914
vt 0.807962 0.957777
vt 0.868329 0.892198
vt 0.936570 0.247406
vt 0.210098 0.124458
vt 0.907834 0.333854
vt 0.968765 0.759323
vt 0.933628 0.334345
vt 0.994873 0.759938
vt 0.834494 0.879879
vt 0.936570 0.333649
vt 0.997813 0.760877
vt 0.122694 0.075466
vt 0.707889 0.081960
vt 0.788714 0.238656
vt 0.750111 0.079964
vt 0.792094 0.195996
vt 0.749686 0.054476
vt 0.122047 0.045392
vt 0.704724 0.053380
vt 0.614776 0.110820
vt 0.749277 0.051830
vt 0.123101 0.042931
vt 0.571026 0.109714
vt 0.705388 0.050737
vt 0.792593 0.079225
vt 0.819648 0.162619
vt 0.964390 0.187771
vt 0.793088 0.053654
vt 0.990498 0.187156
vt 0.649606 0.136017
vt 0.792386 0.050737
vt 0.993438 0.186217
vt 0.145669 0.185682
vt 0.478826 0.039876
vt 0.514873 0.065430
vt 0.994357 0.830442
vt 0.478826 0.065738
vt 0.149185 0.147799
vt 0.514873 0.039568
vt 0.968565 0.828141
vt 0.478296 0.068691
vt 0.899825 0.936909
vt 0.513605 0.068444
vt 0.894280 0.901079
vt 0.997813 0.830373
vt 0.431759 0.066988
vt 0.865457 0.972680
vt 0.168248 0.226001
vt 0.433855 0.039462
vt 0.837024 0.970710
vt 0.432704 0.069818
vt 0.868329 0.971362
vt 0.880782 0.978289
vt 0.864653 0.047681
vt 0.884077 0.223844
vt 0.864653 0.073544
vt 0.900700 0.073236
vt 0.989983 0.116652
vt 0.880561 0.185960
vt 0.900700 0.047374
vt 0.964191 0.118953
vt 0.592077 0.200781
vt 0.864123 0.076497
vt 0.628220 0.195284
vt 0.899432 0.076250
vt 0.993438 0.116722
vt 0.204287 0.045779
vt 0.817585 0.074793
vt 0.202300 0.073965
vt 0.819682 0.047268
vt 0.861498 0.264163
vt 0.202957 0.042931
vt 0.550335 0.181903
vt 0.818531 0.077624
vt 0.207264 0.571574
vt 0.242294 0.538826
vt 0.207261 0.539088
vt 0.243447 0.571367
vt 0.207268 0.593170
vt 0.243967 0.592936
vt 0.240385 0.499227
vt 0.207262 0.499646
vt 0.239421 0.487224
vt 0.207262 0.487657
vt 0.173421 0.499224
vt 0.174387 0.487223
vt 0.171510 0.538824
vt 0.170353 0.571374
vt 0.169860 0.592948
vt 0.207256 0.475557
vt 0.238697 0.474949
vt 0.237744 0.462734
vt 0.207256 0.463490
vt 0.175109 0.474949
vt 0.176065 0.462735
vt 0.207255 0.450903
vt 0.177356 0.449990
vt 0.549869 0.303465
vt 0.236452 0.449990
vt 0.914412 0.536427
vt 0.262730 0.484931
vt 0.264055 0.455728
vt 0.889230 0.546127
vt 0.304369 0.501255
vt 0.827197 0.538904
vt 0.285620 0.515564
vt 0.287434 0.518432
vt 0.306705 0.504063
vt 0.823511 0.538121
vt 0.292156 0.524392
vt 0.311378 0.510334
vt 0.815617 0.536427
vt 0.298459 0.533024
vt 0.579475 0.614652
vt 0.318023 0.518905
vt 0.564147 0.635214
vt 0.804627 0.536648
vt 0.277320 0.545305
vt 0.585739 0.588714
vt 0.264571 0.520692
vt 0.270058 0.531077
vt 0.151078 0.484928
vt 0.149755 0.455728
vt 0.538089 0.277774
vt 0.109441 0.501247
vt 0.547012 0.218012
vt 0.128186 0.515558
vt 0.107114 0.504066
vt 0.547840 0.214310
vt 0.143748 0.531070
vt 0.126378 0.518430
vt 0.121657 0.524387
vt 0.102443 0.510334
vt 0.549629 0.206545
vt 0.115356 0.533015
vt 0.279358 0.364562
vt 0.095801 0.518901
vt 0.258616 0.349367
vt 0.549869 0.195570
vt 0.136486 0.545294
vt 0.305523 0.370772
vt 0.149235 0.520687
vt 0.207246 0.440768
vt 0.224135 0.338625
vt 0.140480 0.590688
vt 0.603827 0.589642
vt 0.205668 0.319601
vt 0.233172 0.439289
vt 0.718723 0.552905
vt 0.923447 0.543629
vt 0.143242 0.564115
vt 0.606863 0.616317
vt 0.144987 0.544143
vt 0.142801 0.549786
vt 0.314123 0.368913
vt 0.609380 0.630511
vt 0.268816 0.544151
vt 0.271002 0.549796
vt 0.583864 0.580189
vt 0.707769 0.764545
vt 0.270556 0.564130
vt 0.722096 0.762050
vt 0.273354 0.590687
vt 0.749019 0.759041
vt 0.180642 0.439289
vt 0.237137 0.362537
vt 0.542111 0.311795
vt 0.207267 0.595192
vt 0.169526 0.595015
vt 0.015085 0.533901
vt 0.207268 0.613617
vt 0.006562 0.496158
vt 0.168872 0.613409
vt 0.244301 0.595005
vt 0.028440 0.569484
vt 0.244955 0.613401
vt 0.273705 0.591854
vt 0.750186 0.758680
vt 0.050151 0.592704
vt 0.276267 0.610982
vt 0.769655 0.756722
vt 0.140128 0.591857
vt 0.603463 0.588485
vt 0.012040 0.464969
vt 0.137561 0.610984
vt 0.601487 0.569196
vt 0.863191 0.932538
vt 0.210725 0.231136
vt 0.833333 0.931485
vt 0.840351 0.985690
vt 0.866275 0.932635
vt 0.163794 0.048024
vt 0.162731 0.077624
vt 0.819021 0.269297
vt 0.163892 0.044968
vt 0.542870 0.141822
vt 0.171150 0.278719
vt 0.878730 0.299984
vt 0.171911 0.295255
vt 0.159715 0.295346
vt 0.159717 0.278719
vt 0.872668 0.309213
vt 0.149045 0.278719
vt 0.867011 0.317826
vt 0.148282 0.295255
vt 0.204689 0.289986
vt 0.898950 0.274501
vt 0.115507 0.289986
vt 0.851669 0.346487
vt 0.200879 0.312035
vt 0.171912 0.311822
vt 0.159716 0.311913
vt 0.084061 0.148672
vt 0.159716 0.314275
vt 0.095787 0.147942
vt 0.171912 0.314184
vt 0.123637 0.143507
vt 0.200879 0.314397
vt 0.148283 0.311822
vt 0.073067 0.147942
vt 0.148283 0.314184
vt 0.119319 0.312035
vt 0.045217 0.143507
vt 0.119318 0.314397
vt 0.214599 0.240044
vt 0.546433 0.142400
vt 0.176490 0.235473
vt 0.237533 0.101456
vt 0.552861 0.180040
vt 0.169629 0.266486
vt 0.206912 0.105377
vt 0.864582 0.292532
vt 0.105598 0.240044
vt 0.840934 0.982158
vt 0.143713 0.235473
vt 0.776862 0.017780
vt 0.878903 0.975785
vt 0.150573 0.266486
vt 0.780840 0.048135
vt 0.854480 0.307914
vt 0.383196 0.334991
vt 0.420406 0.332269
vt 0.419742 0.314674
vt 0.382026 0.317402
vt 0.367001 0.318819
vt 0.367863 0.335287
vt 0.468504 0.313052
vt 0.467500 0.330306
vt 0.495276 0.313867
vt 0.523565 0.620851
vt 0.491778 0.331816
vt 0.510752 0.610448
vt 0.403767 0.344524
vt 0.380836 0.298672
vt 0.418587 0.297892
vt 0.364635 0.300529
vt 0.468120 0.296777
vt 0.497375 0.297760
vt 0.538247 0.624042
vt 0.361854 0.284625
vt 0.414820 0.172563
vt 0.378529 0.282307
vt 0.430198 0.174769
vt 0.401517 0.283472
vt 0.452442 0.176483
vt 0.417156 0.286362
vt 0.467574 0.177363
vt 0.466504 0.282307
vt 0.515038 0.172970
vt 0.497233 0.282737
vt 0.543745 0.168064
vt 0.552112 0.620212
vt 0.386478 0.353000
vt 0.665257 0.795750
vt 0.906634 0.018647
vt 0.389013 0.365867
vt 0.368407 0.366879
vt 0.592891 0.163045
vt 0.654856 0.815986
vt 0.368661 0.349043
vt 0.905074 0.036485
vt 0.275533 0.129246
vt 0.338507 0.324456
vt 0.262453 0.123412
vt 0.341877 0.337515
vt 0.291336 0.129662
vt 0.335564 0.309873
vt 0.306890 0.126648
vt 0.334646 0.295313
vt 0.393263 0.153857
vt 0.372713 0.374622
vt 0.590199 0.154742
vt 0.027559 0.964469
vt 0.408691 0.363794
vt 0.807606 0.628373
vt 0.421339 0.349532
vt 0.807489 0.646857
vt 0.013617 0.976149
vt 0.394183 0.375976
vt 0.572616 0.142671
vt 0.790500 0.631374
vt 0.487988 0.349092
vt 0.506733 0.595280
vt 0.815657 0.709887
vt 0.255906 0.112142
vt 0.344028 0.349364
vt 0.918187 0.058391
vt 0.666673 0.341929
vt 0.630127 0.321612
vt 0.629463 0.339208
vt 0.667843 0.324341
vt 0.682868 0.325758
vt 0.682006 0.342225
vt 0.581365 0.319990
vt 0.582369 0.337245
vt 0.273105 0.309136
vt 0.554592 0.320805
vt 0.283599 0.296435
vt 0.558091 0.338754
vt 0.646101 0.351463
vt 0.669032 0.305611
vt 0.631282 0.304830
vt 0.685234 0.307468
vt 0.581749 0.303715
vt 0.269886 0.323691
vt 0.552493 0.304699
vt 0.688015 0.291563
vt 0.789904 0.169094
vt 0.671340 0.289245
vt 0.774527 0.171300
vt 0.648352 0.290411
vt 0.752282 0.173013
vt 0.632713 0.293300
vt 0.737151 0.173894
vt 0.583364 0.289245
vt 0.689687 0.169501
vt 0.273749 0.337436
vt 0.552635 0.289675
vt 0.660980 0.164595
vt 0.333771 0.619784
vt 0.663391 0.359938
vt 0.984878 0.064614
vt 0.660856 0.372805
vt 0.199760 0.639194
vt 0.313358 0.630095
vt 0.681462 0.373818
vt 0.681207 0.355982
vt 0.986439 0.082453
vt 0.312418 0.333043
vt 0.711362 0.331394
vt 0.325492 0.327191
vt 0.707992 0.344453
vt 0.296613 0.333478
vt 0.714305 0.316811
vt 0.281052 0.330488
vt 0.715223 0.302252
vt 0.811461 0.150388
vt 0.202452 0.630891
vt 0.677156 0.381560
vt 0.005687 0.415004
vt 0.641178 0.370732
vt 0.841742 0.491595
vt 0.628529 0.356471
vt 0.842935 0.473355
vt 0.024059 0.415004
vt 0.220035 0.618820
vt 0.655685 0.382914
vt 0.865274 0.483402
vt 0.298900 0.292450
vt 0.561881 0.356031
vt 0.838625 0.410668
vt 0.332021 0.315914
vt 0.705841 0.356302
vt 0.973329 0.104361
vt 0.766708 0.085820
vt 0.886944 0.421646
vt 0.767446 0.098110
vt 0.787539 0.095555
vt 0.787396 0.084784
vt 0.887112 0.442087
vt 0.772070 0.125346
vt 0.837708 0.022649
vt 0.793635 0.108907
vt 0.764652 0.098050
vt 0.751182 0.097679
vt 0.758453 0.127487
vt 0.722660 0.084655
vt 0.880676 0.378366
vt 0.723267 0.125466
vt 0.749729 0.127054
vt 0.248031 0.114571
vt 0.724064 0.129303
vt 0.255017 0.090231
vt 0.750009 0.130719
vt 0.258214 0.083163
vt 0.758114 0.130992
vt 0.057851 0.230269
vt 0.790268 0.119026
vt 0.989064 0.694276
vt 0.773613 0.126859
vt 0.837925 0.020511
vt 0.790166 0.121173
vt 0.839274 0.003036
vt 0.986726 0.694250
vt 0.057680 0.237357
vt 0.797047 0.117397
vt 0.789144 0.095127
vt 0.067804 0.237900
vt 0.795321 0.108583
vt 0.798268 0.095131
vt 0.788875 0.084562
vt 0.885525 0.442444
vt 0.799272 0.084655
vt 0.886622 0.452920
vt 0.803824 0.102838
vt 0.060404 0.251289
vt 0.809758 0.111442
vt 0.059096 0.266682
vt 0.093698 0.117014
vt 0.823131 0.104968
vt 0.089822 0.100287
vt 0.825459 0.088620
vt 0.898075 0.477365
vt 0.266850 0.078491
vt 0.455013 0.741102
vt 0.767643 0.133998
vt 0.842885 0.030789
vt 0.058057 0.238993
vt 0.798618 0.117434
vt 0.091898 0.518949
vt 0.776930 0.638820
vt 0.082041 0.539608
vt 0.079505 0.519661
vt 0.092918 0.539448
vt 0.779835 0.618514
vt 0.052022 0.524169
vt 0.399726 0.001301
vt 0.079571 0.516887
vt 0.079977 0.503532
vt 0.049903 0.510664
vt 0.093176 0.475285
vt 0.765446 0.680736
vt 0.052018 0.475791
vt 0.050361 0.502023
vt 0.058673 0.542128
vt 0.467121 0.076066
vt 0.990814 0.056808
vt 0.050519 0.525723
vt 0.401882 0.001516
vt 0.056504 0.542059
vt 0.419510 0.002853
vt 0.988476 0.056782
vt 0.046368 0.510304
vt 0.439295 0.124146
vt 0.046663 0.502253
vt 0.432165 0.120976
vt 0.048142 0.476559
vt 0.407613 0.114050
vt 0.068679 0.545910
vt 0.060004 0.548901
vt 0.467556 0.083375
vt 0.082490 0.541225
vt 0.068978 0.547578
vt 0.457130 0.084563
vt 0.082600 0.550302
vt 0.093153 0.540882
vt 0.778322 0.617957
vt 0.093176 0.551175
vt 0.780825 0.607685
vt 0.074897 0.555925
vt 0.066301 0.561928
vt 0.465472 0.097825
vt 0.073006 0.575097
vt 0.467906 0.113350
vt 0.089522 0.577190
vt 0.463392 0.130583
vt 0.795236 0.584768
vt 0.043307 0.519753
vt 0.391514 0.006433
vt 0.444007 0.132708
vt 0.798146 0.697908
vt 0.059901 0.550460
vt 0.467242 0.085163
vt 0.750923 0.791332
vt 0.737986 0.810813
vt 0.835688 0.670335
vt 0.959318 0.454900
vt 0.739358 0.792868
vt 0.853811 0.668435
vt 0.751767 0.823625
vt 0.513221 0.580147
vt 0.702638 0.817252
vt 0.922893 0.456635
vt 0.496960 0.577190
vt 0.709978 0.828652
vt 0.503806 0.580435
vt 0.701987 0.827325
vt 0.750442 0.866285
vt 0.716224 0.862037
vt 0.044182 0.390721
vt 0.491251 0.577480
vt 0.708171 0.834472
vt 0.688965 0.858576
vt 0.058726 0.385743
vt 0.692767 0.834713
vt 0.079835 0.377611
vt 0.670120 0.834746
vt 0.664065 0.851156
vt 0.105187 0.368206
vt 0.642950 0.835433
vt 0.119636 0.358714
vt 0.625984 0.831575
vt 0.753388 0.824087
vt 0.116531 0.595430
vt 0.522747 0.007423
vt 0.772091 0.823551
vt 0.082505 0.601474
vt 0.772091 0.789587
vt 0.752640 0.790935
vt 0.573436 0.577190
vt 0.709511 0.774218
vt 0.561405 0.577899
vt 0.703826 0.781561
vt 0.863236 0.704409
vt 0.568330 0.579876
vt 0.703043 0.774978
vt 0.572796 0.586917
vt 0.700734 0.767665
vt 0.578977 0.588910
vt 0.704957 0.763404
vt 0.079099 0.393009
vt 0.553430 0.464215
vt 0.538041 0.464790
vt 0.071181 0.392816
vt 0.554392 0.471691
vt 0.544466 0.490069
vt 0.529898 0.478345
vt 0.061445 0.392037
vt 0.557382 0.480495
vt 0.053070 0.391587
vt 0.561847 0.487105
vt 0.972601 0.503783
vt 0.532420 0.492897
vt 0.546720 0.502463
vt 0.561814 0.505161
vt 0.535245 0.507628
vt 0.520121 0.465477
vt 0.086299 0.392816
vt 0.553860 0.457365
vt 0.518589 0.481128
vt 0.521220 0.495906
vt 0.528880 0.452578
vt 0.542521 0.439733
vt 0.530239 0.437837
vt 0.096035 0.392037
vt 0.556192 0.448349
vt 0.104410 0.391587
vt 0.560179 0.441398
vt 0.640300 0.974256
vt 0.517367 0.450687
vt 0.518793 0.435718
vt 0.543806 0.427124
vt 0.558777 0.423251
vt 0.531871 0.422855
vt 0.568839 0.490333
vt 0.972130 0.495784
vt 0.566951 0.437652
vt 0.632230 0.974723
vt 0.579333 0.502491
vt 0.577866 0.490064
vt 0.971584 0.486321
vt 0.592581 0.500686
vt 0.590396 0.490316
vt 0.576623 0.424677
vt 0.576032 0.437276
vt 0.622684 0.975264
vt 0.590088 0.425606
vt 0.588591 0.436169
vt 0.550089 0.513673
vt 0.609987 0.488708
vt 0.411219 0.271145
vt 0.595897 0.481272
vt 0.410976 0.260002
vt 0.600533 0.471507
vt 0.636733 0.476339
vt 0.637114 0.461467
vt 0.410761 0.250728
vt 0.601700 0.462534
vt 0.410985 0.242165
vt 0.599977 0.454342
vt 0.635865 0.447336
vt 0.608346 0.436546
vt 0.411222 0.231016
vt 0.594709 0.444876
vt 0.635582 0.489313
vt 0.610056 0.502184
vt 0.592516 0.512844
vt 0.578482 0.513955
vt 0.564373 0.515832
vt 0.609302 0.513635
vt 0.633949 0.434426
vt 0.607571 0.423009
vt 0.589214 0.413353
vt 0.574950 0.413167
vt 0.560538 0.412288
vt 0.606107 0.411523
vt 0.634286 0.502437
vt 0.631887 0.421350
vt 0.546292 0.415580
vt 0.578201 0.525727
vt 0.591623 0.523970
vt 0.573826 0.401250
vt 0.587580 0.402145
vt 0.633627 0.513701
vt 0.564642 0.526983
vt 0.552321 0.526246
vt 0.630590 0.410077
vt 0.559945 0.400965
vt 0.547506 0.402704
vt 0.539826 0.523449
vt 0.535137 0.406581
vt 0.585510 0.487571
vt 0.971840 0.477829
vt 0.413664 0.272048
vt 0.593496 0.480874
vt 0.971566 0.466760
vt 0.583878 0.439250
vt 0.614118 0.975011
vt 0.413670 0.230112
vt 0.592333 0.445431
vt 0.602952 0.975282
vt 0.590588 0.536383
vt 0.608518 0.525174
vt 0.632250 0.525516
vt 0.552341 0.537830
vt 0.576997 0.537519
vt 0.563955 0.538814
vt 0.526606 0.519716
vt 0.541091 0.535826
vt 0.523798 0.508172
vt 0.575658 0.549809
vt 0.563232 0.550180
vt 0.552159 0.549250
vt 0.588701 0.549041
vt 0.541496 0.547975
vt 0.508822 0.482547
vt 0.508323 0.465933
vt 0.507507 0.450045
vt 0.606972 0.536494
vt 0.510445 0.497042
vt 0.513195 0.511017
vt 0.520357 0.423243
vt 0.522186 0.411450
vt 0.546517 0.390936
vt 0.585734 0.389576
vt 0.604622 0.399916
vt 0.628564 0.398251
vt 0.571757 0.389300
vt 0.558298 0.388947
vt 0.535305 0.394000
vt 0.507938 0.435452
vt 0.509516 0.421273
vt 0.497840 0.466341
vt 0.530220 0.531833
vt 0.569497 0.376745
vt 0.773055 0.472186
vt 0.556612 0.377309
vt 0.773846 0.459910
vt 0.545243 0.379251
vt 0.775395 0.449010
vt 0.534529 0.381706
vt 0.583036 0.376697
vt 0.772151 0.485083
vt 0.524741 0.398993
vt 0.602394 0.388544
vt 0.498891 0.483356
vt 0.497539 0.450028
vt 0.516529 0.524495
vt 0.520631 0.536534
vt 0.531943 0.545478
vt 0.500645 0.498942
vt 0.503525 0.514025
vt 0.511688 0.407529
vt 0.514712 0.395146
vt 0.525185 0.385161
vt 0.498005 0.434349
vt 0.499611 0.419073
vt 0.493616 0.484567
vt 0.495468 0.500344
vt 0.492543 0.466547
vt 0.492184 0.449241
vt 0.492728 0.433372
vt 0.498347 0.515691
vt 0.494305 0.417842
vt 0.506666 0.528848
vt 0.501665 0.531474
vt 0.501464 0.404030
vt 0.496251 0.401841
vt 0.511652 0.541192
vt 0.505334 0.391302
vt 0.631583 0.538032
vt 0.627248 0.385615
vt 0.771219 0.531188
vt 0.606079 0.549304
vt 0.599929 0.563786
vt 0.806212 0.309015
vt 0.600768 0.375615
vt 0.593868 0.361265
vt 0.755861 0.493679
vt 0.498144 0.540858
vt 0.766610 0.743712
vt 0.491928 0.392802
vt 0.845323 0.852992
vt 0.443082 0.352602
vt 0.499562 0.362697
vt 0.856080 0.825123
vt 0.523477 0.549925
vt 0.541092 0.560980
vt 0.802640 0.365901
vt 0.531242 0.558516
vt 0.802068 0.375630
vt 0.514993 0.552747
vt 0.802116 0.392204
vt 0.586542 0.564860
vt 0.804948 0.321961
vt 0.613284 0.563181
vt 0.805692 0.296030
vt 0.551189 0.562598
vt 0.803286 0.356120
vt 0.562526 0.564539
vt 0.803270 0.345056
vt 0.505523 0.544509
vt 0.768591 0.735963
vt 0.806212 0.403729
vt 0.574548 0.565125
vt 0.803949 0.333487
vt 0.516294 0.381533
vt 0.532634 0.368763
vt 0.763954 0.437965
vt 0.523144 0.372245
vt 0.765725 0.428366
vt 0.507592 0.379516
vt 0.769731 0.412251
vt 0.498941 0.388542
vt 0.776465 0.401995
vt 0.842457 0.845468
vt 0.607319 0.361232
vt 0.753005 0.506353
vt 0.775082 0.324483
vt 0.707242 0.788196
vt 0.751094 0.349089
vt 0.770552 0.335226
vt 0.763418 0.325843
vt 0.753041 0.335118
vt 0.752463 0.326492
vt 0.770944 0.312978
vt 0.257655 0.166956
vt 0.296876 0.768936
vt 0.754155 0.315696
vt 0.766945 0.298551
vt 0.783396 0.312273
vt 0.779392 0.297860
vt 0.021014 0.000434
vt 0.739896 0.339316
vt 0.275487 0.166956
vt 0.553958 0.020382
vt 0.754649 0.298294
vt 0.793382 0.297097
vt 0.543745 0.067403
vt 0.706474 0.290277
vt 0.988189 0.265865
vt 0.709099 0.754258
vt 0.714348 0.737641
vt 0.737825 0.333375
vt 0.012686 0.766601
vt 0.253602 0.768864
vt 0.708633 0.733304
vt 0.716755 0.335847
vt 0.051647 0.000434
vt 0.749826 0.352707
vt 0.770528 0.338804
vt 0.786996 0.323693
vt 0.796867 0.311397
vt 0.708941 0.800599
vt 0.783203 0.333752
vt 0.709099 0.807892
vt 0.790607 0.334431
vt 0.977228 0.558109
vt 0.797513 0.322848
vt 0.797722 0.333555
vt 0.792115 0.343779
vt 0.986500 0.560845
vt 0.797638 0.344280
vt 0.789528 0.353469
vt 0.989064 0.954467
vt 0.996063 0.564369
vt 0.796056 0.354627
vt 0.784380 0.363597
vt 0.783079 0.356242
vt 0.982130 0.955506
vt 0.770723 0.359657
vt 0.969423 0.956961
vt 0.770059 0.373121
vt 0.756151 0.362080
vt 0.954715 0.957654
vt 0.756452 0.376291
vt 0.757742 0.680659
vt 0.738723 0.363808
vt 0.937287 0.956810
vt 0.745003 0.374188
vt 0.759570 0.669342
vt 0.793831 0.364408
vt 0.780877 0.373664
vt 0.724353 0.365649
vt 0.765772 0.646299
vt 0.923028 0.954467
vt 0.725868 0.369977
vt 0.764373 0.650643
vt 0.757359 0.693550
vt 0.769160 0.379530
vt 0.756741 0.700856
vt 0.776308 0.381670
vt 0.791887 0.373700
vt 0.759541 0.714290
vt 0.786038 0.391523
vt 0.794202 0.385597
vt 0.763682 0.725705
vt 0.797385 0.396309
vt 0.017383 0.006449
vt 0.724419 0.743712
vt 0.734770 0.344170
vt 0.111485 0.998530
vt 0.585837 0.180094
vt 0.093099 0.961009
vt 0.163791 0.163830
vt 0.583603 0.073942
vt 0.114654 0.960548
vt 0.163599 0.184583
vt 0.092123 0.998699
vt 0.570880 0.168198
vt 0.582240 0.036859
vt 0.134296 0.959670
vt 0.174090 0.201174
vt 0.588817 0.285776
vt 0.131979 0.998348
vt 0.606828 0.182859
vt 0.626859 0.283041
vt 0.091426 0.959670
vt 0.162572 0.162114
vt 0.182351 0.372337
vt 0.963009 0.510225
vt 0.185520 0.334356
vt 0.866147 0.222744
vt 0.055341 0.115301
vt 0.163966 0.334817
vt 0.865955 0.201991
vt 0.017934 0.116652
vt 0.162989 0.372506
vt 0.951069 0.525079
vt 0.205162 0.333478
vt 0.855657 0.239336
vt 0.931774 0.539029
vt 0.202845 0.372156
vt 0.965740 0.489461
vt 0.969816 0.541764
vt 0.162292 0.333478
vt 0.867174 0.200276
vt 0.669711 0.041554
vt 0.696337 0.226596
vt 0.679044 0.045888
vt 0.706394 0.225996
vt 0.706392 0.206340
vt 0.695092 0.206335
vt 0.658355 0.036341
vt 0.684149 0.227076
vt 0.687912 0.049462
vt 0.715740 0.226597
vt 0.716982 0.206335
vt 0.699475 0.054206
vt 0.727926 0.227076
vt 0.742612 0.205432
vt 0.669462 0.205432
vt 0.665830 0.212485
vt 0.746244 0.212484
vt 0.706394 0.190023
vt 0.694937 0.190058
vt 0.717139 0.190058
vt 0.022882 0.519692
vt 0.694970 0.187820
vt 0.029223 0.540938
vt 0.717106 0.187819
vt 0.018625 0.496303
vt 0.671497 0.187304
vt 0.038483 0.562860
vt 0.740577 0.187305
vt 0.671084 0.190446
vt 0.740989 0.190446
vt 0.739257 0.254513
vt 0.875521 0.882752
vt 0.646708 0.176688
vt 0.672819 0.254515
vt 0.025528 0.530841
vt 0.706393 0.187462
vt 0.701225 0.018657
vt 0.713758 0.258888
vt 0.891702 0.902814
vt 0.236715 0.026453
vt 0.626470 0.192728
vt 0.698319 0.258890
vt 0.693881 0.032578
vt 0.701242 0.041343
vt 0.707816 0.237257
vt 0.213829 0.026453
vt 0.678377 0.025842
vt 0.704261 0.237258
vt 0.728150 0.472982
vt 0.716951 0.469563
vt 0.659230 0.703816
vt 0.725669 0.461616
vt 0.895705 0.082933
vt 0.708458 0.458596
vt 0.706317 0.466970
vt 0.721990 0.483544
vt 0.346010 0.352559
vt 0.449256 0.088899
vt 0.706008 0.477881
vt 0.715440 0.497004
vt 0.734075 0.486455
vt 0.727529 0.499895
vt 0.266404 0.438839
vt 0.696320 0.452124
vt 0.449256 0.106575
vt 0.703326 0.495070
vt 0.865704 0.140937
vt 0.741117 0.503127
vt 0.658258 0.494215
vt 0.820210 0.140937
vt 0.923447 0.131887
vt 0.693201 0.457593
vt 0.861469 0.081093
vt 0.945319 0.438421
vt 0.365901 0.388350
vt 0.672967 0.451405
vt 0.840332 0.081555
vt 0.970349 0.308326
vt 0.266404 0.408471
vt 0.655581 0.705072
vt 0.726299 0.458095
vt 0.739685 0.475892
vt 0.747120 0.489706
vt 0.737821 0.465331
vt 0.908216 0.081249
vt 0.440507 0.032115
vt 0.745223 0.466005
vt 0.915573 0.081093
vt 0.749808 0.478619
vt 0.752016 0.468218
vt 0.756864 0.480814
vt 0.443267 0.022923
vt 0.748600 0.457096
vt 0.754098 0.457756
vt 0.446822 0.013443
vt 0.748269 0.447020
vt 0.999563 0.925846
vt 0.754888 0.447361
vt 0.758044 0.469467
vt 0.745665 0.435954
vt 0.742648 0.442817
vt 0.998514 0.918972
vt 0.731435 0.436607
vt 0.997046 0.906375
vt 0.734004 0.423336
vt 0.717830 0.430843
vt 0.996347 0.891794
vt 0.721522 0.417066
vt 0.847735 0.789250
vt 0.701275 0.425081
vt 0.997199 0.874518
vt 0.709875 0.416435
vt 0.844647 0.778154
vt 0.755046 0.437353
vt 0.744658 0.425334
vt 0.687722 0.419920
vt 0.999563 0.860382
vt 0.690236 0.416055
vt 0.837708 0.760001
vt 0.734663 0.416884
vt 0.849504 0.802060
vt 0.742127 0.416473
vt 0.850918 0.809280
vt 0.755370 0.427865
vt 0.759696 0.458173
vt 0.762204 0.447547
vt 0.753940 0.409156
vt 0.849467 0.822953
vt 0.760461 0.416830
vt 0.766114 0.407150
vt 0.846419 0.834748
vt 0.260336 0.442438
vt 0.692173 0.446438
vt 0.935248 0.444493
vt 0.680273 0.416646
vt 0.988189 0.326025
vt 0.991771 0.858196
vt 0.388859 0.403487
vt 0.673123 0.406060
vt 0.856080 0.751518
vt 0.679206 0.419594
vt 0.985988 0.323675
vt 0.367086 0.404904
vt 0.666531 0.425705
vt 0.370641 0.394251
vt 0.678803 0.430856
vt 0.977943 0.315386
vt 0.522448 0.215712
vt 0.244532 0.401074
vt 0.518716 0.281339
vt 0.228660 0.413550
vt 0.498497 0.279221
vt 0.499514 0.214018
vt 0.499457 0.210005
vt 0.523136 0.211784
vt 0.523906 0.204441
vt 0.499677 0.203736
vt 0.251531 0.324800
vt 0.524546 0.194088
vt 0.257090 0.301160
vt 0.500040 0.192476
vt 0.538248 0.293299
vt 0.231655 0.380993
vt 0.524511 0.304494
vt 0.205892 0.432350
vt 0.470875 0.268340
vt 0.677368 0.711622
vt 0.473605 0.209625
vt 0.644916 0.662381
vt 0.473525 0.204953
vt 0.274000 0.282587
vt 0.474211 0.192108
vt 0.451725 0.211082
vt 0.452193 0.206482
vt 0.453163 0.254001
vt 0.680887 0.694732
vt 0.296367 0.277899
vt 0.450188 0.192522
vt 0.433848 0.207638
vt 0.680161 0.645375
vt 0.316855 0.277103
vt 0.428259 0.193245
vt 0.679918 0.630113
vt 0.442828 0.228626
vt 0.680195 0.667813
vt 0.824939 0.563441
vt 0.134633 0.333326
vt 0.892068 0.584993
vt 0.893205 0.565462
vt 0.070036 0.322292
vt 0.824393 0.585670
vt 0.820724 0.562804
vt 0.065757 0.321392
vt 0.820200 0.586730
vt 0.812837 0.562095
vt 0.059099 0.320412
vt 0.813379 0.586714
vt 0.539365 0.642238
vt 0.802361 0.561458
vt 0.047522 0.319601
vt 0.515519 0.636727
vt 0.801837 0.585385
vt 0.727424 0.569906
vt 0.915825 0.561035
vt 0.156546 0.343375
vt 0.746363 0.578925
vt 0.915225 0.581405
vt 0.905035 0.546448
vt 0.615011 0.179582
vt 0.625209 0.274542
vt 0.180291 0.205490
vt 0.587269 0.278282
vt 0.624705 0.256810
vt 0.627226 0.166149
vt 0.585973 0.258968
vt 0.179711 0.206550
vt 0.586186 0.278801
vt 0.200028 0.207744
vt 0.583990 0.259040
vt 0.625402 0.233323
vt 0.627803 0.142160
vt 0.216151 0.192860
vt 0.584281 0.237120
vt 0.623390 0.136595
vt 0.625689 0.226231
vt 0.216871 0.184682
vt 0.584789 0.228445
vt 0.605237 0.124860
vt 0.626859 0.205117
vt 0.654856 0.033844
vt 0.217241 0.164230
vt 0.585248 0.207246
vt 0.654856 0.075550
vt 0.962393 0.481404
vt 0.968166 0.550263
vt 0.948815 0.469278
vt 0.967663 0.567994
vt 0.849455 0.243652
vt 0.930226 0.546523
vt 0.928930 0.565837
vt 0.850035 0.244711
vt 0.929143 0.546004
vt 0.829718 0.245906
vt 0.926947 0.565765
vt 0.924629 0.468708
vt 0.968360 0.591482
vt 0.813595 0.231021
vt 0.927238 0.587685
vt 0.919026 0.473116
vt 0.968646 0.598574
vt 0.812876 0.222843
vt 0.927746 0.596360
vt 0.014893 0.044666
vt 0.907240 0.491141
vt 0.969816 0.619688
vt 0.056964 0.044666
vt 0.812505 0.202392
vt 0.928206 0.617559
vt 0.239210 0.416750
vt 0.892079 0.982100
vt 0.235783 0.426556
vt 0.891951 0.971324
vt 0.236146 0.435191
vt 0.892474 0.963140
vt 0.907699 0.443261
vt 0.247028 0.410762
vt 0.655040 0.724532
vt 0.893066 0.990893
vt 0.241464 0.441063
vt 0.915718 0.444164
vt 0.250313 0.443625
vt 0.925043 0.444396
vt 0.257548 0.408066
vt 0.654856 0.713776
vt 0.043296 0.027392
vt 0.066176 0.447835
vt 0.033404 0.030789
vt 0.077046 0.447962
vt 0.024694 0.030430
vt 0.085302 0.447444
vt 0.751969 0.742481
vt 0.049336 0.019642
vt 0.057305 0.446857
vt 0.730197 0.353243
vt 0.018771 0.025158
vt 0.743949 0.743384
vt 0.016185 0.016385
vt 0.734625 0.743616
vt 0.052056 0.009213
vt 0.741047 0.353426
vt 0.636400 0.587755
vt 0.637950 0.599213
vt 0.798895 0.449400
vt 0.503500 0.034258
vt 0.656052 0.600572
vt 0.816728 0.448563
vt 0.668976 0.586919
vt 0.314165 0.298882
vt 0.539924 0.035993
vt 0.662548 0.635595
vt 0.317148 0.282763
vt 0.674047 0.628323
vt 0.313874 0.289550
vt 0.672708 0.636240
vt 0.712009 0.588232
vt 0.707724 0.622134
vt 0.704233 0.649141
vt 0.696748 0.673812
vt 0.669443 0.585313
vt 0.066254 0.426905
vt 0.668901 0.566782
vt 0.034381 0.440171
vt 0.634640 0.566782
vt 0.636000 0.586054
vt 0.317148 0.358575
vt 0.619137 0.628785
vt 0.316433 0.346648
vt 0.626544 0.634418
vt 0.791945 0.411995
vt 0.314438 0.353513
vt 0.619904 0.635194
vt 0.307336 0.357941
vt 0.612527 0.637482
vt 0.305325 0.364068
vt 0.608229 0.633298
vt 0.237521 0.058873
vt 0.592791 0.196453
vt 0.224631 0.059552
vt 0.216157 0.058228
vt 0.699475 0.000434
vt 0.733320 0.038883
vt 0.819335 0.274501
vt 0.733922 0.017780
vt 0.895459 0.936201
vt 0.734616 0.030562
vt 0.168684 0.124458
vt 0.968067 0.799069
vt 0.994493 0.801376
vt 0.875367 0.879879
vt 0.997488 0.801600
vt 0.861063 0.162619
vt 0.963692 0.148026
vt 0.990118 0.145718
vt 0.649606 0.176534
vt 0.993113 0.145494
vt 0.887392 0.159874
vt 0.821463 0.144220
vt 0.920389 0.130112
vt 0.277222 0.383630
vt 0.886414 0.139106
vt 0.820717 0.156473
vt 0.914940 0.119085
vt 0.309837 0.395139
vt 0.912509 0.117888
vt 0.314337 0.395424
vt 0.821226 0.160017
vt 0.916385 0.115785
vt 0.083666 0.168690
vt 0.784339 0.803129
vt 0.045087 0.169234
vt 0.788228 0.841063
vt 0.076141 0.190341
vt 0.044298 0.193467
vt 0.003666 0.187842
vt 0.099182 0.064614
vt 0.801020 0.885950
vt 0.035240 0.168690
vt 0.794541 0.849236
vt 0.106129 0.205599
vt 0.117056 0.188221
vt 0.796911 0.767383
vt 0.150919 0.218096
vt 0.819291 0.728513
vt 0.998861 0.406331
vt 0.073991 0.207957
vt 0.043747 0.206921
vt 0.097045 0.218164
vt 0.107163 0.226838
vt 0.999563 0.449237
vt 0.034014 0.221107
vt 0.063710 0.037804
vt 0.019557 0.211022
vt 0.075922 0.048482
vt 0.147591 0.222116
vt 0.999563 0.410845
vt 0.003062 0.190083
vt 0.098047 0.062623
vt 0.565704 0.146734
vt 0.604637 0.034550
vt 0.198357 0.144898
vt 0.627191 0.074320
vt 0.177186 0.147325
vt 0.605292 0.073241
vt 0.577832 0.127710
vt 0.627560 0.032524
vt 0.199396 0.143536
vt 0.627983 0.075889
vt 0.015605 0.094450
vt 0.929445 0.530270
vt 0.054635 0.093800
vt 0.852560 0.185486
vt 0.055723 0.072091
vt 0.831389 0.183060
vt 0.013561 0.071725
vt 0.910187 0.518306
vt 0.057305 0.071306
vt 0.830350 0.181698
vt 0.870511 0.749018
vt 0.883077 0.749896
vt 0.045057 0.415004
vt 0.549029 0.112164
vt 0.882037 0.821989
vt 0.547914 0.114158
vt 0.881960 0.824242
vt 0.869350 0.823493
vt 0.527623 0.128577
vt 0.883401 0.848732
vt 0.121172 0.004935
vt 0.870002 0.849337
vt 0.464928 0.982800
vt 0.871468 0.717693
vt 0.017159 0.316803
vt 0.464746 0.995195
vt 0.884065 0.718593
vt 0.017060 0.349321
vt 0.885038 0.750849
vt 0.018431 0.318400
vt 0.885827 0.719720
vt 0.087662 0.018647
vt 0.494958 0.133998
vt 0.885827 0.881613
vt 0.822255 0.731011
vt 0.993912 0.406601
vt 0.811041 0.773733
vt 0.809153 0.798462
vt 0.812847 0.824311
vt 0.808990 0.832360
vt 0.815542 0.825737
vt 0.108665 0.045278
vt 0.814028 0.868530
vt 0.103778 0.058558
vt 0.807268 0.881269
vt 0.821923 0.728101
vt 0.996546 0.407347
vt 0.259703 0.995008
vt 0.283902 0.996508
vt 0.347805 0.098057
vt 0.259028 0.977458
vt 0.281442 0.978057
vt 0.283770 0.998699
vt 0.347790 0.100173
vt 0.398261 0.050221
vt 0.444007 0.187284
vt 0.259612 0.996470
vt 0.402893 0.026476
vt 0.254156 0.284909
vt 0.283158 0.979347
vt 0.346916 0.081747
vt 0.237533 0.981738
vt 0.787860 0.704390
vt 0.238607 0.976566
vt 0.782948 0.703491
vt 0.849944 0.425768
vt 0.237687 0.994302
vt 0.799785 0.705920
vt 0.237548 0.996497
vt 0.401028 0.004679
vt 0.801837 0.706418
vt 0.251531 0.973547
vt 0.847332 0.412803
vt 0.260280 0.284909
vt 0.282073 0.973547
vt 0.852306 0.382178
vt 0.684304 0.555279
vt 0.684988 0.537732
vt 0.662583 0.538334
vt 0.660105 0.556785
vt 0.930896 0.132560
vt 0.321905 0.078491
vt 0.660238 0.558977
vt 0.887056 0.024100
vt 0.928696 0.132406
vt 0.684395 0.556740
vt 0.863103 0.019509
vt 0.208225 0.381180
vt 0.660865 0.539623
vt 0.947845 0.132884
vt 0.463935 0.733304
vt 0.706474 0.542021
vt 0.033671 0.538517
vt 0.468812 0.733435
vt 0.705402 0.536849
vt 0.452189 0.733608
vt 0.706314 0.554583
vt 0.450131 0.733435
vt 0.706453 0.556777
vt 0.841116 0.021357
vt 0.031059 0.525552
vt 0.692483 0.533825
vt 0.036033 0.494927
vt 0.208661 0.375108
vt 0.661952 0.533825
vt 0.594607 0.984061
vt 0.249049 0.144040
vt 0.594709 0.996536
vt 0.237533 0.109714
vt 0.629955 0.997185
vt 0.876377 0.353538
vt 0.561464 0.984108
vt 0.941685 0.205984
vt 0.561478 0.996622
vt 0.964862 0.205984
vt 0.277991 0.162619
vt 0.561451 0.998699
vt 0.966317 0.207391
vt 0.529746 0.985568
vt 0.945808 0.236947
vt 0.529761 0.998086
vt 0.958063 0.236484
vt 0.043438 0.296184
vt 0.431763 0.994650
vt 0.432035 0.982289
vt 0.396756 0.994806
vt 0.623360 0.027320
vt 0.767819 0.705577
vt 0.792213 0.035126
vt 0.976815 0.629228
vt 0.993438 0.309193
vt 0.396940 0.996579
vt 0.624012 0.029055
vt 0.769315 0.704645
vt 0.975066 0.629897
vt 0.135403 0.023851
vt 0.371454 0.996569
vt 0.762467 0.681013
vt 0.991689 0.334856
vt 0.451186 0.164378
vt 0.466320 0.163147
vt 0.429899 0.163267
vt 0.511092 0.155910
vt 0.539091 0.150069
vt 0.563742 0.604964
vt 0.419514 0.162057
vt 0.465043 0.146610
vt 0.864784 0.637036
vt 0.454534 0.149302
vt 0.867219 0.627828
vt 0.422197 0.152959
vt 0.871828 0.596786
vt 0.975066 0.018647
vt 0.507143 0.138549
vt 0.869957 0.678551
vt 0.533819 0.132264
vt 0.566535 0.585575
vt 0.871828 0.705114
vt 0.403729 0.136279
vt 0.969932 0.044203
vt 0.313648 0.117477
vt 0.399736 0.146012
vt 0.302956 0.109668
vt 0.394794 0.135484
vt 0.302573 0.104739
vt 0.397955 0.132264
vt 0.966976 0.051315
vt 0.753539 0.160909
vt 0.738404 0.159677
vt 0.774825 0.159797
vt 0.693633 0.152440
vt 0.289131 0.348966
vt 0.665634 0.146600
vt 0.785210 0.158588
vt 0.739682 0.143141
vt 0.785534 0.480691
vt 0.750190 0.145833
vt 0.783012 0.491450
vt 0.780840 0.525152
vt 0.782527 0.149490
vt 0.916448 0.064614
vt 0.697581 0.135080
vt 0.783286 0.437928
vt 0.308690 0.351734
vt 0.670906 0.128794
vt 0.783303 0.410668
vt 0.800995 0.132810
vt 0.921580 0.090173
vt 0.274278 0.321330
vt 0.804989 0.142543
vt 0.284960 0.313508
vt 0.809930 0.132015
vt 0.285333 0.308579
vt 0.806769 0.128794
vt 0.924537 0.097286
vt 0.884464 0.616304
vt 0.566878 0.207952
vt 0.892121 0.589870
vt 0.506999 0.014310
vt 0.548994 0.230464
vt 0.911199 0.611627
vt 0.881305 0.617257
vt 0.569082 0.205984
vt 0.889088 0.589440
vt 0.125836 0.147829
vt 0.096520 0.152265
vt 0.084061 0.152265
vt 0.097253 0.155240
vt 0.071601 0.155240
vt 0.072334 0.152265
vt 0.097985 0.158216
vt 0.070868 0.158216
vt 0.040820 0.149345
vt 0.591428 0.004770
vt 0.039354 0.152321
vt 0.019566 0.136096
vt 0.567647 0.014929
vt 0.128034 0.149345
vt 0.131024 0.439774
vt 0.129500 0.152321
vt 0.109891 0.427244
vt 0.149288 0.136096
vt 0.043019 0.147829
vt 0.150389 0.100095
vt 0.361767 0.174802
vt 0.119520 0.099338
vt 0.033115 0.271032
vt 0.119973 0.116898
vt 0.005745 0.267876
vt 0.147407 0.117519
vt 0.360543 0.157350
vt 0.119756 0.097300
vt 0.088873 0.098284
vt 0.896409 0.478739
vt 0.088410 0.085390
vt 0.874971 0.483255
vt 0.119579 0.084519
vt 0.152926 0.084509
vt 0.152639 0.097401
vt 0.361625 0.178358
vt 0.151676 0.099388
vt 0.361092 0.176282
vt 0.177298 0.097622
vt 0.336585 0.179098
vt 0.965219 0.310283
vt 0.060805 0.086850
vt 0.872472 0.455765
vt 0.061214 0.099036
vt 0.884722 0.453970
vt 0.281402 0.146068
vt 0.835984 0.378236
vt 0.574139 0.122276
vt 0.812177 0.404086
vt 0.961067 0.197006
vt 0.559493 0.145440
vt 0.811461 0.376809
vt 0.308550 0.141506
vt 0.836759 0.405464
vt 0.936695 0.199046
vt 0.256884 0.133544
vt 0.836833 0.350953
vt 0.564487 0.172301
vt 0.813039 0.349641
vt 0.250878 0.113433
vt 0.836618 0.329987
vt 0.582657 0.185251
vt 0.814274 0.327904
vt 0.257488 0.091325
vt 0.454535 0.760554
vt 0.836759 0.306936
vt 0.476348 0.761058
vt 0.606718 0.186036
vt 0.815150 0.304857
vt 0.375838 0.147131
vt 0.642262 0.080199
vt 0.640823 0.104510
vt 0.928168 0.536427
vt 0.412277 0.068083
vt 0.668338 0.103801
vt 0.904720 0.522005
vt 0.380438 0.174045
vt 0.414261 0.092015
vt 0.669729 0.079432
vt 0.388473 0.122824
vt 0.614741 0.079358
vt 0.613417 0.102945
vt 0.955233 0.531390
vt 0.408761 0.116873
vt 0.593591 0.079571
vt 0.591490 0.101721
vt 0.968218 0.513350
vt 0.431061 0.123426
vt 0.570339 0.079432
vt 0.801837 0.678278
vt 0.568241 0.100854
vt 0.779945 0.674328
vt 0.968941 0.489565
vt 0.959478 0.978458
vt 0.944725 0.975288
vt 0.942654 0.984037
vt 0.976878 0.974094
vt 0.928401 0.972396
vt 0.962254 0.988479
vt 0.970360 0.983621
vt 0.928634 0.980600
vt 0.952466 0.990660
vt 0.943848 0.989998
vt 0.042504 0.748916
vt 0.923632 0.973620
vt 0.030539 0.748916
vt 0.758538 0.642735
vt 0.920822 0.962191
vt 0.934920 0.986233
vt 0.987334 0.966350
vt 0.994265 0.576454
vt 0.975510 0.985543
vt 0.994157 0.599344
vt 0.982915 0.976551
vt 0.993769 0.587667
vt 0.966514 0.991212
vt 0.995066 0.609900
vt 0.065848 0.752947
vt 0.935204 0.991536
vt 0.087207 0.751394
vt 0.956439 0.994363
vt 0.996063 0.620329
vt 0.047387 0.753576
vt 0.921223 0.979789
vt 0.056059 0.753544
vt 0.926930 0.986251
vt 0.076158 0.752322
vt 0.945261 0.994209
vt 0.975361 0.896516
vt 0.969733 0.879839
vt 0.978559 0.881892
vt 0.979764 0.913765
vt 0.981476 0.865709
vt 0.965253 0.899268
vt 0.970153 0.907304
vt 0.973201 0.865940
vt 0.963052 0.889565
vt 0.963720 0.881022
vt 0.980242 0.860981
vt 0.988189 0.337885
vt 0.967519 0.872171
vt 0.459013 0.015226
vt 0.987575 0.924131
vt 0.482103 0.015332
vt 0.968214 0.912410
vt 0.470324 0.015717
vt 0.977285 0.919750
vt 0.492752 0.014431
vt 0.962495 0.903492
vt 0.962169 0.872453
vt 0.984123 0.361027
vt 0.503272 0.013443
vt 0.959318 0.893504
vt 0.985689 0.382201
vt 0.974019 0.858594
vt 0.983488 0.342727
vt 0.967500 0.864251
vt 0.983520 0.351323
vt 0.959472 0.882423
vt 0.984753 0.371248
vt 0.445086 0.108846
vt 0.865332 0.145506
vt 0.442511 0.106220
vt 0.865621 0.149074
vt 0.326219 0.352602
vt 0.440507 0.104422
vt 0.865097 0.151703
vt 0.558390 0.066076
vt 0.984383 0.277970
vt 0.547119 0.068659
vt 0.734313 0.728101
vt 0.980215 0.267601
vt 0.547537 0.066197
vt 0.984675 0.267527
vt 0.396763 0.750650
vt 0.749344 0.716826
vt 0.971022 0.251670
vt 0.987314 0.230319
vt 0.964567 0.240189
vt 0.990955 0.243040
vt 0.155285 0.183555
vt 0.162013 0.184865
vt 0.157808 0.152213
vt 0.176155 0.145484
vt 0.172346 0.133068
vt 0.206381 0.132454
vt 0.172941 0.202981
vt 0.229783 0.160606
vt 0.218703 0.163695
vt 0.219057 0.185908
vt 0.233140 0.197035
vt 0.217845 0.194115
vt 0.208614 0.221932
vt 0.174226 0.217785
vt 0.171896 0.221307
vt 0.151103 0.183952
vt 0.209959 0.225823
vt 0.236797 0.198401
vt 0.154460 0.150222
vt 0.170980 0.129080
vt 0.208171 0.129223
vt 0.233898 0.159722
vt 0.874462 0.221716
vt 0.867733 0.223027
vt 0.871939 0.190374
vt 0.853591 0.183645
vt 0.857400 0.171229
vt 0.823365 0.170615
vt 0.856806 0.241143
vt 0.799963 0.198767
vt 0.811043 0.201856
vt 0.810689 0.224069
vt 0.796606 0.235196
vt 0.811901 0.232276
vt 0.821132 0.260094
vt 0.855520 0.255946
vt 0.857850 0.259469
vt 0.878643 0.222114
vt 0.819788 0.263984
vt 0.792949 0.236563
vt 0.875286 0.188383
vt 0.858766 0.167241
vt 0.821576 0.167385
vt 0.795848 0.197884
vt 0.860115 0.301042
vt 0.427218 0.357683
vt 0.855200 0.809288
vt 0.028169 0.751097
vt 0.760143 0.640067
vt 0.019807 0.759072
vt 0.243221 0.768936
vt 0.768591 0.632656
vt 0.567475 0.240521
vt 0.653106 0.899837
vt 0.962200 0.098259
vt 0.284255 0.683868
vt 0.974415 0.081442
vt 0.280402 0.702651
vt 0.821990 0.518768
vt 0.955444 0.078426
vt 0.951621 0.093525
vt 0.800365 0.520177
vt 0.935172 0.071511
vt 0.936538 0.089843
vt 0.950621 0.101180
vt 0.937189 0.098177
vt 0.323460 0.308342
vt 0.962296 0.105741
vt 0.312197 0.305724
vt 0.950611 0.106245
vt 0.297711 0.305724
vt 0.935987 0.103042
vt 0.929316 0.052288
vt 0.646982 0.972978
vt 0.831835 0.599570
vt 0.936071 0.032457
vt 0.650834 0.991761
vt 0.917099 0.035473
vt 0.939895 0.047552
vt 0.853199 0.599924
vt 0.956341 0.025542
vt 0.954974 0.043871
vt 0.940899 0.055206
vt 0.954321 0.052202
vt 0.264451 0.104552
vt 0.929221 0.059771
vt 0.290192 0.101908
vt 0.955520 0.057075
vt 0.275706 0.101908
vt 0.940910 0.060278
vt 0.877434 0.114461
vt 0.896845 0.971243
vt 0.868820 0.113708
vt 0.897200 0.963405
vt 0.908546 0.438421
vt 0.872175 0.124895
vt 0.863060 0.123207
vt 0.856180 0.118965
vt 0.882253 0.124535
vt 0.891824 0.121599
vt 0.887195 0.110877
vt 0.896974 0.982018
vt 0.900228 0.116450
vt 0.862657 0.108708
vt 0.916565 0.439324
vt 0.850047 0.113764
vt 0.845390 0.107369
vt 0.659230 0.724631
vt 0.893164 0.103377
vt 0.897200 0.990710
vt 0.906174 0.108842
vt 0.910583 0.097359
vt 0.659045 0.713876
vt 0.895915 0.093003
vt 0.859550 0.100967
vt 0.925024 0.440032
vt 0.843691 0.099540
vt 0.860078 0.090670
vt 0.935498 0.439375
vt 0.455992 0.032038
vt 0.914662 0.096117
vt 0.468748 0.032524
vt 0.911136 0.108078
vt 0.840479 0.099876
vt 0.968480 0.326583
vt 0.842180 0.107844
vt 0.968067 0.334720
vt 0.846066 0.115293
vt 0.968077 0.343102
vt 0.852828 0.121737
vt 0.968702 0.352415
vt 0.481712 0.031632
vt 0.903696 0.118552
vt 0.492503 0.030158
vt 0.895026 0.124964
vt 0.504374 0.028573
vt 0.883705 0.128413
vt 0.970584 0.384649
vt 0.872688 0.128794
vt 0.969742 0.373693
vt 0.861820 0.126913
vt 0.969309 0.362749
vt 0.077128 0.443110
vt 0.675439 0.770084
vt 0.664913 0.764870
vt 0.085034 0.442758
vt 0.676198 0.761545
vt 0.751121 0.737641
vt 0.666616 0.755835
vt 0.670895 0.749015
vt 0.665277 0.774862
vt 0.668238 0.784350
vt 0.066258 0.442983
vt 0.679054 0.779760
vt 0.673433 0.792680
vt 0.681242 0.755435
vt 0.743102 0.738543
vt 0.676142 0.742934
vt 0.682593 0.738318
vt 0.057490 0.442758
vt 0.686619 0.785678
vt 0.730096 0.349089
vt 0.681107 0.798576
vt 0.692690 0.802946
vt 0.697084 0.788405
vt 0.740946 0.349273
vt 0.689051 0.752356
vt 0.734644 0.739251
vt 0.690491 0.736634
vt 0.699438 0.752879
vt 0.724169 0.738594
vt 0.693943 0.806989
vt 0.977306 0.573460
vt 0.681878 0.803493
vt 0.976815 0.586105
vt 0.031103 0.768454
vt 0.690151 0.733450
vt 0.039311 0.768864
vt 0.682114 0.735136
vt 0.047766 0.768854
vt 0.674599 0.738988
vt 0.057160 0.768234
vt 0.668100 0.745692
vt 0.671312 0.796118
vt 0.977715 0.598957
vt 0.664844 0.787524
vt 0.979202 0.609654
vt 0.089676 0.766368
vt 0.661364 0.776301
vt 0.980801 0.621422
vt 0.078625 0.767203
vt 0.660980 0.765379
vt 0.067585 0.767632
vt 0.662878 0.754606
vt 0.686433 0.029438
vt 0.012342 0.236498
vt 0.011954 0.238155
vt 0.033471 0.239765
vt 0.002187 0.235907
vt 0.332108 0.143539
vt 0.351269 0.130529
vt 0.692651 0.081093
vt 0.033169 0.241880
vt 0.033717 0.230994
vt 0.986152 0.669474
vt 0.033537 0.254648
vt 0.011074 0.249948
vt 0.348213 0.143539
vt 0.367892 0.130529
vt 0.492545 0.084851
vt 0.514692 0.083760
vt 0.514459 0.082106
vt 0.525390 0.082451
vt 0.646313 0.611882
vt 0.492867 0.086923
vt 0.492281 0.075889
vt 0.987902 0.032007
vt 0.492673 0.099485
vt 0.514620 0.095463
vt 0.493728 0.114778
vt 0.517764 0.111585
vt 0.494542 0.131838
vt 0.539718 0.102868
vt 0.529019 0.099284
vt 0.532842 0.085253
vt 0.643391 0.618911
vt 0.548291 0.092542
vt 0.640857 0.635236
vt 0.526445 0.096766
vt 0.525353 0.125920
vt 0.041001 0.402714
vt 0.558618 0.101368
vt 0.646371 0.647441
vt 0.526545 0.126707
vt 0.056642 0.018408
vt 0.462039 0.132693
vt 0.793785 0.583185
vt 0.607612 0.164354
vt 0.665405 0.823787
vt 0.981607 0.541415
vt 0.601961 0.160829
vt 0.659096 0.824371
vt 0.673228 0.824213
vt 0.963692 0.317866
vt 0.984678 0.533704
vt 0.185039 0.640503
vt 0.305488 0.619637
vt 0.514415 0.331091
vt 0.190690 0.636978
vt 0.304899 0.625892
vt 0.305059 0.611882
vt 0.517486 0.338803
vt 0.568241 0.481787
vt 0.270014 0.795736
vt 0.533764 0.595403
vt 0.270015 0.806103
vt 0.118548 0.552671
vt 0.270014 0.815725
vt 0.118548 0.541983
vt 0.264654 0.806099
vt 0.522175 0.595403
vt 0.256780 0.382040
vt 0.273837 0.790546
vt 0.540000 0.599406
vt 0.114481 0.558743
vt 0.273837 0.820901
vt 0.425639 0.250724
vt 0.414542 0.261177
vt 0.414712 0.250724
vt 0.426206 0.261256
vt 0.295966 0.722345
vt 0.430046 0.250732
vt 0.425141 0.272169
vt 0.982662 0.466663
vt 0.297786 0.733806
vt 0.430884 0.262040
vt 0.303959 0.742903
vt 0.429083 0.272767
vt 0.986439 0.466175
vt 0.414546 0.240983
vt 0.426206 0.240906
vt 0.296559 0.711426
vt 0.430884 0.240138
vt 0.425149 0.229995
vt 0.602854 0.964282
vt 0.301735 0.701628
vt 0.429095 0.229402
vt 0.602362 0.960538
vt 0.339333 0.354895
vt 0.442143 0.090694
vt 0.337448 0.355241
vt 0.440998 0.092718
vt 0.277778 0.171090
vt 0.558513 0.021675
vt 0.275128 0.173644
vt 0.562191 0.022139
vt 0.878349 0.380375
vt 0.878095 0.354225
vt 0.877414 0.378406
vt 0.137692 0.023850
vt 0.651356 0.027320
vt 0.762970 0.678822
vt 0.818233 0.044666
vt 0.993438 0.336947
vt 0.213226 0.023834
vt 0.779100 0.606393
vt 0.056430 0.004935
vt 0.782665 0.576512
vt 0.996938 0.039462
vt 0.087663 0.005144
vt 0.799213 0.550304
vt 0.984992 0.587078
vt 0.985429 0.598327
vt 0.985453 0.574696
vt 0.986764 0.609584
vt 0.089390 0.758723
vt 0.988408 0.620479
vt 0.469730 0.024418
vt 0.481077 0.023985
vt 0.457239 0.023961
vt 0.492433 0.022662
vt 0.503423 0.021031
vt 0.978296 0.384365
vt 0.079100 0.403740
vt 0.071081 0.403552
vt 0.086401 0.403551
vt 0.061220 0.402782
vt 0.070608 0.407921
vt 0.346322 0.728545
vt 0.079096 0.408066
vt 0.346565 0.719970
vt 0.086869 0.407919
vt 0.345562 0.712106
vt 0.060328 0.407297
vt 0.344088 0.738652
vt 0.096260 0.402782
vt 0.097151 0.407297
vt 0.342407 0.702155
vt 0.052786 0.402241
vt 0.982741 0.504262
vt 0.051181 0.405829
vt 0.339638 0.746791
vt 0.986439 0.504336
vt 0.104695 0.402242
vt 0.640782 0.964204
vt 0.106299 0.405830
vt 0.337199 0.694336
vt 0.640857 0.960538
vt 0.309502 0.155363
vt 0.959958 0.237508
vt 0.321522 0.175931
vt 0.356716 0.117194
vt 0.692726 0.116652
vt 0.334455 0.178225
vt 0.367892 0.109714
vt 0.965161 0.308035
vt 0.981938 0.486219
vt 0.981684 0.495481
vt 0.981508 0.477612
vt 0.313579 0.749629
vt 0.985651 0.477738
vt 0.321952 0.751994
vt 0.985884 0.485980
vt 0.331351 0.751626
vt 0.986284 0.494996
vt 0.613899 0.965426
vt 0.622581 0.964999
vt 0.631925 0.965252
vt 0.310669 0.693747
vt 0.614026 0.961319
vt 0.318847 0.690506
vt 0.622340 0.961088
vt 0.328401 0.690135
vt 0.631435 0.960692
vt 0.289064 0.121886
vt 0.276710 0.115452
vt 0.276451 0.121555
vt 0.289107 0.115668
vt 0.265962 0.119537
vt 0.266045 0.114865
vt 0.302045 0.120393
vt 0.302207 0.115313
vt 0.276545 0.108999
vt 0.289205 0.109097
vt 0.265378 0.109690
vt 0.298825 0.319483
vt 0.311490 0.325356
vt 0.311223 0.319258
vt 0.298876 0.325702
vt 0.321976 0.323323
vt 0.321885 0.318653
vt 0.298719 0.312911
vt 0.311380 0.312811
vt 0.322543 0.313480
vt 0.285889 0.324228
vt 0.285719 0.319150
vt 0.101294 0.542001
vt 0.211390 0.764527
vt 0.522226 0.612553
vt 0.200787 0.759149
vt 0.241907 0.385516
vt 0.534169 0.612749
vt 0.110263 0.540763
vt 0.520997 0.603640
vt 0.538759 0.605394
vt 0.249498 0.382548
vt 0.540245 0.607030
vt 0.296554 0.282728
vt 0.296708 0.287217
vt 0.275708 0.287593
vt 0.279073 0.291383
vt 0.261371 0.303902
vt 0.256657 0.324265
vt 0.262532 0.345588
vt 0.280757 0.359141
vt 0.262194 0.324233
vt 0.265650 0.306032
vt 0.267589 0.342303
vt 0.283280 0.353898
vt 0.312655 0.298975
vt 0.540245 0.034258
vt 0.822818 0.413514
vt 0.496925 0.597606
vt 0.501453 0.597453
vt 0.501833 0.618270
vt 0.505656 0.614934
vt 0.518285 0.632483
vt 0.044242 0.369077
vt 0.492054 0.597790
vt 0.044935 0.345261
vt 0.496783 0.619963
vt 0.538826 0.637157
vt 0.560335 0.631333
vt 0.574007 0.613265
vt 0.538794 0.631668
vt 0.520433 0.628241
vt 0.557022 0.626319
vt 0.568717 0.610765
vt 0.513314 0.581644
vt 0.831594 0.706079
vt 0.922572 0.454900
vt 0.036716 0.441985
vt 0.019487 0.467401
vt 0.015441 0.495817
vt 0.015996 0.466335
vt 0.010218 0.495983
vt 0.022680 0.531675
vt 0.031604 0.567660
vt 0.018537 0.532889
vt 0.036079 0.564985
vt 0.052720 0.589426
vt 0.055065 0.586650
vt 0.083469 0.598694
vt 0.599103 0.147302
vt 0.589381 0.144135
vt 0.787839 0.615237
vt 0.607361 0.158306
vt 0.809173 0.591934
vt 0.987412 0.542498
vt 0.604920 0.146128
vt 0.801195 0.600888
vt 0.598571 0.142671
vt 0.794842 0.607066
vt 0.193548 0.623451
vt 0.203270 0.620284
vt 0.386264 0.391587
vt 0.868329 0.502040
vt 0.185290 0.634455
vt 0.520220 0.330009
vt 0.845542 0.524682
vt 0.187731 0.622277
vt 0.852851 0.514885
vt 0.194080 0.618820
vt 0.386264 0.382047
vt 0.859064 0.511791
vt 0.928809 0.533209
vt 0.953367 0.528601
vt 0.965360 0.512187
vt 0.907594 0.520281
vt 0.905161 0.491797
vt 0.382357 0.069604
vt 0.901575 0.491826
vt 0.358125 0.068458
vt 0.916152 0.471504
vt 0.350350 0.068356
vt 0.922376 0.466175
vt 0.324147 0.068083
vt 0.899825 0.253255
vt 0.949707 0.466175
vt 0.777340 0.684618
vt 0.899825 0.232871
vt 0.965822 0.479374
vt 0.567313 0.170459
vt 0.562738 0.146093
vt 0.583845 0.182417
vt 0.575853 0.125136
vt 0.604584 0.122799
vt 0.604580 0.119254
vt 0.959421 0.167375
vt 0.625021 0.133760
vt 0.960481 0.143367
vt 0.630359 0.139937
vt 0.960632 0.135667
vt 0.477253 0.750692
vt 0.530621 0.348222
vt 0.617076 0.182974
vt 0.551183 0.348222
vt 0.630359 0.167022
vt 0.961067 0.109714
vt 0.290805 0.771979
vt 0.250578 0.770167
vt 0.346180 0.358943
vt 0.352171 0.400509
vt 0.366087 0.390603
vt 0.350635 0.405788
vt 0.368259 0.408278
vt 0.348708 0.451966
vt 0.392368 0.406102
vt 0.416775 0.419968
vt 0.428168 0.360987
vt 0.106800 0.558939
vt 0.229659 0.758382
vt 0.108455 0.557493
vt 0.101050 0.553003
vt 0.221943 0.760708
vt 0.863268 0.003036
vt 0.983815 0.669448
vt 0.419510 0.026639
vt 0.985564 0.031981
vt 0.169247 0.386979
vt 0.784049 0.552905
vt 0.803502 0.006838
vt 0.688101 0.447136
vt 0.769444 0.571249
vt 0.826191 0.000434
vt 0.154163 0.368647
vt 0.771435 0.573798
vt 0.166138 0.390989
vt 0.788714 0.555014
vt 0.688101 0.423677
vt 0.696850 0.727233
vt 0.746691 0.574981
vt 0.160543 0.272664
vt 0.187937 0.322583
vt 0.677603 0.727233
vt 0.729854 0.566791
vt 0.211672 0.760649
vt 0.349519 0.719840
vt 0.948298 0.003903
vt 0.143920 0.435820
vt 0.232306 0.363353
vt 0.923447 0.006505
vt 0.221187 0.340775
vt 0.948298 0.006505
vt 0.146544 0.435717
vt 0.346654 0.744201
vt 0.923447 0.003903
vt 0.163167 0.257258
vt 0.344500 0.696346
vt 0.972441 0.003903
vt 0.160542 0.257155
vt 0.203423 0.323946
vt 0.972441 0.006505
vt 0.457102 0.741313
vt 0.463337 0.744098
vt 0.464762 0.740780
vt 0.457375 0.743860
vt 0.268890 0.080645
vt 0.455968 0.743774
vt 0.040521 0.539029
vt 0.468310 0.740202
vt 0.043307 0.536719
vt 0.467100 0.743337
vt 0.537707 0.358630
vt 0.260100 0.085085
vt 0.455256 0.753690
vt 0.796066 0.697367
vt 0.788237 0.696711
vt 0.790218 0.693595
vt 0.796198 0.694744
vt 0.441834 0.134730
vt 0.797615 0.695055
vt 0.784555 0.696730
vt 0.856794 0.426279
vt 0.786293 0.693745
vt 0.859580 0.423970
vt 0.889326 0.239895
vt 0.437356 0.126015
vt 0.799990 0.685073
vt 0.034291 0.524627
vt 0.552493 0.355942
vt 0.953436 0.111347
vt 0.038766 0.497926
vt 0.950732 0.137367
vt 0.040728 0.492194
vt 0.202537 0.375108
vt 0.947806 0.140142
vt 0.043307 0.493847
vt 0.946391 0.141989
vt 0.325840 0.075565
vt 0.850564 0.411878
vt 0.892038 0.254553
vt 0.352123 0.078064
vt 0.855039 0.385176
vt 0.259851 0.290980
vt 0.354084 0.081140
vt 0.857001 0.379445
vt 0.356814 0.082298
vt 0.859580 0.381098
vt 0.211799 0.998699
vt 0.538486 0.315748
vt 0.219779 0.993571
vt 0.667294 0.178974
vt 0.211799 0.995003
vt 0.675331 0.178974
vt 0.221956 0.997266
vt 0.548784 0.315265
vt 0.919073 0.848915
vt 0.225583 0.989159
vt 0.660105 0.178231
vt 0.919073 0.838248
vt 0.227034 0.992138
vt 0.918762 0.841606
vt 0.202367 0.997266
vt 0.528908 0.316197
vt 0.204543 0.993571
vt 0.682663 0.178974
vt 0.197288 0.992138
vt 0.521664 0.315824
vt 0.198740 0.989159
vt 0.518373 0.315265
vt 0.689851 0.178231
vt 0.143920 0.420311
vt 0.228602 0.378414
vt 0.336171 0.757006
vt 0.215205 0.393656
vt 0.213623 0.390107
vt 0.317551 0.758456
vt 0.190617 0.399924
vt 0.191233 0.396759
vt 0.297236 0.747585
vt 0.780094 0.000434
vt 0.062086 0.347080
vt 0.057646 0.346807
vt 0.062775 0.368357
vt 0.058226 0.367703
vt 0.314626 0.686470
vt 0.685477 0.423928
vt 0.696196 0.729835
vt 0.163167 0.272767
vt 0.332760 0.686470
vt 0.677688 0.729802
vt 0.318207 0.756322
vt 0.297478 0.745448
vt 0.779965 0.002582
vt 0.146544 0.420208
vt 0.335921 0.754879
vt 0.294937 0.699808
vt 0.685785 0.447962
vt 0.826334 0.002581
vt 0.289151 0.722725
vt 0.803507 0.009107
vt 0.023395 0.759995
vt 0.029561 0.753386
vt 0.030004 0.761524
vt 0.038908 0.754434
vt 0.038796 0.761728
vt 0.047493 0.761048
vt 0.057001 0.760686
vt 0.067071 0.760089
vt 0.077771 0.759907
vt 0.983679 0.325055
vt 0.977013 0.318942
vt 0.975471 0.325495
vt 0.982623 0.334321
vt 0.975264 0.334210
vt 0.975950 0.342831
vt 0.976316 0.352257
vt 0.976918 0.362239
vt 0.977101 0.372846
vt 0.712721 0.409410
vt 0.701345 0.408454
vt 0.720517 0.408443
vt 0.571719 0.267372
vt 0.695508 0.405549
vt 0.726353 0.405520
vt 0.794160 0.643354
vt 0.709856 0.396144
vt 0.570866 0.262033
vt 0.693260 0.400778
vt 0.729314 0.400764
vt 0.792213 0.648791
vt 0.730096 0.395566
vt 0.792349 0.654513
vt 0.571056 0.256647
vt 0.692476 0.395568
vt 0.572062 0.251328
vt 0.693896 0.390486
vt 0.316667 0.723019
vt 0.317631 0.711741
vt 0.317643 0.730746
vt 0.320562 0.705955
vt 0.994291 0.505395
vt 0.320591 0.736532
vt 0.913572 0.014116
vt 0.330049 0.720178
vt 0.325374 0.703726
vt 0.993438 0.510733
vt 0.325388 0.739468
vt 0.908088 0.016045
vt 0.330632 0.740243
vt 0.902315 0.015911
vt 0.330630 0.702949
vt 0.993629 0.516119
vt 0.335756 0.704357
vt 0.994634 0.521438
vt 0.887610 0.022415
vt 0.863438 0.017766
vt 0.841434 0.019609
vt 0.399961 0.050770
vt 0.404651 0.026808
vt 0.402792 0.004994
vt 0.323737 0.164015
vt 0.687227 0.104442
vt 0.329537 0.149960
vt 0.689729 0.088125
vt 0.316703 0.088051
vt 0.936209 0.140385
vt 0.322579 0.115602
vt 0.934743 0.169880
vt 0.314560 0.089689
vt 0.936751 0.142997
vt 0.355183 0.092466
vt 0.434364 0.182126
vt 0.384810 0.093839
vt 0.406570 0.187950
vt 0.357676 0.091780
vt 0.432712 0.180002
vt 0.357785 0.090341
vt 0.355203 0.090370
vt 0.938218 0.143100
vt 0.938409 0.140540
vt 0.655731 0.968343
vt 0.833204 0.609030
vt 0.984357 0.511275
vt 0.847975 0.636875
vt 0.009027 0.933651
vt 0.834133 0.627658
vt 0.022851 0.935454
vt 0.832198 0.641453
vt 0.823748 0.609874
vt 0.989064 0.519475
vt 0.027559 0.942877
vt 0.823484 0.643597
vt 0.000437 0.951918
vt 0.814884 0.620278
vt 0.805851 0.604995
vt 0.814100 0.596894
vt 0.989064 0.535695
vt 0.797467 0.613611
vt 0.005589 0.964945
vt 0.802558 0.625910
vt 0.017666 0.954463
vt 0.289151 0.707285
vt 0.517165 0.361232
vt 0.819808 0.509229
vt 0.802530 0.482043
vt 0.817299 0.490299
vt 0.818456 0.477273
vt 0.521872 0.353031
vt 0.829295 0.507584
vt 0.019449 0.441023
vt 0.837378 0.496235
vt 0.847798 0.511080
vt 0.521872 0.336812
vt 0.840143 0.520029
vt 0.380140 0.382926
vt 0.857312 0.503924
vt 0.827103 0.475656
vt 0.006676 0.429122
vt 0.834070 0.484890
vt 0.022818 0.428043
vt 0.851479 0.489722
vt 0.336072 0.165885
vt 0.341608 0.156856
vt 0.341681 0.153303
vt 0.361088 0.140937

vn -0.013700 0.998773 -0.047599
vn -0.013700 0.998773 -0.047599
vn -0.013700 0.998773 -0.047599
vn -0.406085 0.912766 0.044198
vn -0.406085 0.912766 0.044198
vn -0.406085 0.912766 0.044198
vn -0.317889 -0.915768 0.245592
vn -0.317889 -0.915768 0.245592
vn -0.317889 -0.915768 0.245592
vn -0.317889 -0.915768 0.245592
vn -0.317889 -0.915768 0.245592
vn 0.013700 0.998773 -0.047599
vn 0.013700 0.998773 -0.047599
vn 0.013700 0.998773 -0.047599
vn 0.317889 -0.915768 0.245592
vn 0.317889 -0.915768 0.245592
vn 0.317889 -0.915768 0.245592
vn 0.317889 -0.915768 0.245592
vn 0.317889 -0.915768 0.245592
vn 0.406085 0.912766 0.044198
vn 0.406085 0.912766 0.044198
vn 0.406085 0.912766 0.044198
vn 0.855155 0.304684 0.419378
vn 0.855155 0.304684 0.419378
vn 0.855155 0.304684 0.419378
vn 0.855155 0.304684 0.419378
vn 0.855155 0.304684 0.419378
vn -0.444194 0.760589 -0.473493
vn -0.444194 0.760589 -0.473493
vn -0.444194 0.760589 -0.473493
vn -0.902214 0.397306 -0.167803
vn -0.902214 0.397306 -0.167803
vn -0.902214 0.397306 -0.167803
vn -0.855155 0.304684 0.419378
vn -0.855155 0.304684 0.419378
vn -0.855155 0.304684 0.419378
vn -0.855155 0.304684 0.419378
vn -0.855155 0.304684 0.419378
vn 0.902214 0.397306 -0.167803
vn 0.902214 0.397306 -0.167803
vn 0.902214 0.397306 -0.167803
vn 0.444194 0.760589 -0.473493
vn 0.444194 0.760589 -0.473493
vn 0.444194 0.760589 -0.473493
vn 0.912880 0.402791 0.066399
vn 0.987258 -0.129195 0.092896
vn 0.803718 0.573813 0.157404
vn 0.945708 0.273302 0.175902
vn 0.827039 0.559826 -0.051002
vn 0.827039 0.559826 -0.051002
vn 0.954360 0.226991 0.194092
vn 0.919574 0.067998 0.386989
vn 0.919574 0.067998 0.386989
vn 0.919574 0.067998 0.386989
vn 0.919574 0.067998 0.386989
vn 0.933679 0.244994 0.261194
vn 0.719200 0.575700 0.389000
vn 0.719200 0.575700 0.389000
vn 0.719200 0.575700 0.389000
vn 0.823435 0.565624 0.045002
vn 0.823435 0.565624 0.045002
vn 0.810259 0.242888 0.533373
vn 0.810259 0.242888 0.533373
vn 0.935630 -0.191206 -0.296710
vn 0.914307 0.255702 -0.314102
vn 0.518416 0.814225 -0.261308
vn 0.518416 0.814225 -0.261308
vn 0.518416 0.814225 -0.261308
vn 0.823187 0.560591 0.089999
vn 0.708310 0.649110 -0.277404
vn 0.708310 0.649110 -0.277404
vn 0.708310 0.649110 -0.277404
vn 0.692494 0.316697 -0.648194
vn 0.692494 0.316697 -0.648194
vn 0.711988 -0.096798 -0.695488
vn 0.711988 -0.096798 -0.695488
vn 0.519700 0.718400 0.462400
vn 0.519700 0.718400 0.462400
vn 0.402684 0.701771 0.587676
vn 0.402684 0.701771 0.587676
vn 0.416497 0.836793 0.355397
vn 0.416497 0.836793 0.355397
vn 0.416497 0.836793 0.355397
vn 0.673180 -0.687680 0.271892
vn 0.673180 -0.687680 0.271892
vn 0.673180 -0.687680 0.271892
vn 0.729289 -0.422094 0.538492
vn 0.729289 -0.422094 0.538492
vn 0.616412 -0.181103 0.766315
vn 0.616412 -0.181103 0.766315
vn 0.582324 -0.702628 -0.408917
vn 0.582324 -0.702628 -0.408917
vn 0.582324 -0.702628 -0.408917
vn 0.847226 0.523116 -0.092503
vn 0.847226 0.523116 -0.092503
vn 0.847226 0.523116 -0.092503
vn 0.412889 0.612484 0.674082
vn 0.412889 0.612484 0.674082
vn 0.412889 0.612484 0.674082
vn 0.665463 0.714860 0.214788
vn 0.665463 0.714860 0.214788
vn 0.053901 0.790322 -0.610317
vn 0.053901 0.790322 -0.610317
vn 0.053901 0.790322 -0.610317
vn 0.311108 0.932823 0.181805
vn 0.311108 0.932823 0.181805
vn 0.311108 0.932823 0.181805
vn -0.363811 -0.931028 -0.028801
vn 0.095595 -0.946251 0.308984
vn 0.128698 -0.991684 -0.000400
vn -0.330999 -0.820597 0.465898
vn -0.330999 -0.820597 0.465898
vn -0.344109 -0.879922 -0.327608
vn -0.674366 -0.679965 -0.287885
vn -0.674366 -0.679965 -0.287885
vn -0.674366 -0.679965 -0.287885
vn -0.675191 -0.561392 0.478494
vn -0.675191 -0.561392 0.478494
vn -0.112900 -0.598401 0.793202
vn -0.112900 -0.598401 0.793202
vn 0.297313 -0.920039 0.255211
vn 0.433285 -0.481784 0.761674
vn 0.433285 -0.481784 0.761674
vn 0.676440 -0.679740 0.283517
vn 0.676440 -0.679740 0.283517
vn 0.676440 -0.679740 0.283517
vn 0.720022 -0.688221 0.089003
vn 0.720022 -0.688221 0.089003
vn 0.365292 -0.754684 0.544989
vn 0.365292 -0.754684 0.544989
vn 0.192406 -0.552318 0.811126
vn 0.192406 -0.552318 0.811126
vn -0.795401 -0.593201 0.124300
vn -0.795401 -0.593201 0.124300
vn -0.795401 -0.593201 0.124300
vn -0.825907 -0.434404 -0.359403
vn -0.825907 -0.434404 -0.359403
vn -0.445415 -0.447916 -0.775227
vn -0.445415 -0.447916 -0.775227
vn -0.445415 -0.447916 -0.775227
vn -0.620299 -0.563999 -0.545099
vn -0.620299 -0.563999 -0.545099
vn -0.031201 -0.543816 -0.838624
vn -0.031201 -0.543816 -0.838624
vn -0.434918 -0.414817 -0.799233
vn -0.434918 -0.414817 -0.799233
vn 0.242103 -0.494107 -0.835012
vn 0.242103 -0.494107 -0.835012
vn -0.380717 -0.282012 -0.880638
vn -0.380717 -0.282012 -0.880638
vn -0.197900 -0.067400 -0.977902
vn -0.197900 -0.067400 -0.977902
vn -0.197900 -0.067400 -0.977902
vn 0.728125 0.227408 0.646622
vn 0.728125 0.227408 0.646622
vn 0.728125 0.227408 0.646622
vn 0.003800 0.757236 -0.653131
vn -0.002400 0.467772 -0.883846
vn 0.308901 0.453702 -0.835904
vn 0.204306 0.815222 -0.541915
vn 0.204306 0.815222 -0.541915
vn 0.450221 0.773137 -0.446721
vn 0.450221 0.773137 -0.446721
vn -0.342519 0.458125 -0.820245
vn -0.210002 0.811707 -0.545005
vn 0.005300 0.993386 -0.114698
vn 0.005300 0.993386 -0.114698
vn 0.132094 0.990759 0.030799
vn 0.132094 0.990759 0.030799
vn -0.469607 0.753811 -0.459607
vn -0.469607 0.753811 -0.459607
vn -0.137805 0.989734 0.037901
vn -0.137805 0.989734 0.037901
vn -0.000100 -0.006700 -0.999978
vn -0.291399 0.034000 -0.955997
vn 0.350809 -0.006700 -0.936423
vn -0.679882 0.151596 -0.717481
vn -0.679882 0.151596 -0.717481
vn -0.706028 0.628525 -0.326313
vn -0.706028 0.628525 -0.326313
vn -0.706028 0.628525 -0.326313
vn -0.085804 0.553324 -0.828535
vn -0.085804 0.553324 -0.828535
vn -0.085804 0.553324 -0.828535
vn -0.103401 0.993407 0.049500
vn -0.123106 0.991751 -0.035702
vn 0.113600 0.993503 -0.006800
vn 0.089100 0.983603 -0.156800
vn -0.059900 0.987792 -0.143799
vn 0.448087 0.889873 -0.085697
vn 0.112799 0.987488 0.110199
vn -0.079197 0.983968 0.159795
vn 0.733101 0.679501 -0.029000
vn 0.733101 0.679501 -0.029000
vn -0.651903 0.650803 -0.389202
vn -0.651903 0.650803 -0.389202
vn 0.681089 0.549691 0.483692
vn 0.681089 0.549691 0.483692
vn 0.681089 0.549691 0.483692
vn 0.234201 0.621602 0.747503
vn 0.234201 0.621602 0.747503
vn 0.750194 0.521196 -0.406897
vn 0.750194 0.521196 -0.406897
vn -0.224896 0.623489 -0.748787
vn -0.224896 0.623489 -0.748787
vn -0.677341 0.638838 0.364822
vn -0.738904 0.669104 0.079500
vn -0.313609 0.536416 0.783523
vn -0.313609 0.536416 0.783523
vn -0.313609 0.536416 0.783523
vn 0.339909 0.597916 -0.725919
vn 0.339909 0.597916 -0.725919
vn 0.339909 0.597916 -0.725919
vn -0.994441 0.052102 0.091504
vn -0.994441 0.052102 0.091504
vn -0.994441 0.052102 0.091504
vn -0.845998 0.069800 -0.528598
vn -0.845998 0.069800 -0.528598
vn -0.875646 0.042597 0.481071
vn -0.875646 0.042597 0.481071
vn -0.875646 0.042597 0.481071
vn -0.875646 0.042597 0.481071
vn -0.875646 0.042597 0.481071
vn -0.875646 0.042597 0.481071
vn 0.095395 0.994153 0.050598
vn -0.095001 0.995414 0.011200
vn -0.097897 0.982170 -0.160495
vn 0.123206 0.991347 -0.045302
vn 0.084303 0.984932 -0.151005
vn 0.050998 0.984959 0.165093
vn -0.337988 0.934367 -0.112796
vn -0.133294 0.987153 0.088096
vn -0.232597 0.616893 0.751892
vn -0.232597 0.616893 0.751892
vn 0.743570 0.664473 0.074697
vn -0.727583 0.685484 -0.027099
vn -0.727583 0.685484 -0.027099
vn -0.678976 0.552481 0.483483
vn -0.678976 0.552481 0.483483
vn 0.683136 0.630433 0.368619
vn 0.683136 0.630433 0.368619
vn 0.643563 0.655063 -0.395878
vn 0.643563 0.655063 -0.395878
vn 0.232306 0.626117 -0.744320
vn 0.232306 0.626117 -0.744320
vn -0.340009 0.599916 -0.724220
vn -0.340009 0.599916 -0.724220
vn -0.340009 0.599916 -0.724220
vn 0.314686 0.529676 0.787665
vn 0.314686 0.529676 0.787665
vn 0.314686 0.529676 0.787665
vn -0.740316 0.527211 -0.417109
vn -0.740316 0.527211 -0.417109
vn -0.994737 0.054602 -0.086703
vn -0.994737 0.054602 -0.086703
vn -0.994737 0.054602 -0.086703
vn 0.842667 0.069897 -0.533879
vn 0.842667 0.069897 -0.533879
vn 0.842667 0.069897 -0.533879
vn 0.994541 0.052102 0.090404
vn 0.994541 0.052102 0.090404
vn -0.023401 0.775822 0.630518
vn -0.023401 0.775822 0.630518
vn -0.222890 0.165693 0.960659
vn -0.431685 0.178094 0.884269
vn -0.340701 0.923303 0.177300
vn -0.340701 0.923303 0.177300
vn -0.340701 0.923303 0.177300
vn -0.754472 0.557980 0.345587
vn -0.754472 0.557980 0.345587
vn -0.754472 0.557980 0.345587
vn -0.292006 -0.309307 0.905020
vn 0.099404 -0.129806 0.986544
vn -0.639581 -0.090497 0.763378
vn -0.639581 -0.090497 0.763378
vn -0.639581 -0.090497 0.763378
vn 0.051299 0.396090 0.916777
vn 0.051299 0.396090 0.916777
vn -0.639494 0.276397 0.717393
vn -0.639494 0.276397 0.717393
vn -0.639494 0.276397 0.717393
vn -0.658714 -0.173504 0.732115
vn -0.645987 -0.337093 0.684886
vn -0.963269 0.056198 0.262592
vn -0.963269 0.056198 0.262592
vn -0.951595 -0.009800 0.307198
vn -0.951595 -0.009800 0.307198
vn -0.980335 -0.188407 0.058702
vn -0.980335 -0.188407 0.058702
vn 0.342292 0.333593 0.878380
vn 0.342292 0.333593 0.878380
vn -0.048499 0.864786 0.499792
vn -0.048499 0.864786 0.499792
vn -0.048499 0.864786 0.499792
vn -0.048499 0.864786 0.499792
vn 0.297303 -0.612407 0.732508
vn 0.297303 -0.612407 0.732508
vn -0.005900 0.772811 0.634609
vn -0.005900 0.772811 0.634609
vn -0.372719 0.714136 0.592529
vn -0.372719 0.714136 0.592529
vn 0.006100 -0.680097 0.733097
vn 0.006100 -0.680097 0.733097
vn -0.140600 0.091800 0.985801
vn -0.292814 -0.617029 0.730435
vn -0.292814 -0.617029 0.730435
vn 0.366586 0.715273 0.594978
vn 0.366586 0.715273 0.594978
vn 0.366586 0.715273 0.594978
vn 0.140600 0.091800 0.985801
vn -0.128903 -0.309507 0.942120
vn -0.128903 -0.309507 0.942120
vn -0.128903 -0.309507 0.942120
vn -0.129896 0.225393 0.965570
vn -0.504109 0.285705 0.815014
vn -0.504109 0.285705 0.815014
vn -0.292286 0.679868 0.672568
vn -0.292286 0.679868 0.672568
vn 0.128903 -0.309507 0.942120
vn 0.128903 -0.309507 0.942120
vn 0.128903 -0.309507 0.942120
vn 0.129896 0.225393 0.965570
vn 0.504109 0.285705 0.815014
vn 0.504109 0.285705 0.815014
vn 0.288199 0.680397 0.673797
vn 0.288199 0.680397 0.673797
vn 0.288199 0.680397 0.673797
vn 0.145497 0.341693 0.928481
vn 0.083099 0.348298 0.933693
vn -0.004100 0.786142 0.618033
vn -0.004100 0.786142 0.618033
vn -0.000700 0.367007 0.930218
vn -0.083905 0.348219 0.933651
vn -0.145497 0.341693 0.928481
vn 0.192801 0.314701 0.929404
vn -0.192801 0.314701 0.929404
vn 0.086502 0.468310 0.879319
vn -0.001100 0.459888 0.887976
vn -0.087399 0.468196 0.879292
vn 0.168693 0.204791 0.964159
vn 0.244208 0.298210 0.922731
vn 0.191806 0.198106 0.961231
vn 0.142502 0.089801 0.985712
vn 0.162997 0.443391 0.881383
vn 0.218805 0.420909 0.880318
vn 0.167494 0.078197 0.982767
vn 0.251007 0.163804 0.954025
vn 0.299206 0.269906 0.915219
vn 0.104199 0.672096 0.733096
vn 0.104199 0.672096 0.733096
vn -0.176306 0.477016 0.861029
vn -0.176306 0.477016 0.861029
vn 0.114200 0.022800 0.993196
vn -0.327808 0.245006 0.912422
vn 0.583480 0.195793 0.788173
vn 0.583480 0.195793 0.788173
vn 0.526300 -0.301900 0.794900
vn 0.526300 -0.301900 0.794900
vn 0.526300 -0.301900 0.794900
vn 0.094304 -0.003600 0.995537
vn 0.059199 -0.022800 0.997986
vn 0.052701 0.000000 0.998610
vn -0.001300 0.000000 0.999999
vn -0.001600 -0.032799 0.999461
vn 0.098804 0.854231 0.510419
vn 0.098804 0.854231 0.510419
vn 0.229001 0.762104 0.605603
vn 0.229001 0.762104 0.605603
vn 0.094304 0.003600 0.995537
vn 0.317214 0.623327 0.714730
vn 0.317214 0.623327 0.714730
vn -0.282399 -0.258199 0.923896
vn -0.282399 -0.258199 0.923896
vn -0.358102 -0.052500 0.932205
vn -0.358102 0.052500 0.932205
vn 0.251598 -0.625795 0.738294
vn 0.251598 -0.625795 0.738294
vn -0.060401 -0.022600 0.997918
vn -0.114200 0.022800 0.993196
vn -0.094304 -0.003600 0.995537
vn -0.054002 0.000000 0.998541
vn -0.094304 0.003600 0.995537
vn 0.018801 0.861548 0.507328
vn 0.018801 0.861548 0.507328
vn 0.033399 0.874164 0.484480
vn 0.033399 0.874164 0.484480
vn 0.033399 0.874164 0.484480
vn -0.256702 -0.625005 0.737206
vn -0.256702 -0.625005 0.737206
vn -0.526300 -0.301900 0.794900
vn -0.526300 -0.301900 0.794900
vn -0.526300 -0.301900 0.794900
vn -0.006100 -0.721004 0.692904
vn -0.006100 -0.721004 0.692904
vn -0.583480 0.195793 0.788173
vn -0.583480 0.195793 0.788173
vn -0.583480 0.195793 0.788173
vn -0.142502 0.089801 0.985712
vn 0.282301 -0.259001 0.923702
vn 0.282301 -0.259001 0.923702
vn 0.327808 0.245006 0.912422
vn -0.116204 -0.520318 0.846029
vn -0.116204 -0.520318 0.846029
vn 0.314499 0.865398 0.390099
vn 0.314499 0.865398 0.390099
vn 0.176306 0.477016 0.861029
vn 0.176306 0.477016 0.861029
vn -0.167494 0.078197 0.982767
vn 0.358102 -0.052500 0.932205
vn 0.358102 0.052500 0.932205
vn -0.168693 0.204791 0.964159
vn -0.244208 0.298210 0.922731
vn -0.191806 0.198106 0.961231
vn -0.251007 0.163804 0.954025
vn -0.104199 0.672096 0.733096
vn -0.104199 0.672096 0.733096
vn 0.117606 -0.520628 0.845645
vn 0.117606 -0.520628 0.845645
vn -0.178595 -0.035799 0.983271
vn -0.796123 -0.316909 0.515515
vn -0.796123 -0.316909 0.515515
vn -0.796123 -0.316909 0.515515
vn -0.788681 -0.088598 0.608385
vn -0.788681 -0.088598 0.608385
vn -0.069997 0.950865 0.301589
vn -0.069997 0.950865 0.301589
vn -0.069997 0.950865 0.301589
vn 0.162800 -0.666402 0.727602
vn 0.162800 -0.666402 0.727602
vn -0.162800 -0.666402 0.727602
vn -0.162800 -0.666402 0.727602
vn 0.408890 0.641785 0.648784
vn 0.408890 0.641785 0.648784
vn 0.455810 -0.653115 0.604713
vn 0.455810 -0.653115 0.604713
vn 0.378904 0.112201 0.918609
vn 0.489411 0.647615 0.584013
vn 0.489411 0.647615 0.584013
vn 0.192300 0.731199 0.654499
vn 0.192300 0.731199 0.654499
vn -0.455810 -0.653115 0.604713
vn -0.455810 -0.653115 0.604713
vn -0.378904 0.112201 0.918609
vn -0.489411 0.647615 0.584013
vn -0.489411 0.647615 0.584013
vn -0.299206 0.269906 0.915219
vn 0.406703 0.182201 0.895207
vn -0.406703 0.182201 0.895207
vn -0.218805 0.420909 0.880318
vn -0.162997 0.443391 0.881383
vn -0.285890 0.384887 0.877570
vn -0.418001 0.236201 0.877203
vn -0.329100 0.339900 0.881000
vn 0.285890 0.384887 0.877570
vn 0.418001 0.236201 0.877203
vn 0.329100 0.339900 0.881000
vn -0.483821 0.075103 0.871938
vn -0.739862 -0.408979 0.534173
vn -0.739862 -0.408979 0.534173
vn -0.739862 -0.408979 0.534173
vn 0.483821 0.075103 0.871938
vn 0.739895 -0.408497 0.534496
vn 0.739895 -0.408497 0.534496
vn 0.739895 -0.408497 0.534496
vn -0.757705 0.409902 0.507803
vn -0.757705 0.409902 0.507803
vn -0.757705 0.409902 0.507803
vn 0.757705 0.409902 0.507803
vn 0.757705 0.409902 0.507803
vn 0.757705 0.409902 0.507803
vn -0.444791 0.324494 0.834784
vn -0.368097 0.429596 0.824592
vn -0.801038 0.126806 0.585028
vn -0.801038 0.126806 0.585028
vn -0.172995 0.546983 0.819074
vn -0.320895 0.480993 0.815888
vn -0.243003 0.519307 0.819311
vn -0.803798 0.594899 0.002000
vn -0.803798 0.594899 0.002000
vn -0.803798 0.594899 0.002000
vn -0.787989 0.223497 0.573692
vn -0.787989 0.223497 0.573692
vn -0.814231 0.037601 0.579322
vn -0.814231 0.037601 0.579322
vn -0.880514 0.173803 0.441007
vn -0.880514 0.173803 0.441007
vn -0.818810 0.008100 0.574007
vn -0.818810 0.008100 0.574007
vn -0.908383 0.006300 0.418092
vn -0.908383 0.006300 0.418092
vn -0.879872 -0.164895 0.445686
vn -0.879872 -0.164895 0.445686
vn 0.053101 0.768521 0.637617
vn 0.053101 0.768521 0.637617
vn -0.167506 0.881229 0.442015
vn -0.167506 0.881229 0.442015
vn -0.167506 0.881229 0.442015
vn -0.717405 0.489903 0.495303
vn -0.717405 0.489903 0.495303
vn -0.112195 0.543977 0.831565
vn -0.002000 0.543690 0.839284
vn 0.110106 0.544431 0.831548
vn 0.172995 0.546983 0.819074
vn 0.243003 0.519307 0.819311
vn -0.112100 0.632503 0.766403
vn -0.193789 0.612365 0.766456
vn 0.320895 0.480993 0.815888
vn 0.368097 0.429596 0.824592
vn 0.444791 0.324494 0.834784
vn 0.110898 0.632490 0.766588
vn -0.383212 0.481016 0.788525
vn -0.257201 0.599903 0.757604
vn -0.538696 0.668695 0.512497
vn -0.538696 0.668695 0.512497
vn -0.457093 0.748589 0.480293
vn -0.457093 0.748589 0.480293
vn -0.457093 0.748589 0.480293
vn -0.329585 0.546376 0.769966
vn 0.193789 0.612365 0.766456
vn -0.001100 0.653192 0.757191
vn 0.801038 0.126806 0.585028
vn 0.801038 0.126806 0.585028
vn 0.787989 0.223497 0.573692
vn 0.787989 0.223497 0.573692
vn 0.257201 0.599903 0.757604
vn 0.814231 0.037601 0.579322
vn 0.814231 0.037601 0.579322
vn 0.880514 0.173803 0.441007
vn 0.880514 0.173803 0.441007
vn 0.205807 0.842628 0.497616
vn 0.205807 0.842628 0.497616
vn 0.205807 0.842628 0.497616
vn 0.817447 0.006800 0.575963
vn 0.817447 0.006800 0.575963
vn 0.910318 0.000400 0.413908
vn 0.910318 0.000400 0.413908
vn 0.100905 0.898642 0.426920
vn 0.100905 0.898642 0.426920
vn 0.100905 0.898642 0.426920
vn 0.884883 -0.159397 0.437692
vn 0.884883 -0.159397 0.437692
vn 0.717405 0.489903 0.495303
vn 0.717405 0.489903 0.495303
vn 0.717405 0.489903 0.495303
vn 0.383212 0.481016 0.788525
vn 0.329585 0.546376 0.769966
vn 0.457093 0.748589 0.480293
vn 0.457093 0.748589 0.480293
vn 0.538696 0.668695 0.512497
vn 0.538696 0.668695 0.512497
vn -0.201603 0.873912 0.442306
vn -0.201603 0.873912 0.442306
vn 0.201603 0.873912 0.442306
vn 0.201603 0.873912 0.442306
vn -0.296205 0.850313 0.435007
vn -0.296205 0.850313 0.435007
vn 0.296205 0.850313 0.435007
vn 0.296205 0.850313 0.435007
vn -0.375205 0.803311 0.462506
vn -0.375205 0.803311 0.462506
vn 0.375205 0.803311 0.462506
vn 0.375205 0.803311 0.462506
vn -0.106003 0.887722 0.448011
vn -0.106003 0.887722 0.448011
vn -0.001600 0.884850 0.465874
vn -0.001600 0.884850 0.465874
vn 0.104397 0.887974 0.447887
vn 0.104397 0.887974 0.447887
vn -0.459886 0.077698 0.884572
vn -0.459886 0.077698 0.884572
vn -0.386110 0.305708 0.870323
vn -0.386110 0.305708 0.870323
vn 0.459886 0.077698 0.884572
vn 0.459886 0.077698 0.884572
vn 0.386110 0.305708 0.870323
vn 0.386110 0.305708 0.870323
vn -0.459283 -0.077897 0.884868
vn -0.459283 -0.077897 0.884868
vn 0.459283 -0.077897 0.884868
vn 0.459283 -0.077897 0.884868
vn -0.237411 0.584828 0.775637
vn -0.237411 0.584828 0.775637
vn -0.237411 0.584828 0.775637
vn -0.372311 -0.386012 0.844026
vn -0.372311 -0.386012 0.844026
vn -0.372311 -0.386012 0.844026
vn 0.237411 0.584828 0.775637
vn 0.237411 0.584828 0.775637
vn 0.237411 0.584828 0.775637
vn 0.372311 -0.386012 0.844026
vn 0.372311 -0.386012 0.844026
vn 0.372311 -0.386012 0.844026
vn -0.079901 -0.180003 0.980416
vn 0.079901 -0.180003 0.980416
vn 0.068798 -0.211893 0.974868
vn -0.068800 -0.211299 0.974997
vn -0.082496 -0.180290 0.980148
vn 0.082496 -0.180290 0.980148
vn -0.094801 -0.162102 0.982210
vn 0.094801 -0.162102 0.982210
vn -0.077201 -0.613112 0.786215
vn 0.077201 -0.613112 0.786215
vn 0.005300 -0.379577 0.925145
vn -0.440904 -0.336703 0.832007
vn -0.440904 -0.336703 0.832007
vn -0.491706 -0.211802 0.844610
vn -0.491706 -0.211802 0.844610
vn -0.448309 -0.177803 0.876017
vn -0.448309 -0.177803 0.876017
vn -0.437979 -0.168992 0.882959
vn -0.437979 -0.168992 0.882959
vn -0.354899 -0.507299 0.785299
vn -0.354899 -0.507299 0.785299
vn 0.415001 -0.340501 0.843702
vn 0.415001 -0.340501 0.843702
vn 0.491706 -0.211802 0.844610
vn 0.491706 -0.211802 0.844610
vn 0.448309 -0.177803 0.876017
vn 0.448309 -0.177803 0.876017
vn 0.437979 -0.168992 0.882959
vn 0.437979 -0.168992 0.882959
vn 0.354899 -0.507299 0.785299
vn 0.354899 -0.507299 0.785299
vn -0.345798 -0.556597 0.755396
vn -0.345798 -0.556597 0.755396
vn -0.345798 -0.556597 0.755396
vn 0.005600 -0.615335 0.788245
vn 0.005600 -0.615335 0.788245
vn 0.263896 -0.625091 0.734589
vn 0.263896 -0.625091 0.734589
vn 0.263896 -0.625091 0.734589
vn 0.377804 -0.417705 0.826309
vn -0.377804 -0.417705 0.826309
vn 0.681088 -0.488091 0.545790
vn 0.681088 -0.488091 0.545790
vn 0.741669 0.407783 0.532578
vn 0.741669 0.407783 0.532578
vn 0.741669 0.407783 0.532578
vn 0.411329 0.480333 0.774654
vn 0.411329 0.480333 0.774654
vn 0.411329 0.480333 0.774654
vn 0.090503 -0.536819 0.838829
vn 0.091902 0.532512 0.841419
vn 0.091902 0.532512 0.841419
vn -0.091902 0.532512 0.841419
vn -0.091902 0.532512 0.841419
vn -0.090503 -0.536819 0.838829
vn -0.411329 0.480333 0.774654
vn -0.411329 0.480333 0.774654
vn -0.411329 0.480333 0.774654
vn -0.741669 0.407783 0.532578
vn -0.741669 0.407783 0.532578
vn -0.741669 0.407783 0.532578
vn -0.681088 -0.488091 0.545790
vn -0.681088 -0.488091 0.545790
vn -0.698328 -0.187707 -0.690727
vn -0.698328 -0.187707 -0.690727
vn -0.965071 -0.232893 -0.119996
vn -0.739211 -0.009300 -0.673410
vn -0.739211 -0.009300 -0.673410
vn -0.543993 -0.836490 -0.065999
vn -0.543993 -0.836490 -0.065999
vn -0.981816 0.128202 -0.140002
vn -0.301310 -0.847227 -0.437514
vn -0.301310 -0.847227 -0.437514
vn -0.301310 -0.847227 -0.437514
vn -0.848712 -0.079101 0.522907
vn -0.848712 -0.079101 0.522907
vn -0.840757 -0.156592 0.518273
vn -0.840757 -0.156592 0.518273
vn -0.395406 -0.841212 0.368805
vn -0.395406 -0.841212 0.368805
vn -0.395406 -0.841212 0.368805
vn -0.427211 0.901523 -0.068902
vn -0.427211 0.901523 -0.068902
vn -0.451516 0.794228 -0.406614
vn -0.451516 0.794228 -0.406614
vn -0.451516 0.794228 -0.406614
vn 0.698328 -0.187707 -0.690727
vn 0.698328 -0.187707 -0.690727
vn 0.739211 -0.009300 -0.673410
vn 0.739211 -0.009300 -0.673410
vn 0.965071 -0.232893 -0.119996
vn 0.543588 -0.836682 -0.066899
vn 0.543588 -0.836682 -0.066899
vn 0.981816 0.128202 -0.140002
vn 0.305902 -0.848205 -0.432403
vn 0.305902 -0.848205 -0.432403
vn 0.305902 -0.848205 -0.432403
vn 0.848712 -0.079101 0.522907
vn 0.848712 -0.079101 0.522907
vn 0.840757 -0.156592 0.518273
vn 0.840757 -0.156592 0.518273
vn 0.396300 -0.843400 0.362800
vn 0.396300 -0.843400 0.362800
vn 0.396300 -0.843400 0.362800
vn 0.427211 0.901523 -0.068902
vn 0.427211 0.901523 -0.068902
vn 0.427211 0.901523 -0.068902
vn 0.451516 0.794228 -0.406614
vn 0.451516 0.794228 -0.406614
vn 0.451516 0.794228 -0.406614
vn 0.267414 -0.542228 -0.796541
vn 0.267414 -0.542228 -0.796541
vn 0.267414 -0.542228 -0.796541
vn 0.273197 -0.312196 -0.909889
vn 0.847681 -0.226995 -0.479489
vn 0.847681 -0.226995 -0.479489
vn 0.500689 -0.822181 -0.270794
vn 0.500689 -0.822181 -0.270794
vn 0.500689 -0.822181 -0.270794
vn 0.222097 -0.792788 -0.567591
vn 0.222097 -0.792788 -0.567591
vn 0.608972 -0.722067 -0.328285
vn 0.608972 -0.722067 -0.328285
vn 0.608972 -0.722067 -0.328285
vn -0.250103 -0.837811 -0.485306
vn -0.250103 -0.837811 -0.485306
vn -0.250103 -0.837811 -0.485306
vn -0.434171 -0.340878 -0.833845
vn -0.434171 -0.340878 -0.833845
vn -0.278802 -0.810007 -0.515905
vn -0.278802 -0.810007 -0.515905
vn -0.278802 -0.810007 -0.515905
vn -0.258300 -0.544499 -0.797999
vn -0.258300 -0.544499 -0.797999
vn -0.258300 -0.544499 -0.797999
vn -0.258300 -0.544499 -0.797999
vn -0.848570 -0.225792 -0.478483
vn -0.848570 -0.225792 -0.478483
vn -0.271292 -0.310691 -0.910973
vn -0.492904 -0.824206 -0.278802
vn -0.492904 -0.824206 -0.278802
vn -0.492904 -0.824206 -0.278802
vn -0.608879 -0.723275 -0.325789
vn -0.608879 -0.723275 -0.325789
vn -0.608879 -0.723275 -0.325789
vn -0.218707 -0.794425 -0.566618
vn -0.218707 -0.794425 -0.566618
vn 0.250103 -0.837811 -0.485306
vn 0.250103 -0.837811 -0.485306
vn 0.250103 -0.837811 -0.485306
vn 0.432301 -0.338701 -0.835702
vn 0.432301 -0.338701 -0.835702
vn 0.273286 -0.810758 -0.517673
vn 0.273286 -0.810758 -0.517673
vn 0.273286 -0.810758 -0.517673
vn -0.923190 -0.298997 -0.241497
vn -0.740209 -0.642408 0.198502
vn -0.740209 -0.642408 0.198502
vn -0.968660 -0.179593 -0.171593
vn -0.446189 -0.639185 -0.626385
vn -0.446189 -0.639185 -0.626385
vn -0.446189 -0.639185 -0.626385
vn -0.559019 -0.791227 -0.247908
vn -0.559019 -0.791227 -0.247908
vn -0.489988 -0.272693 -0.827980
vn -0.489988 -0.272693 -0.827980
vn -0.553990 -0.553490 -0.621888
vn -0.553990 -0.553490 -0.621888
vn -0.461817 -0.886032 0.040901
vn -0.461817 -0.886032 0.040901
vn -0.461817 -0.886032 0.040901
vn -0.877981 -0.473490 0.070399
vn -0.877981 -0.473490 0.070399
vn -0.867401 -0.339400 -0.363900
vn -0.550120 -0.819730 -0.159406
vn -0.550120 -0.819730 -0.159406
vn -0.775339 -0.586630 0.233912
vn -0.775339 -0.586630 0.233912
vn -0.775339 -0.586630 0.233912
vn -0.835217 -0.423908 0.350307
vn -0.835217 -0.423908 0.350307
vn -0.835217 -0.423908 0.350307
vn -0.318792 -0.938476 -0.132797
vn -0.318792 -0.938476 -0.132797
vn -0.388988 -0.888973 -0.241693
vn -0.388988 -0.888973 -0.241693
vn -0.388988 -0.888973 -0.241693
vn 0.968660 -0.179593 -0.171593
vn 0.740209 -0.642408 0.198502
vn 0.740209 -0.642408 0.198502
vn 0.923190 -0.298997 -0.241497
vn 0.445709 -0.638512 -0.627412
vn 0.445709 -0.638512 -0.627412
vn 0.445709 -0.638512 -0.627412
vn 0.559019 -0.791227 -0.247908
vn 0.559019 -0.791227 -0.247908
vn 0.491707 -0.286404 -0.822312
vn 0.491707 -0.286404 -0.822312
vn 0.567808 -0.541808 -0.619709
vn 0.567808 -0.541808 -0.619709
vn 0.461817 -0.886032 0.040901
vn 0.461817 -0.886032 0.040901
vn 0.461817 -0.886032 0.040901
vn 0.877981 -0.473490 0.070399
vn 0.877981 -0.473490 0.070399
vn 0.869179 -0.336992 -0.361891
vn 0.552283 -0.818875 -0.156295
vn 0.552283 -0.818875 -0.156295
vn 0.775339 -0.586630 0.233912
vn 0.775339 -0.586630 0.233912
vn 0.775339 -0.586630 0.233912
vn 0.835217 -0.423908 0.350307
vn 0.835217 -0.423908 0.350307
vn 0.835217 -0.423908 0.350307
vn 0.318792 -0.938476 -0.132797
vn 0.318792 -0.938476 -0.132797
vn 0.388988 -0.888973 -0.241693
vn 0.388988 -0.888973 -0.241693
vn 0.388988 -0.888973 -0.241693
vn -0.807701 0.418900 0.414900
vn -0.807701 0.418900 0.414900
vn -0.807701 0.418900 0.414900
vn -0.922128 -0.352611 -0.159205
vn -0.937525 0.300408 -0.175505
vn -0.937525 0.300408 -0.175505
vn -0.773109 -0.313103 0.551606
vn -0.773109 -0.313103 0.551606
vn -0.519717 -0.852527 -0.055602
vn -0.519717 -0.852527 -0.055602
vn -0.382717 -0.846837 0.369316
vn -0.382717 -0.846837 0.369316
vn -0.382717 -0.846837 0.369316
vn -0.597917 0.351410 -0.720421
vn -0.597917 0.351410 -0.720421
vn -0.597917 0.351410 -0.720421
vn -0.531499 -0.400499 -0.746398
vn -0.531499 -0.400499 -0.746398
vn -0.223702 -0.875409 -0.428504
vn -0.223702 -0.875409 -0.428504
vn -0.223702 -0.875409 -0.428504
vn 0.807701 0.418900 0.414900
vn 0.807701 0.418900 0.414900
vn 0.807701 0.418900 0.414900
vn 0.937525 0.300408 -0.175505
vn 0.937525 0.300408 -0.175505
vn 0.922128 -0.352611 -0.159205
vn 0.773109 -0.313103 0.551606
vn 0.773109 -0.313103 0.551606
vn 0.519965 -0.852343 -0.056096
vn 0.519965 -0.852343 -0.056096
vn 0.385986 -0.845670 0.368587
vn 0.385986 -0.845670 0.368587
vn 0.385986 -0.845670 0.368587
vn 0.597896 0.351498 -0.720395
vn 0.597896 0.351498 -0.720395
vn 0.597896 0.351498 -0.720395
vn 0.531499 -0.400499 -0.746398
vn 0.531499 -0.400499 -0.746398
vn 0.227707 -0.874028 -0.429214
vn 0.227707 -0.874028 -0.429214
vn 0.227707 -0.874028 -0.429214
vn 0.794477 0.604382 -0.059398
vn 0.794477 0.604382 -0.059398
vn 0.834311 -0.135802 -0.534307
vn 0.834311 -0.135802 -0.534307
vn 0.999672 -0.006800 -0.024699
vn 0.638463 0.571267 -0.515770
vn 0.638463 0.571267 -0.515770
vn 0.638463 0.571267 -0.515770
vn 0.734216 -0.676215 0.060501
vn 0.734216 -0.676215 0.060501
vn 0.628580 -0.721177 -0.291191
vn 0.628580 -0.721177 -0.291191
vn 0.628580 -0.721177 -0.291191
vn 0.737278 -0.023499 0.675180
vn 0.737278 -0.023499 0.675180
vn 0.549023 0.655127 0.519021
vn 0.549023 0.655127 0.519021
vn 0.549023 0.655127 0.519021
vn 0.558813 -0.669115 0.489911
vn 0.558813 -0.669115 0.489911
vn 0.558813 -0.669115 0.489911
vn -0.794477 0.604382 -0.059398
vn -0.794477 0.604382 -0.059398
vn -0.999672 -0.006800 -0.024699
vn -0.834311 -0.135802 -0.534307
vn -0.834311 -0.135802 -0.534307
vn -0.638463 0.571267 -0.515770
vn -0.638463 0.571267 -0.515770
vn -0.638463 0.571267 -0.515770
vn -0.733352 -0.677456 0.056996
vn -0.733352 -0.677456 0.056996
vn -0.623911 -0.726013 -0.289205
vn -0.623911 -0.726013 -0.289205
vn -0.623911 -0.726013 -0.289205
vn -0.737278 -0.023499 0.675180
vn -0.737278 -0.023499 0.675180
vn -0.549023 0.655127 0.519021
vn -0.549023 0.655127 0.519021
vn -0.549023 0.655127 0.519021
vn -0.555804 -0.670305 0.491704
vn -0.555804 -0.670305 0.491704
vn -0.555804 -0.670305 0.491704
vn -0.001400 -0.122004 -0.992529
vn -0.309205 -0.070001 -0.948416
vn 0.000700 -0.080902 -0.996722
vn -0.312306 -0.130202 -0.941017
vn -0.000900 -0.449612 -0.893224
vn -0.242697 -0.492495 -0.835791
vn -0.239312 -0.039302 -0.970147
vn 0.001100 -0.054700 -0.998502
vn -0.200811 -0.150808 -0.967952
vn -0.005400 -0.119897 -0.992772
vn 0.236908 -0.036801 -0.970835
vn 0.204608 -0.147705 -0.967636
vn 0.306984 -0.072496 -0.948950
vn 0.302890 -0.137396 -0.943070
vn 0.237698 -0.486897 -0.840495
vn -0.005900 -0.177597 -0.984086
vn -0.205903 -0.206603 -0.956514
vn -0.206695 -0.259094 -0.943476
vn -0.002200 -0.253907 -0.967226
vn 0.209790 -0.209890 -0.954953
vn 0.206807 -0.258808 -0.943530
vn -0.007800 -0.449199 -0.893398
vn 0.214510 -0.506323 -0.835238
vn 0.214510 -0.506323 -0.835238
vn -0.209709 -0.508823 -0.834938
vn -0.209709 -0.508823 -0.834938
vn -0.210896 -0.153497 -0.965382
vn -0.469298 -0.527597 -0.708097
vn -0.469298 -0.527597 -0.708097
vn -0.420010 -0.482512 -0.768618
vn -0.420010 -0.482512 -0.768618
vn 0.153804 -0.225506 -0.962025
vn 0.181796 -0.229095 -0.956277
vn -0.417303 -0.479604 -0.771906
vn -0.417303 -0.479604 -0.771906
vn 0.038799 -0.055899 -0.997682
vn -0.474093 -0.361395 -0.802888
vn -0.474093 -0.361395 -0.802888
vn -0.306813 0.512922 -0.801734
vn -0.306813 0.512922 -0.801734
vn -0.709406 0.179702 -0.681506
vn -0.709406 0.179702 -0.681506
vn -0.709406 0.179702 -0.681506
vn 0.144903 0.596113 -0.789717
vn 0.144903 0.596113 -0.789717
vn -0.044801 0.023301 -0.998724
vn 0.504107 0.094901 -0.858411
vn 0.210896 -0.153497 -0.965382
vn 0.469298 -0.527597 -0.708097
vn 0.469298 -0.527597 -0.708097
vn 0.413005 -0.477506 -0.775510
vn 0.413005 -0.477506 -0.775510
vn -0.144998 -0.225097 -0.963487
vn 0.410393 -0.477192 -0.777087
vn 0.410393 -0.477192 -0.777087
vn -0.504107 0.094901 -0.858411
vn -0.179404 -0.234905 -0.955319
vn -0.038799 -0.055899 -0.997682
vn 0.474093 -0.361395 -0.802888
vn 0.474093 -0.361395 -0.802888
vn 0.306813 0.512922 -0.801734
vn 0.306813 0.512922 -0.801734
vn 0.709406 0.179702 -0.681506
vn 0.709406 0.179702 -0.681506
vn 0.709406 0.179702 -0.681506
vn -0.144903 0.596113 -0.789717
vn -0.144903 0.596113 -0.789717
vn 0.044801 0.023301 -0.998724
vn -0.009200 -0.867078 -0.498087
vn -0.009200 -0.867078 -0.498087
vn 0.584975 -0.564176 -0.582675
vn 0.584975 -0.564176 -0.582675
vn -0.150901 -0.890609 -0.429004
vn -0.150901 -0.890609 -0.429004
vn -0.150901 -0.890609 -0.429004
vn -0.150901 -0.890609 -0.429004
vn 0.718414 -0.172403 -0.673913
vn 0.718414 -0.172403 -0.673913
vn 0.131198 0.018500 -0.991184
vn 0.427313 0.306609 -0.850526
vn 0.427313 0.306609 -0.850526
vn 0.427313 0.306609 -0.850526
vn -0.131198 0.018500 -0.991184
vn -0.427313 0.306609 -0.850526
vn -0.427313 0.306609 -0.850526
vn -0.427313 0.306609 -0.850526
vn -0.715992 -0.167598 -0.677692
vn -0.715992 -0.167598 -0.677692
vn -0.578981 -0.568681 -0.584280
vn -0.578981 -0.568681 -0.584280
vn 0.152900 -0.887599 -0.434500
vn 0.152900 -0.887599 -0.434500
vn 0.152900 -0.887599 -0.434500
vn -0.000700 -0.429285 -0.903169
vn 0.262909 -0.436314 -0.860528
vn -0.000600 0.386411 -0.922327
vn -0.000600 0.386411 -0.922327
vn 0.267893 0.374990 -0.887477
vn 0.267893 0.374990 -0.887477
vn -0.263408 -0.436413 -0.860326
vn -0.268487 0.375082 -0.887259
vn -0.268487 0.375082 -0.887259
vn -0.602599 -0.512899 -0.611399
vn -0.602599 -0.512899 -0.611399
vn -0.658399 0.371499 -0.654599
vn -0.658399 0.371499 -0.654599
vn -0.658399 0.371499 -0.654599
vn 0.602599 -0.512899 -0.611399
vn 0.602599 -0.512899 -0.611399
vn 0.658399 0.371499 -0.654599
vn 0.658399 0.371499 -0.654599
vn 0.658399 0.371499 -0.654599
vn -0.079803 -0.132004 0.988032
vn -0.175896 0.594287 0.784783
vn -0.175896 0.594287 0.784783
vn 0.064200 -0.774100 0.629800
vn 0.064200 -0.774100 0.629800
vn 0.079803 -0.132004 0.988032
vn 0.175896 0.594287 0.784783
vn 0.175896 0.594287 0.784783
vn -0.068799 -0.773387 0.630190
vn -0.068799 -0.773387 0.630190
vn 0.120204 0.602619 0.788924
vn 0.120204 0.602619 0.788924
vn 0.106998 0.135498 0.984983
vn -0.002000 0.145200 0.989400
vn 0.000000 0.595703 0.803205
vn 0.000000 0.595703 0.803205
vn -0.120297 0.602786 0.788782
vn -0.120297 0.602786 0.788782
vn -0.108995 0.135593 0.984751
vn 0.332604 0.094601 0.938310
vn 0.332604 0.094601 0.938310
vn -0.332604 0.094601 0.938310
vn -0.332604 0.094601 0.938310
vn 0.397304 0.125901 0.909010
vn 0.110699 0.136099 0.984491
vn -0.002100 0.138802 0.990318
vn -0.001300 0.760011 0.649909
vn -0.001300 0.760011 0.649909
vn 0.076700 0.765204 0.639203
vn 0.076700 0.765204 0.639203
vn 0.260605 0.799215 0.541610
vn 0.260605 0.799215 0.541610
vn -0.112698 0.135997 0.984279
vn -0.078001 0.764814 0.639512
vn -0.078001 0.764814 0.639512
vn -0.397304 0.125901 0.909010
vn -0.260605 0.799215 0.541610
vn -0.260605 0.799215 0.541610
vn -0.063802 -0.808431 0.585123
vn -0.063802 -0.808431 0.585123
vn -0.559900 -0.662800 0.497200
vn -0.559900 -0.662800 0.497200
vn -0.559900 -0.662800 0.497200
vn -0.248704 0.714710 0.653709
vn -0.248704 0.714710 0.653709
vn -0.248704 0.714710 0.653709
vn 0.046498 -0.810074 0.584481
vn 0.046498 -0.810074 0.584481
vn 0.567707 -0.663508 0.487306
vn 0.567707 -0.663508 0.487306
vn 0.567707 -0.663508 0.487306
vn 0.250596 0.714889 0.652790
vn 0.250596 0.714889 0.652790
vn 0.250596 0.714889 0.652790
vn -0.721165 -0.206190 0.661368
vn -0.579203 -0.296102 0.759504
vn -0.921834 -0.268610 0.279410
vn -0.937285 -0.202097 0.283996
vn -0.939454 0.173192 0.295686
vn -0.695743 0.132608 0.705944
vn -0.885271 -0.373888 0.276591
vn -0.520697 -0.289398 0.803196
vn -0.899047 0.418722 0.128007
vn -0.899047 0.418722 0.128007
vn -0.732077 0.564182 0.381788
vn -0.732077 0.564182 0.381788
vn -0.428313 -0.353010 0.831825
vn -0.976971 -0.168195 -0.131296
vn -0.948693 -0.260998 -0.178499
vn -0.961834 0.246109 -0.119604
vn -0.916505 -0.332902 -0.221801
vn -0.893192 0.429896 -0.131899
vn -0.893192 0.429896 -0.131899
vn -0.733428 0.263010 -0.626824
vn -0.733428 0.263010 -0.626824
vn -0.742218 -0.137903 -0.655816
vn -0.742218 -0.137903 -0.655816
vn -0.697999 -0.246600 -0.672299
vn -0.697999 -0.246600 -0.672299
vn -0.658686 -0.238895 -0.713485
vn -0.658686 -0.238895 -0.713485
vn -0.629094 -0.177498 -0.756793
vn -0.629094 -0.177498 -0.756793
vn -0.731004 0.532903 -0.426202
vn -0.731004 0.532903 -0.426202
vn -0.731004 0.532903 -0.426202
vn -0.522475 -0.025999 0.852258
vn -0.522475 -0.025999 0.852258
vn -0.522475 -0.025999 0.852258
vn -0.358188 -0.173594 0.917369
vn -0.609707 0.509706 0.607007
vn -0.609707 0.509706 0.607007
vn -0.609707 0.509706 0.607007
vn 0.010000 0.119695 0.992760
vn 0.010000 0.119695 0.992760
vn -0.633994 0.734893 0.240798
vn -0.633994 0.734893 0.240798
vn -0.468321 0.572926 0.672630
vn -0.468321 0.572926 0.672630
vn -0.613106 0.783608 -0.100301
vn -0.613106 0.783608 -0.100301
vn -0.424284 0.723173 -0.544980
vn -0.424284 0.723173 -0.544980
vn -0.424284 0.723173 -0.544980
vn -0.096702 0.391409 0.915122
vn -0.096702 0.391409 0.915122
vn 0.236290 -0.674572 0.699371
vn 0.236290 -0.674572 0.699371
vn 0.236290 -0.674572 0.699371
vn 0.190791 -0.376982 0.906357
vn 0.190791 -0.376982 0.906357
vn 0.347512 -0.384914 0.855030
vn 0.347512 -0.384914 0.855030
vn 0.347512 -0.384914 0.855030
vn 0.347512 -0.384914 0.855030
vn -0.303702 0.722405 0.621205
vn -0.303702 0.722405 0.621205
vn -0.303702 0.722405 0.621205
vn 0.259696 0.335095 0.905687
vn 0.259696 0.335095 0.905687
vn 0.259696 0.335095 0.905687
vn 0.721165 -0.206190 0.661368
vn 0.921834 -0.268610 0.279410
vn 0.579203 -0.296102 0.759504
vn 0.937285 -0.202097 0.283996
vn 0.939454 0.173192 0.295686
vn 0.695743 0.132608 0.705944
vn 0.885271 -0.373888 0.276591
vn 0.520697 -0.289398 0.803196
vn 0.899047 0.418722 0.128007
vn 0.899047 0.418722 0.128007
vn 0.732077 0.564182 0.381788
vn 0.732077 0.564182 0.381788
vn 0.428313 -0.353010 0.831825
vn 0.976971 -0.168195 -0.131296
vn 0.948693 -0.260998 -0.178499
vn 0.961834 0.246109 -0.119604
vn 0.916505 -0.332902 -0.221801
vn 0.893192 0.429896 -0.131899
vn 0.893192 0.429896 -0.131899
vn 0.733428 0.263010 -0.626824
vn 0.733428 0.263010 -0.626824
vn 0.742218 -0.137903 -0.655816
vn 0.742218 -0.137903 -0.655816
vn 0.697999 -0.246600 -0.672299
vn 0.697999 -0.246600 -0.672299
vn 0.658686 -0.238895 -0.713485
vn 0.658686 -0.238895 -0.713485
vn 0.629094 -0.177498 -0.756793
vn 0.629094 -0.177498 -0.756793
vn 0.731004 0.532903 -0.426202
vn 0.731004 0.532903 -0.426202
vn 0.731004 0.532903 -0.426202
vn 0.522475 -0.025999 0.852258
vn 0.522475 -0.025999 0.852258
vn 0.522475 -0.025999 0.852258
vn 0.358188 -0.173594 0.917369
vn 0.609707 0.509706 0.607007
vn 0.609707 0.509706 0.607007
vn 0.609707 0.509706 0.607007
vn -0.010000 0.119695 0.992760
vn -0.010000 0.119695 0.992760
vn 0.633994 0.734893 0.240798
vn 0.633994 0.734893 0.240798
vn 0.468321 0.572926 0.672630
vn 0.468321 0.572926 0.672630
vn 0.613106 0.783608 -0.100301
vn 0.613106 0.783608 -0.100301
vn 0.424284 0.723173 -0.544980
vn 0.424284 0.723173 -0.544980
vn 0.424284 0.723173 -0.544980
vn 0.096702 0.391409 0.915122
vn 0.096702 0.391409 0.915122
vn -0.236290 -0.674572 0.699371
vn -0.236290 -0.674572 0.699371
vn -0.236290 -0.674572 0.699371
vn -0.190791 -0.376982 0.906357
vn -0.190791 -0.376982 0.906357
vn -0.347512 -0.384914 0.855030
vn -0.347512 -0.384914 0.855030
vn -0.347512 -0.384914 0.855030
vn -0.347512 -0.384914 0.855030
vn 0.303702 0.722405 0.621205
vn 0.303702 0.722405 0.621205
vn 0.303702 0.722405 0.621205
vn -0.259696 0.335095 0.905687
vn -0.259696 0.335095 0.905687
vn -0.259696 0.335095 0.905687
vn 0.679393 -0.699893 0.220398
vn 0.679393 -0.699893 0.220398
vn 0.893218 -0.210304 0.397408
vn 0.957918 -0.281305 -0.057101
vn 0.709494 -0.621394 -0.332397
vn 0.709494 -0.621394 -0.332397
vn 0.626224 -0.601423 0.496119
vn 0.626224 -0.601423 0.496119
vn 0.765371 -0.629676 -0.133095
vn 0.864085 -0.131398 0.485892
vn 0.923556 -0.049298 0.380282
vn 0.637367 -0.389680 0.664766
vn 0.749106 -0.657305 0.082401
vn 0.749106 -0.657305 0.082401
vn 0.975217 -0.188403 0.116002
vn 0.826412 -0.327105 0.458307
vn 0.703012 -0.700512 0.122702
vn 0.703012 -0.700512 0.122702
vn 0.493320 -0.821133 0.287012
vn 0.493320 -0.821133 0.287012
vn 0.375999 -0.776397 0.505798
vn 0.375999 -0.776397 0.505798
vn 0.460584 -0.618778 0.636378
vn 0.460584 -0.618778 0.636378
vn 0.460584 -0.618778 0.636378
vn 0.579615 -0.814522 -0.024501
vn 0.579615 -0.814522 -0.024501
vn 0.389511 -0.420312 0.819524
vn 0.389511 -0.420312 0.819524
vn 0.389511 -0.420312 0.819524
vn 0.422876 -0.901648 -0.090595
vn 0.422876 -0.901648 -0.090595
vn 0.955977 -0.284993 -0.069898
vn 0.777823 -0.625318 -0.063002
vn 0.777823 -0.625318 -0.063002
vn 0.838991 -0.260397 0.477795
vn 0.577975 -0.813764 -0.061097
vn 0.577975 -0.813764 -0.061097
vn 0.654717 -0.673617 0.342909
vn 0.654717 -0.673617 0.342909
vn 0.769917 -0.370308 0.519711
vn 0.434013 -0.739322 0.514816
vn 0.434013 -0.739322 0.514816
vn 0.285403 -0.517306 0.806809
vn 0.285403 -0.517306 0.806809
vn 0.285403 -0.517306 0.806809
vn 0.342411 -0.564818 0.750823
vn 0.342411 -0.564818 0.750823
vn 0.342411 -0.564818 0.750823
vn 0.687282 -0.563085 0.458888
vn 0.687282 -0.563085 0.458888
vn 0.687282 -0.563085 0.458888
vn 0.687282 -0.563085 0.458888
vn 0.391286 -0.920267 -0.002000
vn 0.391286 -0.920267 -0.002000
vn -0.655934 -0.722438 0.218711
vn -0.655934 -0.722438 0.218711
vn -0.953103 -0.296701 -0.059700
vn -0.893218 -0.210304 0.397408
vn -0.709494 -0.621394 -0.332397
vn -0.709494 -0.621394 -0.332397
vn -0.625403 -0.595103 0.504702
vn -0.625403 -0.595103 0.504702
vn -0.864085 -0.131398 0.485892
vn -0.923556 -0.049298 0.380282
vn -0.635888 -0.387093 0.667687
vn -0.741375 -0.665177 0.088897
vn -0.741375 -0.665177 0.088897
vn -0.972998 -0.194100 0.124900
vn -0.831959 -0.334484 0.442678
vn -0.559104 -0.561404 0.610105
vn -0.559104 -0.561404 0.610105
vn -0.559104 -0.561404 0.610105
vn -0.579615 -0.814522 -0.024501
vn -0.579615 -0.814522 -0.024501
vn -0.389511 -0.420312 0.819524
vn -0.389511 -0.420312 0.819524
vn -0.389511 -0.420312 0.819524
vn -0.370684 -0.777267 0.508379
vn -0.370684 -0.777267 0.508379
vn -0.505982 -0.818571 0.271890
vn -0.505982 -0.818571 0.271890
vn -0.707328 -0.692228 0.143206
vn -0.707328 -0.692228 0.143206
vn -0.750679 -0.603783 -0.268192
vn -0.422876 -0.901648 -0.090595
vn -0.422876 -0.901648 -0.090595
vn -0.955977 -0.284993 -0.069898
vn -0.777823 -0.625318 -0.063002
vn -0.777823 -0.625318 -0.063002
vn -0.838991 -0.260397 0.477795
vn -0.577919 -0.813826 -0.060802
vn -0.577919 -0.813826 -0.060802
vn -0.657086 -0.675786 0.333993
vn -0.657086 -0.675786 0.333993
vn -0.769917 -0.370308 0.519711
vn -0.434013 -0.739322 0.514816
vn -0.434013 -0.739322 0.514816
vn -0.285403 -0.517306 0.806809
vn -0.285403 -0.517306 0.806809
vn -0.329294 -0.569189 0.753385
vn -0.329294 -0.569189 0.753385
vn -0.329294 -0.569189 0.753385
vn -0.687282 -0.563085 0.458888
vn -0.687282 -0.563085 0.458888
vn -0.687282 -0.563085 0.458888
vn -0.687282 -0.563085 0.458888
vn -0.391286 -0.920267 -0.002000
vn -0.391286 -0.920267 -0.002000
vn -0.769390 -0.608192 -0.195297
vn -0.163603 0.372207 0.913617
vn -0.163603 0.372207 0.913617
vn -0.163603 0.372207 0.913617
vn -0.120099 0.390597 -0.912694
vn -0.120099 0.390597 -0.912694
vn -0.744090 -0.645292 0.172998
vn -0.721865 0.357782 0.592371
vn -0.721865 0.357782 0.592371
vn -0.721865 0.357782 0.592371
vn -0.991577 0.099598 0.082798
vn -0.991577 0.099598 0.082798
vn -0.789451 0.440828 -0.427127
vn -0.789451 0.440828 -0.427127
vn -0.644076 -0.573979 0.505682
vn -0.794378 -0.208594 0.570484
vn -0.810418 0.222605 0.541912
vn -0.810418 0.222605 0.541912
vn -0.810418 0.222605 0.541912
vn -0.796322 -0.209006 0.567616
vn -0.475426 -0.076204 0.876449
vn -0.475426 -0.076204 0.876449
vn -0.408122 -0.079604 0.909450
vn -0.408122 -0.079604 0.909450
vn -0.797888 -0.218297 0.561891
vn -0.481089 -0.107298 0.870081
vn -0.481089 -0.107298 0.870081
vn -0.497973 -0.500672 0.708061
vn -0.497973 -0.500672 0.708061
vn -0.801002 -0.570102 0.182700
vn -0.936527 0.304709 0.173405
vn -0.936527 0.304709 0.173405
vn -0.936527 0.304709 0.173405
vn -0.885320 0.396309 -0.243205
vn -0.885320 0.396309 -0.243205
vn -0.789894 -0.577395 -0.206598
vn -0.975929 0.005900 -0.218007
vn -0.975929 0.005900 -0.218007
vn -0.310587 0.496179 -0.810766
vn -0.310587 0.496179 -0.810766
vn -0.310587 0.496179 -0.810766
vn -0.868571 0.494784 0.027799
vn -0.868571 0.494784 0.027799
vn -0.715816 0.575413 0.395609
vn -0.715816 0.575413 0.395609
vn -0.587179 0.797171 0.140495
vn -0.587179 0.797171 0.140495
vn -0.004000 0.514183 -0.857671
vn -0.004000 0.514183 -0.857671
vn -0.001500 0.928310 -0.371804
vn 0.168099 0.512298 -0.842196
vn 0.168099 0.512298 -0.842196
vn 0.125304 0.933630 -0.335611
vn 0.079798 0.899778 -0.428989
vn 0.322994 0.541490 -0.776185
vn 0.322994 0.541490 -0.776185
vn 0.556225 0.598427 -0.576626
vn 0.556225 0.598427 -0.576626
vn 0.556225 0.598427 -0.576626
vn 0.149904 0.893023 -0.424311
vn 0.210008 0.922133 -0.324912
vn 0.241897 0.944588 -0.221897
vn 0.266507 0.864623 -0.425911
vn -0.001500 0.849919 -0.526912
vn -0.171901 0.512004 -0.841607
vn -0.171901 0.512004 -0.841607
vn 0.086398 0.838578 -0.537886
vn 0.190298 0.826693 -0.529495
vn -0.081204 0.899446 -0.429422
vn -0.125800 0.933602 -0.335501
vn -0.149904 0.893023 -0.424311
vn -0.322994 0.541490 -0.776185
vn -0.322994 0.541490 -0.776185
vn -0.556225 0.598427 -0.576626
vn -0.556225 0.598427 -0.576626
vn -0.556225 0.598427 -0.576626
vn -0.087703 0.838424 -0.537916
vn -0.190298 0.826693 -0.529495
vn -0.210008 0.922133 -0.324912
vn -0.241897 0.944588 -0.221897
vn -0.266507 0.864623 -0.425911
vn 0.705801 0.661501 -0.253500
vn 0.705801 0.661501 -0.253500
vn -0.705801 0.661501 -0.253500
vn -0.705801 0.661501 -0.253500
vn 0.234300 0.961500 -0.143600
vn 0.733373 0.679575 -0.018499
vn 0.733373 0.679575 -0.018499
vn 0.219493 0.973971 -0.056598
vn 0.212290 0.976355 -0.040798
vn -0.234300 0.961500 -0.143600
vn -0.733373 0.679575 -0.018499
vn -0.733373 0.679575 -0.018499
vn -0.219493 0.973971 -0.056598
vn -0.212290 0.976355 -0.040798
vn 0.322185 0.895657 -0.306585
vn 0.145403 0.989221 0.017300
vn 0.285512 0.918339 0.274112
vn 0.285512 0.918339 0.274112
vn 0.178406 0.878331 0.443516
vn 0.178406 0.878331 0.443516
vn 0.091003 0.992728 0.078802
vn -0.000100 0.998419 0.056201
vn -0.003200 0.848802 0.528701
vn -0.003200 0.848802 0.528701
vn -0.183600 0.876202 0.445601
vn -0.183600 0.876202 0.445601
vn -0.091103 0.992735 0.078603
vn -0.145403 0.989221 0.017300
vn -0.285512 0.918339 0.274112
vn -0.285512 0.918339 0.274112
vn 0.190896 0.978578 0.077098
vn 0.230809 0.972439 0.033001
vn 0.320108 0.945324 -0.062402
vn 0.319513 0.937537 -0.137605
vn 0.338213 0.918935 -0.202908
vn 0.337207 0.940618 0.039101
vn -0.190896 0.978578 0.077098
vn -0.230809 0.972439 0.033001
vn -0.320108 0.945324 -0.062402
vn -0.319513 0.937537 -0.137605
vn -0.338213 0.918935 -0.202908
vn -0.337207 0.940618 0.039101
vn 0.269205 0.959517 0.082801
vn -0.269205 0.959517 0.082801
vn -0.322185 0.895657 -0.306585
vn 0.405305 0.904411 -0.133302
vn 0.407117 0.912039 -0.049402
vn -0.405305 0.904411 -0.133302
vn -0.407117 0.912039 -0.049402
vn 0.382313 0.917232 0.111904
vn 0.415300 0.886100 -0.205800
vn 0.401511 0.869523 -0.287608
vn -0.382313 0.917232 0.111904
vn -0.415300 0.886100 -0.205800
vn -0.401511 0.869523 -0.287608
vn 0.384911 0.837524 -0.387811
vn -0.384911 0.837524 -0.387811
vn 0.752312 0.633910 0.179403
vn 0.752312 0.633910 0.179403
vn 0.574474 0.555275 0.601373
vn 0.574474 0.555275 0.601373
vn 0.574474 0.555275 0.601373
vn -0.752312 0.633910 0.179403
vn -0.752312 0.633910 0.179403
vn -0.574474 0.555275 0.601373
vn -0.574474 0.555275 0.601373
vn -0.574474 0.555275 0.601373
vn 0.505893 0.862189 -0.026500
vn 0.460004 0.885707 0.062601
vn 0.470823 0.875542 0.108405
vn 0.460593 0.841087 -0.283596
vn 0.487826 0.863146 -0.130407
vn 0.477998 0.857097 -0.192099
vn 0.352799 0.791097 -0.499698
vn 0.449892 0.803286 -0.390293
vn 0.269291 0.807973 -0.524082
vn 0.577204 0.809506 -0.107401
vn 0.573506 0.797408 -0.187702
vn 0.562506 0.778008 -0.279803
vn 0.576526 0.816837 -0.019901
vn 0.541792 0.739989 -0.398594
vn 0.089898 0.776486 -0.623689
vn -0.000900 0.786890 -0.617092
vn -0.090703 0.776527 -0.623522
vn 0.530596 0.844093 0.077299
vn 0.194301 0.763405 -0.616004
vn 0.278591 0.761775 -0.584881
vn -0.269291 0.807973 -0.524082
vn -0.352799 0.791097 -0.499698
vn -0.460593 0.841087 -0.283596
vn -0.505893 0.862189 -0.026500
vn -0.460004 0.885707 0.062601
vn -0.470823 0.875542 0.108405
vn -0.487826 0.863146 -0.130407
vn -0.477998 0.857097 -0.192099
vn -0.449892 0.803286 -0.390293
vn -0.194301 0.763405 -0.616004
vn -0.278591 0.761775 -0.584881
vn -0.001300 0.735990 -0.676991
vn 0.432384 0.772371 -0.465282
vn -0.577204 0.809506 -0.107401
vn -0.577204 0.809506 -0.107401
vn -0.573506 0.797408 -0.187702
vn -0.573506 0.797408 -0.187702
vn -0.562506 0.778008 -0.279803
vn -0.562506 0.778008 -0.279803
vn -0.541792 0.739989 -0.398594
vn -0.576526 0.816837 -0.019901
vn -0.576526 0.816837 -0.019901
vn -0.432417 0.772330 -0.465318
vn -0.530596 0.844093 0.077299
vn 0.096205 0.726936 -0.679933
vn -0.097598 0.726886 -0.679787
vn 0.368917 0.736234 -0.567326
vn 0.454789 0.716182 -0.529387
vn 0.524797 0.711296 -0.467597
vn 0.186596 0.727284 -0.660485
vn 0.290197 0.720693 -0.629593
vn -0.368917 0.736234 -0.567326
vn -0.454789 0.716182 -0.529387
vn -0.524797 0.711296 -0.467597
vn -0.186596 0.727284 -0.660485
vn -0.290197 0.720693 -0.629593
vn 0.078798 0.979670 -0.184494
vn 0.140097 0.982778 -0.120497
vn -0.001100 0.984355 -0.176192
vn -0.079703 0.979838 -0.183207
vn -0.140097 0.982778 -0.120497
vn 0.244301 0.958903 -0.144300
vn -0.244301 0.958903 -0.144300
vn 0.377993 0.712887 -0.590689
vn 0.292217 0.954255 -0.063304
vn -0.377993 0.712887 -0.590689
vn -0.292217 0.954255 -0.063304
vn 0.483895 0.659194 -0.575594
vn -0.483895 0.659194 -0.575594
vn 0.561698 0.817097 0.129800
vn -0.561698 0.817097 0.129800
vn -0.561698 0.817097 0.129800
vn 0.564902 0.820902 0.083700
vn 0.779889 0.622092 0.069099
vn 0.779889 0.622092 0.069099
vn -0.564902 0.820902 0.083700
vn -0.779889 0.622092 0.069099
vn -0.779889 0.622092 0.069099
vn 0.283192 0.949572 0.134596
vn 0.283192 0.949572 0.134596
vn -0.285395 0.948683 0.136198
vn -0.285395 0.948683 0.136198
vn -0.405613 0.843627 0.351811
vn -0.405613 0.843627 0.351811
vn -0.405613 0.843627 0.351811
vn 0.563909 0.655510 -0.502308
vn 0.702384 0.599787 -0.383291
vn 0.702384 0.599787 -0.383291
vn 0.654203 0.594603 -0.467402
vn 0.654203 0.594603 -0.467402
vn 0.585907 0.588607 -0.557006
vn 0.585907 0.588607 -0.557006
vn 0.765330 0.642425 -0.039502
vn 0.765330 0.642425 -0.039502
vn 0.790227 0.594921 0.147005
vn 0.790227 0.594921 0.147005
vn 0.725810 0.630708 -0.274604
vn 0.725810 0.630708 -0.274604
vn 0.719120 0.668518 -0.189605
vn 0.719120 0.668518 -0.189605
vn 0.379597 0.924893 -0.021900
vn 0.379597 0.924893 -0.021900
vn 0.379597 0.924893 -0.021900
vn 0.735725 0.669722 -0.100903
vn 0.735725 0.669722 -0.100903
vn -0.563909 0.655510 -0.502308
vn -0.702384 0.599787 -0.383291
vn -0.702384 0.599787 -0.383291
vn -0.654203 0.594603 -0.467402
vn -0.654203 0.594603 -0.467402
vn -0.585907 0.588607 -0.557006
vn -0.585907 0.588607 -0.557006
vn -0.379597 0.924893 -0.021900
vn -0.379597 0.924893 -0.021900
vn -0.379597 0.924893 -0.021900
vn -0.790227 0.594921 0.147005
vn -0.790227 0.594921 0.147005
vn 0.980898 0.176900 0.080900
vn 0.944562 -0.101996 0.312088
vn 0.944562 -0.101996 0.312088
vn 0.944562 -0.101996 0.312088
vn 0.988104 0.117600 0.099100
vn 0.993218 0.111802 0.031901
vn 0.991110 0.059301 0.119101
vn 0.982678 0.135897 0.125997
vn 0.827641 0.544127 -0.137607
vn 0.827641 0.544127 -0.137607
vn 0.827641 0.544127 -0.137607
vn 0.978680 0.110398 0.173197
vn 0.969924 0.214205 0.115603
vn 0.968490 0.177898 0.174298
vn 0.744496 0.276899 0.607497
vn 0.744496 0.276899 0.607497
vn 0.745799 0.513900 0.423900
vn 0.745799 0.513900 0.423900
vn 0.745799 0.513900 0.423900
vn 0.949251 0.267014 0.166209
vn 0.207795 0.779383 0.591087
vn 0.207795 0.779383 0.591087
vn 0.207795 0.779383 0.591087
vn 0.923509 0.107501 0.368204
vn 0.923509 0.107501 0.368204
vn 0.923509 0.107501 0.368204
vn 0.947286 0.314195 -0.062699
vn 0.947286 0.314195 -0.062699
vn 0.947286 0.314195 -0.062699
vn 0.947286 0.314195 -0.062699
vn 0.746117 -0.497311 0.442710
vn 0.746117 -0.497311 0.442710
vn 0.746117 -0.497311 0.442710
vn 0.965796 0.248399 0.074400
vn 0.944384 0.313495 0.099298
vn 0.815219 0.183204 0.549413
vn 0.815219 0.183204 0.549413
vn 0.813302 0.526201 0.248300
vn 0.813302 0.526201 0.248300
vn 0.813302 0.526201 0.248300
vn 0.923604 0.381202 0.040500
vn 0.871574 0.486785 -0.058298
vn 0.569786 0.805080 -0.164896
vn 0.569786 0.805080 -0.164896
vn 0.848835 0.498321 -0.176507
vn 0.556307 0.627808 -0.544407
vn 0.556307 0.627808 -0.544407
vn 0.556307 0.627808 -0.544407
vn 0.845619 0.456710 -0.276306
vn 0.908576 0.302192 -0.288392
vn 0.433789 0.337592 -0.835379
vn 0.433789 0.337592 -0.835379
vn 0.433517 0.201908 -0.878235
vn 0.433517 0.201908 -0.878235
vn 0.913458 0.227614 -0.337321
vn 0.437611 0.078602 -0.895722
vn 0.437611 0.078602 -0.895722
vn 0.855841 0.370018 0.361417
vn 0.855841 0.370018 0.361417
vn 0.406496 -0.032000 -0.913092
vn 0.406496 -0.032000 -0.913092
vn 0.850898 0.301499 0.430199
vn 0.850898 0.301499 0.430199
vn 0.849366 0.413683 -0.327787
vn 0.892593 0.304397 -0.332597
vn 0.393997 0.576795 -0.715594
vn 0.393997 0.576795 -0.715594
vn 0.393997 0.576795 -0.715594
vn 0.760472 0.594878 0.260390
vn 0.760472 0.594878 0.260390
vn 0.827194 0.450097 0.336398
vn 0.827194 0.450097 0.336398
vn 0.708978 0.649280 0.275292
vn 0.708978 0.649280 0.275292
vn 0.806816 0.424309 -0.411108
vn 0.497792 0.811787 0.305295
vn 0.497792 0.811787 0.305295
vn 0.713289 0.488693 -0.502392
vn 0.532889 0.842583 -0.077998
vn 0.532889 0.842583 -0.077998
vn 0.343806 0.634211 0.692512
vn 0.343806 0.634211 0.692512
vn 0.343806 0.634211 0.692512
vn 0.784208 -0.608606 0.120901
vn 0.784208 -0.608606 0.120901
vn 0.790807 0.397404 -0.465504
vn 0.790807 0.397404 -0.465504
vn 0.790807 0.397404 -0.465504
vn 0.791711 0.610709 0.015100
vn 0.791711 0.610709 0.015100
vn 0.639635 -0.710639 -0.293016
vn 0.639635 -0.710639 -0.293016
vn 0.639635 -0.710639 -0.293016
vn 0.635673 0.670371 0.382783
vn 0.635673 0.670371 0.382783
vn 0.635673 0.670371 0.382783
vn 0.797229 -0.333612 0.503119
vn 0.797229 -0.333612 0.503119
vn 0.797229 -0.333612 0.503119
vn -0.048400 0.976995 -0.207699
vn -0.048400 0.976995 -0.207699
vn -0.783777 -0.608882 0.122296
vn -0.783777 -0.608882 0.122296
vn -0.791711 0.610709 0.015100
vn -0.791711 0.610709 0.015100
vn -0.790807 0.397404 -0.465504
vn -0.790807 0.397404 -0.465504
vn -0.790807 0.397404 -0.465504
vn -0.636411 -0.709813 -0.301905
vn -0.636411 -0.709813 -0.301905
vn -0.636411 -0.709813 -0.301905
vn -0.635673 0.670371 0.382783
vn -0.635673 0.670371 0.382783
vn -0.635673 0.670371 0.382783
vn -0.801906 -0.338503 0.492304
vn -0.801906 -0.338503 0.492304
vn -0.801906 -0.338503 0.492304
vn 0.048400 0.976995 -0.207699
vn 0.048400 0.976995 -0.207699
vn -0.054602 0.660625 -0.748728
vn -0.054602 0.660625 -0.748728
vn 0.001900 0.680783 -0.732482
vn 0.001900 0.680783 -0.732482
vn 0.000000 0.237709 -0.971336
vn 0.036702 0.226409 -0.973341
vn -0.210194 0.306192 -0.928475
vn -0.210194 0.306192 -0.928475
vn 0.056698 0.661182 -0.748080
vn 0.056698 0.661182 -0.748080
vn -0.036702 0.226409 -0.973341
vn 0.210194 0.306192 -0.928475
vn 0.210194 0.306192 -0.928475
vn -0.275896 0.143698 -0.950386
vn 0.275896 0.143698 -0.950386
vn 0.248594 0.178195 -0.952075
vn -0.248594 0.178195 -0.952075
vn -0.000700 0.294395 -0.955684
vn 0.059198 0.176195 -0.982574
vn -0.059198 0.176195 -0.982574
vn 0.051498 0.733468 -0.677770
vn 0.051498 0.733468 -0.677770
vn -0.051799 0.735184 -0.675885
vn -0.051799 0.735184 -0.675885
vn 0.171001 0.875007 -0.452904
vn 0.171001 0.875007 -0.452904
vn -0.171001 0.875007 -0.452904
vn -0.171001 0.875007 -0.452904
vn 0.310695 0.168897 -0.935384
vn -0.310695 0.168897 -0.935384
vn 0.330704 -0.614907 -0.715908
vn 0.330704 -0.614907 -0.715908
vn -0.360074 -0.596456 -0.717347
vn -0.360074 -0.596456 -0.717347
vn -0.001200 0.824403 -0.566002
vn -0.001200 0.824403 -0.566002
vn 0.726180 -0.590384 -0.352291
vn 0.726180 -0.590384 -0.352291
vn 0.726180 -0.590384 -0.352291
vn -0.730260 -0.584068 -0.354380
vn -0.730260 -0.584068 -0.354380
vn -0.730260 -0.584068 -0.354380
vn 0.592313 0.602613 -0.534811
vn 0.592313 0.602613 -0.534811
vn 0.592313 0.602613 -0.534811
vn -0.583122 0.608423 -0.538321
vn -0.583122 0.608423 -0.538321
vn -0.583122 0.608423 -0.538321
vn -0.980898 0.176900 0.080900
vn -0.988104 0.117600 0.099100
vn -0.944562 -0.101996 0.312088
vn -0.944562 -0.101996 0.312088
vn -0.944562 -0.101996 0.312088
vn -0.993218 0.111802 0.031901
vn -0.991110 0.059301 0.119101
vn -0.982678 0.135897 0.125997
vn -0.827641 0.544127 -0.137607
vn -0.827641 0.544127 -0.137607
vn -0.827641 0.544127 -0.137607
vn -0.978680 0.110398 0.173197
vn -0.969924 0.214205 0.115603
vn -0.968490 0.177898 0.174298
vn -0.744496 0.276899 0.607497
vn -0.744496 0.276899 0.607497
vn -0.746386 0.512391 0.424692
vn -0.746386 0.512391 0.424692
vn -0.746386 0.512391 0.424692
vn -0.949251 0.267014 0.166209
vn -0.255495 0.706685 0.659786
vn -0.255495 0.706685 0.659786
vn -0.255495 0.706685 0.659786
vn -0.923509 0.107501 0.368204
vn -0.923509 0.107501 0.368204
vn -0.923509 0.107501 0.368204
vn -0.947286 0.314195 -0.062699
vn -0.947286 0.314195 -0.062699
vn -0.947286 0.314195 -0.062699
vn -0.947286 0.314195 -0.062699
vn -0.746117 -0.497311 0.442710
vn -0.746117 -0.497311 0.442710
vn -0.746117 -0.497311 0.442710
vn -0.965796 0.248399 0.074400
vn -0.944384 0.313495 0.099298
vn -0.815219 0.183204 0.549413
vn -0.815219 0.183204 0.549413
vn -0.813302 0.526201 0.248300
vn -0.813302 0.526201 0.248300
vn -0.813302 0.526201 0.248300
vn -0.923604 0.381202 0.040500
vn -0.871574 0.486785 -0.058298
vn -0.765330 0.642425 -0.039502
vn -0.569776 0.805067 -0.164993
vn -0.569776 0.805067 -0.164993
vn -0.848835 0.498321 -0.176507
vn -0.556307 0.627808 -0.544407
vn -0.556307 0.627808 -0.544407
vn -0.556307 0.627808 -0.544407
vn -0.845619 0.456710 -0.276306
vn -0.735725 0.669722 -0.100903
vn -0.908576 0.302192 -0.288392
vn -0.433789 0.337592 -0.835379
vn -0.433789 0.337592 -0.835379
vn -0.433517 0.201908 -0.878235
vn -0.433517 0.201908 -0.878235
vn -0.913458 0.227614 -0.337321
vn -0.437611 0.078602 -0.895722
vn -0.437611 0.078602 -0.895722
vn -0.855841 0.370018 0.361417
vn -0.855841 0.370018 0.361417
vn -0.406496 -0.032000 -0.913092
vn -0.406496 -0.032000 -0.913092
vn -0.850898 0.301499 0.430199
vn -0.850898 0.301499 0.430199
vn -0.849366 0.413683 -0.327787
vn -0.892593 0.304397 -0.332597
vn -0.393997 0.576795 -0.715594
vn -0.393997 0.576795 -0.715594
vn -0.760472 0.594878 0.260390
vn -0.760472 0.594878 0.260390
vn -0.827194 0.450097 0.336398
vn -0.827194 0.450097 0.336398
vn -0.708978 0.649280 0.275292
vn -0.708978 0.649280 0.275292
vn -0.806816 0.424309 -0.411108
vn -0.719120 0.668518 -0.189605
vn -0.725810 0.630708 -0.274604
vn -0.497792 0.811787 0.305295
vn -0.497792 0.811787 0.305295
vn -0.713289 0.488693 -0.502392
vn -0.532889 0.842583 -0.077998
vn -0.532889 0.842583 -0.077998
vn -0.343806 0.634211 0.692512
vn -0.343806 0.634211 0.692512
vn -0.343806 0.634211 0.692512
vn -0.490785 0.278192 -0.825675
vn -0.490785 0.278192 -0.825675
vn -0.490785 0.278192 -0.825675
vn -0.513212 0.724317 0.460411
vn -0.513212 0.724317 0.460411
vn -0.513212 0.724317 0.460411
vn -0.990563 0.135895 -0.017799
vn -0.990563 0.135895 -0.017799
vn -0.355990 0.904875 0.233394
vn -0.355990 0.904875 0.233394
vn -0.712881 0.002200 0.701281
vn -0.712881 0.002200 0.701281
vn -0.712881 0.002200 0.701281
vn 0.693240 -0.691640 -0.202612
vn 0.569087 -0.804682 -0.169196
vn 0.569087 -0.804682 -0.169196
vn 0.533873 -0.769962 0.349483
vn 0.533873 -0.769962 0.349483
vn 0.580586 -0.740182 0.339192
vn 0.594507 -0.725409 0.346904
vn 0.691525 -0.681525 -0.239409
vn 0.788419 -0.561014 -0.252306
vn 0.776480 -0.533786 0.334891
vn 0.972382 -0.035399 -0.230696
vn 0.972382 -0.035399 -0.230696
vn 0.965448 0.054603 0.254813
vn 0.965448 0.054603 0.254813
vn 0.376887 -0.746775 -0.547981
vn 0.110200 -0.992398 -0.054800
vn 0.110200 -0.992398 -0.054800
vn 0.510200 -0.511800 0.691200
vn 0.510200 -0.511800 0.691200
vn 0.510200 -0.511800 0.691200
vn 0.372913 -0.413914 0.830428
vn 0.372913 -0.413914 0.830428
vn 0.411214 -0.315411 0.855230
vn 0.683733 0.258712 0.682333
vn 0.683733 0.258712 0.682333
vn -0.044800 -0.083599 0.995492
vn -0.006500 -0.055098 0.998460
vn 0.506897 -0.086100 0.857696
vn 0.506897 -0.086100 0.857696
vn 0.324595 0.532691 0.781587
vn 0.324595 0.532691 0.781587
vn 0.475426 -0.076204 0.876449
vn 0.475426 -0.076204 0.876449
vn 0.810418 0.222605 0.541912
vn 0.810418 0.222605 0.541912
vn 0.810418 0.222605 0.541912
vn 0.408122 -0.079604 0.909450
vn 0.408122 -0.079604 0.909450
vn -0.702587 -0.684188 -0.195597
vn -0.533873 -0.769962 0.349483
vn -0.533873 -0.769962 0.349483
vn -0.569087 -0.804682 -0.169196
vn -0.590420 -0.737525 0.327811
vn -0.590420 -0.737525 0.327811
vn -0.686193 -0.688993 -0.233298
vn -0.591724 -0.731530 0.338714
vn -0.591724 -0.731530 0.338714
vn -0.788419 -0.561014 -0.252306
vn -0.776480 -0.533786 0.334891
vn -0.776480 -0.533786 0.334891
vn -0.972382 -0.035399 -0.230696
vn -0.972382 -0.035399 -0.230696
vn -0.965448 0.054603 0.254813
vn -0.965448 0.054603 0.254813
vn -0.965448 0.054603 0.254813
vn -0.097096 -0.992860 -0.069297
vn -0.097096 -0.992860 -0.069297
vn -0.104696 -0.947863 0.300988
vn -0.104696 -0.947863 0.300988
vn -0.104696 -0.947863 0.300988
vn -0.376887 -0.746775 -0.547981
vn 0.507197 -0.278198 0.815694
vn 0.507197 -0.278198 0.815694
vn 0.357290 0.575684 0.735480
vn 0.357290 0.575684 0.735480
vn -0.074799 -0.358094 0.930685
vn -0.074799 -0.358094 0.930685
vn -0.146905 0.469117 0.870832
vn -0.033699 0.991971 0.121896
vn -0.033699 0.991971 0.121896
vn -0.173799 0.978995 0.106599
vn -0.173799 0.978995 0.106599
vn -0.573905 -0.510405 0.640406
vn -0.573905 -0.510405 0.640406
vn -0.690417 0.437511 0.576115
vn -0.690417 0.437511 0.576115
vn -0.784295 -0.550896 0.285298
vn -0.784295 -0.550896 0.285298
vn -0.964068 0.050598 0.260791
vn -0.964068 0.050598 0.260791
vn -0.781667 -0.620774 -0.060297
vn -0.781667 -0.620774 -0.060297
vn -0.781667 -0.620774 -0.060297
vn -0.970013 0.164202 -0.179202
vn -0.970013 0.164202 -0.179202
vn -0.970013 0.164202 -0.179202
vn -0.501503 -0.282002 0.817905
vn -0.501503 -0.282002 0.817905
vn 0.076502 -0.357109 0.930924
vn 0.076502 -0.357109 0.930924
vn -0.357290 0.575684 0.735480
vn -0.357290 0.575684 0.735480
vn 0.146905 0.469117 0.870832
vn 0.033699 0.991971 0.121896
vn 0.033699 0.991971 0.121896
vn 0.173799 0.978995 0.106599
vn 0.173799 0.978995 0.106599
vn 0.568110 -0.508809 0.646811
vn 0.568110 -0.508809 0.646811
vn 0.690417 0.437511 0.576115
vn 0.690417 0.437511 0.576115
vn 0.782059 -0.557071 0.279385
vn 0.782059 -0.557071 0.279385
vn 0.964036 0.050602 0.260910
vn 0.964036 0.050602 0.260910
vn 0.781673 -0.620579 -0.062198
vn 0.781673 -0.620579 -0.062198
vn 0.781673 -0.620579 -0.062198
vn 0.970028 0.164105 -0.179205
vn 0.970028 0.164105 -0.179205
vn 0.970028 0.164105 -0.179205
vn 0.303900 -0.505399 0.807599
vn 0.303900 -0.505399 0.807599
vn 0.448312 -0.183105 0.874923
vn 0.448312 -0.183105 0.874923
vn 0.533891 0.237596 0.811486
vn 0.533891 0.237596 0.811486
vn 0.533891 0.237596 0.811486
vn -0.019900 -0.685706 0.727606
vn -0.019900 -0.685706 0.727606
vn -0.019900 -0.685706 0.727606
vn 0.259616 0.591137 0.763647
vn 0.259616 0.591137 0.763647
vn -0.106702 0.700716 0.705416
vn -0.106702 0.700716 0.705416
vn -0.291606 -0.636513 0.714015
vn -0.291606 -0.636513 0.714015
vn -0.303900 -0.505399 0.807599
vn -0.303900 -0.505399 0.807599
vn -0.448312 -0.183105 0.874923
vn -0.448312 -0.183105 0.874923
vn -0.533891 0.237596 0.811486
vn -0.533891 0.237596 0.811486
vn -0.533891 0.237596 0.811486
vn 0.019900 -0.685706 0.727606
vn 0.019900 -0.685706 0.727606
vn 0.019900 -0.685706 0.727606
vn -0.259616 0.591137 0.763647
vn -0.259616 0.591137 0.763647
vn 0.106702 0.700716 0.705416
vn 0.106702 0.700716 0.705416
vn 0.291606 -0.636513 0.714015
vn 0.291606 -0.636513 0.714015
vn 0.769437 -0.608129 -0.195309
vn 0.120104 0.390513 -0.912729
vn 0.120104 0.390513 -0.912729
vn 0.163603 0.372207 0.913617
vn 0.163603 0.372207 0.913617
vn 0.163603 0.372207 0.913617
vn 0.744090 -0.645292 0.172998
vn 0.721865 0.357782 0.592371
vn 0.721865 0.357782 0.592371
vn 0.721865 0.357782 0.592371
vn 0.991577 0.099598 0.082798
vn 0.991577 0.099598 0.082798
vn 0.789451 0.440828 -0.427127
vn 0.789451 0.440828 -0.427127
vn 0.644076 -0.573979 0.505682
vn 0.794378 -0.208594 0.570484
vn 0.796322 -0.209006 0.567616
vn 0.797888 -0.218297 0.561891
vn 0.801002 -0.570102 0.182700
vn 0.936527 0.304709 0.173405
vn 0.936527 0.304709 0.173405
vn 0.885320 0.396309 -0.243205
vn 0.885320 0.396309 -0.243205
vn 0.789923 -0.577317 -0.206706
vn 0.975929 0.005900 -0.218007
vn 0.975929 0.005900 -0.218007
vn 0.310587 0.496179 -0.810766
vn 0.310587 0.496179 -0.810766
vn 0.310587 0.496179 -0.810766
vn 0.868571 0.494784 0.027799
vn 0.868571 0.494784 0.027799
vn 0.715816 0.575413 0.395609
vn 0.715816 0.575413 0.395609
vn 0.587179 0.797171 0.140495
vn 0.587179 0.797171 0.140495
vn -0.769902 -0.636901 0.040100
vn -0.769902 -0.636901 0.040100
vn -0.959674 0.281092 0.003700
vn 0.048399 0.993870 -0.099397
vn 0.048399 0.993870 -0.099397
vn 0.048399 0.993870 -0.099397
vn 0.048399 0.993870 -0.099397
vn 0.768924 -0.637520 0.048202
vn 0.768924 -0.637520 0.048202
vn 0.968186 0.250196 0.004200
vn 0.141102 0.460806 -0.876212
vn 0.141102 0.460806 -0.876212
vn 0.296991 -0.344490 -0.890574
vn 0.256599 -0.806797 -0.532198
vn 0.256599 -0.806797 -0.532198
vn -0.141102 0.460806 -0.876212
vn -0.141102 0.460806 -0.876212
vn -0.296991 -0.344490 -0.890574
vn -0.263601 -0.804203 -0.532702
vn -0.263601 -0.804203 -0.532702
vn 0.282505 0.949718 0.135003
vn 0.292392 0.763380 0.575985
vn 0.292392 0.763380 0.575985
vn -0.475920 0.876336 -0.074403
vn -0.475920 0.876336 -0.074403
vn -0.413786 0.808072 0.419286
vn -0.413786 0.808072 0.419286
vn -0.690837 0.722239 0.033402
vn -0.690837 0.722239 0.033402
vn -0.872060 0.410528 0.266418
vn -0.872060 0.410528 0.266418
vn -0.872060 0.410528 0.266418
vn 0.068002 -0.621919 -0.780124
vn 0.068002 -0.621919 -0.780124
vn -0.154794 -0.902066 -0.402885
vn -0.154794 -0.902066 -0.402885
vn 0.693904 -0.685604 -0.220101
vn 0.548195 -0.827092 0.124099
vn -0.195304 -0.830216 0.522110
vn -0.195304 -0.830216 0.522110
vn -0.195304 -0.830216 0.522110
vn -0.567222 -0.758129 -0.321713
vn -0.567222 -0.758129 -0.321713
vn 0.877953 -0.344521 -0.332420
vn 0.302593 -0.230295 -0.924879
vn 0.302593 -0.230295 -0.924879
vn 0.613512 0.347507 -0.709114
vn 0.613512 0.347507 -0.709114
vn 0.613512 0.347507 -0.709114
vn 0.877396 -0.439498 0.192399
vn 0.748438 -0.499026 0.436822
vn 0.946850 -0.283815 0.151408
vn 0.825997 0.299699 0.477398
vn 0.825997 0.299699 0.477398
vn 0.529612 0.099202 0.842419
vn 0.529612 0.099202 0.842419
vn 0.260093 -0.126397 0.957275
vn 0.260093 -0.126397 0.957275
vn 0.788572 0.559080 0.256091
vn 0.788572 0.559080 0.256091
vn -0.289687 -0.059697 0.955258
vn -0.289687 -0.059697 0.955258
vn 0.242010 -0.730732 -0.638328
vn 0.242010 -0.730732 -0.638328
vn -0.514409 0.249605 -0.820415
vn -0.514409 0.249605 -0.820415
vn 0.193988 0.382777 -0.903245
vn 0.193988 0.382777 -0.903245
vn -0.333398 -0.787996 -0.517598
vn -0.333398 -0.787996 -0.517598
vn -0.228800 0.961199 -0.154100
vn -0.228800 0.961199 -0.154100
vn -0.252214 -0.726740 -0.638935
vn -0.252214 -0.726740 -0.638935
vn -0.193988 0.382777 -0.903245
vn -0.193988 0.382777 -0.903245
vn 0.514409 0.249605 -0.820415
vn 0.514409 0.249605 -0.820415
vn 0.335996 -0.787091 -0.517294
vn 0.335996 -0.787091 -0.517294
vn 0.228800 0.961199 -0.154100
vn 0.228800 0.961199 -0.154100
vn 0.876929 0.026001 -0.479916
vn 0.818058 -0.361681 -0.447177
vn 0.898501 -0.396200 -0.189000
vn 0.898501 -0.396200 -0.189000
vn 0.898501 -0.396200 -0.189000
vn 0.764709 -0.640408 -0.071401
vn 0.764709 -0.640408 -0.071401
vn 0.994706 0.057300 -0.085301
vn 0.762721 -0.411511 0.498914
vn 0.762721 -0.411511 0.498914
vn 0.819725 -0.029101 0.572017
vn 0.819725 -0.029101 0.572017
vn 0.411284 0.047598 -0.910264
vn 0.411284 0.047598 -0.910264
vn 0.372993 -0.365793 -0.852685
vn 0.372993 -0.365793 -0.852685
vn 0.372993 -0.365793 -0.852685
vn 0.429912 -0.884725 -0.180105
vn 0.429912 -0.884725 -0.180105
vn 0.252793 -0.865676 -0.432088
vn 0.252793 -0.865676 -0.432088
vn 0.263810 -0.392215 0.881233
vn 0.263810 -0.392215 0.881233
vn 0.263810 -0.392215 0.881233
vn -0.352590 0.739379 -0.573584
vn -0.352590 0.739379 -0.573584
vn -0.360487 0.173594 -0.916468
vn -0.507085 0.006100 -0.861875
vn -0.661406 -0.325103 -0.675906
vn -0.711820 -0.526115 -0.465313
vn -0.862191 -0.125099 -0.490895
vn -0.984428 -0.087603 0.152404
vn -0.984428 -0.087603 0.152404
vn -0.887196 -0.284299 0.363398
vn -0.887196 -0.284299 0.363398
vn 0.080896 0.996250 0.030698
vn 0.080896 0.996250 0.030698
vn 0.317712 0.029201 0.947737
vn 0.921388 -0.006200 0.388595
vn 0.921388 -0.006200 0.388595
vn 0.335898 -0.341798 0.877694
vn 0.557099 -0.535299 0.634899
vn 0.253009 -0.965036 -0.068503
vn 0.253009 -0.965036 -0.068503
vn 0.253009 -0.965036 -0.068503
vn 0.253009 -0.965036 -0.068503
vn 0.119802 -0.871515 0.475508
vn 0.119802 -0.871515 0.475508
vn 0.867405 -0.252801 0.428602
vn 0.867405 -0.252801 0.428602
vn 0.867405 -0.252801 0.428602
vn -0.468783 0.036299 0.882567
vn -0.468783 0.036299 0.882567
vn -0.384717 -0.522323 0.761033
vn -0.384717 -0.522323 0.761033
vn -0.384717 -0.522323 0.761033
vn -0.494999 0.065800 0.866398
vn -0.494999 0.065800 0.866398
vn -0.299301 -0.896703 0.326101
vn -0.299301 -0.896703 0.326101
vn -0.299301 -0.896703 0.326101
vn 0.008900 -0.893390 0.449195
vn 0.008900 -0.893390 0.449195
vn 0.372693 -0.924483 -0.080199
vn 0.372693 -0.924483 -0.080199
vn 0.372693 -0.924483 -0.080199
vn -0.317894 0.028999 0.947683
vn -0.336087 -0.341686 0.877665
vn -0.557019 -0.535118 0.635121
vn -0.921336 -0.006300 0.388715
vn -0.921336 -0.006300 0.388715
vn -0.253009 -0.965036 -0.068503
vn -0.253009 -0.965036 -0.068503
vn -0.253009 -0.965036 -0.068503
vn -0.253009 -0.965036 -0.068503
vn -0.119802 -0.871515 0.475508
vn -0.119802 -0.871515 0.475508
vn -0.867405 -0.252801 0.428602
vn -0.867405 -0.252801 0.428602
vn -0.867405 -0.252801 0.428602
vn 0.468783 0.036299 0.882567
vn 0.468783 0.036299 0.882567
vn 0.384717 -0.522323 0.761033
vn 0.384717 -0.522323 0.761033
vn 0.384717 -0.522323 0.761033
vn 0.494999 0.065800 0.866398
vn 0.494999 0.065800 0.866398
vn 0.299301 -0.896703 0.326101
vn 0.299301 -0.896703 0.326101
vn 0.299301 -0.896703 0.326101
vn -0.008900 -0.893390 0.449195
vn -0.008900 -0.893390 0.449195
vn -0.372693 -0.924483 -0.080199
vn -0.372693 -0.924483 -0.080199
vn -0.372693 -0.924483 -0.080199
vn 0.283214 0.050102 -0.957747
vn 0.252402 -0.453804 -0.854608
vn 0.252402 -0.453804 -0.854608
vn 0.799703 -0.318901 -0.508702
vn 0.799703 -0.318901 -0.508702
vn 0.799703 -0.318901 -0.508702
vn -0.411201 0.047600 -0.910301
vn -0.411201 0.047600 -0.910301
vn -0.378489 -0.363890 -0.851076
vn -0.378489 -0.363890 -0.851076
vn -0.263992 -0.863973 -0.428787
vn -0.263992 -0.863973 -0.428787
vn -0.263992 -0.863973 -0.428787
vn -0.874783 0.026499 -0.483790
vn -0.874783 0.026499 -0.483790
vn -0.813310 -0.366604 -0.451805
vn -0.813310 -0.366604 -0.451805
vn -0.244297 -0.456195 -0.855690
vn -0.244297 -0.456195 -0.855690
vn -0.278691 0.050198 -0.959068
vn -0.783884 -0.284894 -0.551689
vn -0.783884 -0.284894 -0.551689
vn -0.783884 -0.284894 -0.551689
vn -0.783884 -0.284894 -0.551689
vn -0.783884 -0.284894 -0.551689
vn -0.783884 -0.284894 -0.551689
vn -0.426218 -0.829635 -0.360615
vn -0.426218 -0.829635 -0.360615
vn -0.426218 -0.829635 -0.360615
vn -0.426218 -0.829635 -0.360615
vn -0.527025 -0.847841 0.058403
vn -0.527025 -0.847841 0.058403
vn -0.527025 -0.847841 0.058403
vn -0.527025 -0.847841 0.058403
vn -0.043899 -0.162797 -0.985682
vn -0.083197 -0.084297 -0.992961
vn -0.039899 -0.051499 -0.997876
vn -0.049300 0.071800 -0.996200
vn -0.380996 0.695592 -0.609093
vn -0.380996 0.695592 -0.609093
vn -0.103099 0.207497 -0.972787
vn 0.563082 0.234693 -0.792375
vn 0.563082 0.234693 -0.792375
vn 0.580527 0.134006 -0.803138
vn 0.580527 0.134006 -0.803138
vn 0.568801 0.078700 -0.818701
vn 0.568801 0.078700 -0.818701
vn 0.568801 0.078700 -0.818701
vn 0.521109 0.317306 -0.792314
vn 0.521109 0.317306 -0.792314
vn -0.034401 0.841213 -0.539608
vn -0.034401 0.841213 -0.539608
vn -0.034401 0.841213 -0.539608
vn 0.719606 0.139601 -0.680205
vn 0.719606 0.139601 -0.680205
vn 0.174600 0.502100 -0.847001
vn 0.174600 0.502100 -0.847001
vn 0.499193 0.732990 -0.462094
vn 0.499193 0.732990 -0.462094
vn 0.766820 0.478413 -0.427911
vn 0.766820 0.478413 -0.427911
vn 0.766820 0.478413 -0.427911
vn 0.043899 -0.162797 -0.985682
vn 0.083197 -0.084297 -0.992961
vn 0.039899 -0.051499 -0.997876
vn 0.049300 0.071800 -0.996200
vn 0.380996 0.695592 -0.609093
vn 0.380996 0.695592 -0.609093
vn 0.103099 0.207497 -0.972787
vn -0.563082 0.234693 -0.792375
vn -0.563082 0.234693 -0.792375
vn -0.580527 0.134006 -0.803138
vn -0.580527 0.134006 -0.803138
vn -0.568801 0.078700 -0.818701
vn -0.568801 0.078700 -0.818701
vn -0.568801 0.078700 -0.818701
vn -0.521109 0.317306 -0.792314
vn -0.521109 0.317306 -0.792314
vn 0.034401 0.841213 -0.539608
vn 0.034401 0.841213 -0.539608
vn 0.034401 0.841213 -0.539608
vn -0.719606 0.139601 -0.680205
vn -0.719606 0.139601 -0.680205
vn -0.174600 0.502100 -0.847001
vn -0.174600 0.502100 -0.847001
vn -0.499193 0.732990 -0.462094
vn -0.499193 0.732990 -0.462094
vn -0.766820 0.478413 -0.427911
vn -0.766820 0.478413 -0.427911
vn -0.766820 0.478413 -0.427911
vn 0.141300 0.913798 -0.380799
vn -0.569472 0.606571 -0.554773
vn -0.569472 0.606571 -0.554773
vn -0.218500 0.380499 -0.898598
vn -0.218500 0.380499 -0.898598
vn -0.218500 0.380499 -0.898598
vn 0.199601 0.967604 0.154601
vn -0.420004 0.903909 0.080901
vn -0.420004 0.903909 0.080901
vn -0.003800 0.986914 -0.161202
vn 0.007500 0.998587 -0.052599
vn -0.000100 0.999619 -0.027601
vn -0.011000 0.970733 -0.239908
vn 0.011000 0.970733 -0.239908
vn -0.007500 0.998587 -0.052599
vn 0.016801 0.996433 0.082703
vn -0.016801 0.996433 0.082703
vn 0.068800 0.965304 -0.251901
vn 0.068800 0.965304 -0.251901
vn -0.110597 0.987870 0.108997
vn -0.285709 0.949430 0.130204
vn -0.285709 0.949430 0.130204
vn -0.068800 0.965304 -0.251901
vn -0.068800 0.965304 -0.251901
vn 0.110597 0.987870 0.108997
vn 0.285709 0.949430 0.130204
vn 0.285709 0.949430 0.130204
vn 0.003800 0.986914 -0.161202
vn -0.333802 -0.866006 0.372303
vn -0.333802 -0.866006 0.372303
vn -0.248902 -0.513004 0.821507
vn -0.251900 -0.560801 0.788701
vn -0.251900 -0.560801 0.788701
vn -0.665419 -0.556416 0.497614
vn -0.665419 -0.556416 0.497614
vn -0.665419 -0.556416 0.497614
vn -0.276809 -0.392012 0.877327
vn 0.368818 -0.400819 0.838640
vn 0.368818 -0.400819 0.838640
vn 0.374099 -0.018900 0.927196
vn 0.374099 -0.018900 0.927196
vn -0.292698 -0.004400 0.956195
vn -0.812807 -0.037800 0.581305
vn -0.757415 -0.405808 0.511510
vn -0.757415 -0.405808 0.511510
vn -0.415978 -0.834356 0.361681
vn -0.415978 -0.834356 0.361681
vn -0.795319 -0.600714 -0.081302
vn -0.795319 -0.600714 -0.081302
vn -0.795319 -0.600714 -0.081302
vn 0.871401 0.027500 0.489800
vn 0.871401 0.027500 0.489800
vn 0.740022 -0.547316 0.390912
vn 0.740022 -0.547316 0.390912
vn 0.213496 -0.725485 -0.654287
vn 0.213496 -0.725485 -0.654287
vn -0.475705 -0.441104 -0.761007
vn -0.475705 -0.441104 -0.761007
vn -0.475705 -0.441104 -0.761007
vn 0.277301 -0.505902 -0.816803
vn 0.277301 -0.505902 -0.816803
vn -0.318289 -0.796371 -0.514281
vn -0.318289 -0.796371 -0.514281
vn -0.318289 -0.796371 -0.514281
vn 0.616338 -0.720145 -0.318620
vn 0.616338 -0.720145 -0.318620
vn 0.817978 -0.385589 -0.426888
vn 0.817978 -0.385589 -0.426888
vn 0.758517 -0.637915 0.133103
vn 0.758517 -0.637915 0.133103
vn 0.935640 -0.306913 0.174307
vn 0.935640 -0.306913 0.174307
vn 0.723665 -0.563773 0.398081
vn 0.723665 -0.563773 0.398081
vn 0.723665 -0.563773 0.398081
vn 0.799493 -0.318797 0.509096
vn 0.799493 -0.318797 0.509096
vn 0.799493 -0.318797 0.509096
vn -0.215608 -0.724827 -0.654324
vn -0.215608 -0.724827 -0.654324
vn -0.266294 -0.508288 -0.818981
vn -0.266294 -0.508288 -0.818981
vn 0.465405 -0.440305 -0.767808
vn 0.465405 -0.440305 -0.767808
vn 0.465405 -0.440305 -0.767808
vn 0.314215 -0.797637 -0.514824
vn 0.314215 -0.797637 -0.514824
vn 0.314215 -0.797637 -0.514824
vn -0.615705 -0.719806 -0.320603
vn -0.615705 -0.719806 -0.320603
vn -0.820801 -0.382100 -0.424600
vn -0.820801 -0.382100 -0.424600
vn -0.758972 -0.636976 0.134995
vn -0.758972 -0.636976 0.134995
vn -0.934887 -0.307896 0.176598
vn -0.934887 -0.307896 0.176598
vn -0.724906 -0.564204 0.395203
vn -0.724906 -0.564204 0.395203
vn -0.724906 -0.564204 0.395203
vn -0.803684 -0.317794 0.503090
vn -0.803684 -0.317794 0.503090
vn -0.803684 -0.317794 0.503090
vn -0.292591 0.017899 -0.956070
vn -0.340515 -0.058103 -0.938442
vn -0.196700 -0.072200 -0.977802
vn -0.246395 0.229195 -0.941679
vn -0.285996 -0.177297 -0.941686
vn -0.010300 0.146704 -0.989127
vn -0.128504 0.199507 -0.971434
vn -0.003100 -0.306700 -0.951801
vn 0.114702 0.048501 -0.992215
vn 0.153203 -0.064001 -0.986120
vn -0.110098 -0.468293 -0.876687
vn -0.110098 -0.468293 -0.876687
vn 0.490785 0.278192 -0.825675
vn 0.490785 0.278192 -0.825675
vn 0.490785 0.278192 -0.825675
vn 0.080301 -0.221204 -0.971916
vn -0.161998 0.687594 -0.707793
vn -0.161998 0.687594 -0.707793
vn 0.201807 0.557421 -0.805330
vn 0.201807 0.557421 -0.805330
vn 0.023000 0.671788 -0.740386
vn 0.023000 0.671788 -0.740386
vn 0.384526 0.398527 -0.832656
vn 0.384526 0.398527 -0.832656
vn 0.554091 -0.264296 -0.789387
vn 0.554091 -0.264296 -0.789387
vn 0.535570 0.197989 -0.820954
vn 0.535570 0.197989 -0.820954
vn 0.535570 0.197989 -0.820954
vn 0.328997 -0.688993 -0.645794
vn 0.328997 -0.688993 -0.645794
vn 0.484017 -0.492617 -0.723226
vn 0.484017 -0.492617 -0.723226
vn 0.597311 -0.017700 -0.801815
vn 0.597311 -0.017700 -0.801815
vn 0.292591 0.017899 -0.956070
vn 0.196700 -0.072200 -0.977802
vn 0.340515 -0.058103 -0.938442
vn 0.246395 0.229195 -0.941679
vn 0.285996 -0.177297 -0.941686
vn 0.010300 0.146704 -0.989127
vn 0.128504 0.199507 -0.971434
vn 0.003100 -0.306700 -0.951801
vn -0.114702 0.048501 -0.992215
vn -0.153203 -0.064001 -0.986120
vn 0.110098 -0.468293 -0.876687
vn 0.110098 -0.468293 -0.876687
vn -0.080301 -0.221204 -0.971916
vn 0.161998 0.687594 -0.707793
vn 0.161998 0.687594 -0.707793
vn -0.201807 0.557421 -0.805330
vn -0.201807 0.557421 -0.805330
vn -0.023000 0.671788 -0.740386
vn -0.023000 0.671788 -0.740386
vn -0.384526 0.398527 -0.832656
vn -0.384526 0.398527 -0.832656
vn -0.554091 -0.264296 -0.789387
vn -0.554091 -0.264296 -0.789387
vn -0.535570 0.197989 -0.820954
vn -0.535570 0.197989 -0.820954
vn -0.535570 0.197989 -0.820954
vn -0.328997 -0.688993 -0.645794
vn -0.328997 -0.688993 -0.645794
vn -0.484017 -0.492617 -0.723226
vn -0.484017 -0.492617 -0.723226
vn -0.597311 -0.017700 -0.801815
vn -0.597311 -0.017700 -0.801815
vn 0.039598 0.656763 0.753057
vn 0.039598 0.656763 0.753057
vn -0.415900 0.776601 0.473200
vn -0.415900 0.776601 0.473200
vn -0.713723 0.585119 0.385013
vn -0.713723 0.585119 0.385013
vn -0.713723 0.585119 0.385013
vn 0.496298 0.232299 0.836496
vn 0.496298 0.232299 0.836496
vn 0.648299 0.661099 0.377699
vn 0.648299 0.661099 0.377699
vn 0.648299 0.661099 0.377699
vn -0.222512 0.705439 0.672937
vn -0.222512 0.705439 0.672937
vn -0.216299 0.951195 -0.220099
vn -0.216299 0.951195 -0.220099
vn -0.216299 0.951195 -0.220099
vn -0.216299 0.951195 -0.220099
vn -0.331296 0.910188 0.248597
vn -0.331296 0.910188 0.248597
vn -0.592816 0.802122 -0.071902
vn -0.047899 0.993682 -0.101498
vn -0.569703 0.789504 0.228301
vn -0.105598 0.975481 -0.193096
vn -0.243296 0.893986 0.376294
vn 0.189000 0.906600 0.377300
vn -0.124395 0.992059 -0.018599
vn 0.340201 0.940004 0.025600
vn -0.380393 0.918684 -0.106398
vn -0.564914 0.822020 0.071802
vn 0.269307 0.899823 -0.343209
vn -0.273095 0.961882 0.014200
vn -0.052999 0.815384 -0.576489
vn -0.423788 0.815777 -0.393589
vn -0.082499 0.994383 -0.066299
vn -0.082603 0.992437 -0.090803
vn -0.167105 0.981332 -0.095203
vn -0.193795 0.976175 -0.097598
vn -0.181301 0.983304 -0.015600
vn -0.109005 0.987745 -0.111705
vn -0.157406 0.984337 -0.079403
vn -0.219096 0.972184 -0.082799
vn 0.592816 0.802122 -0.071902
vn 0.047899 0.993682 -0.101498
vn 0.569703 0.789504 0.228301
vn 0.105598 0.975481 -0.193096
vn 0.243296 0.893986 0.376294
vn -0.189000 0.906600 0.377300
vn 0.124395 0.992059 -0.018599
vn -0.340201 0.940004 0.025600
vn 0.380389 0.918674 -0.106497
vn 0.564914 0.822020 0.071802
vn -0.269307 0.899823 -0.343209
vn 0.273095 0.961882 0.014200
vn 0.052999 0.815384 -0.576489
vn 0.423788 0.815777 -0.393589
vn 0.082499 0.994383 -0.066299
vn 0.082603 0.992437 -0.090803
vn 0.167105 0.981332 -0.095203
vn 0.193795 0.976175 -0.097598
vn 0.181301 0.983304 -0.015600
vn 0.109005 0.987745 -0.111705
vn 0.157406 0.984337 -0.079403
vn 0.219096 0.972184 -0.082799
vn 0.001500 0.910909 0.412604
vn -0.400090 0.695282 0.597085
vn -0.400090 0.695282 0.597085
vn 0.990563 0.135895 -0.017799
vn 0.990563 0.135895 -0.017799
vn 0.712881 0.002200 0.701281
vn 0.712881 0.002200 0.701281
vn 0.712881 0.002200 0.701281
vn -0.981632 -0.151005 -0.116604
vn -0.981632 -0.151005 -0.116604
vn -0.839436 -0.061003 0.540023
vn -0.807715 0.008500 0.589511
vn -0.807715 0.008500 0.589511
vn -0.991241 -0.078503 0.106204
vn -0.991241 -0.078503 0.106204
vn -0.991241 -0.078503 0.106204
vn -0.959803 -0.248701 0.130100
vn -0.927254 -0.071604 -0.367522
vn -0.927254 -0.071604 -0.367522
vn -0.937781 -0.224495 -0.264895
vn -0.955606 0.249901 0.156101
vn -0.957886 0.249696 -0.141798
vn -0.746488 0.406893 0.526492
vn -0.746488 0.406893 0.526492
vn -0.807819 0.559313 0.186004
vn -0.807819 0.559313 0.186004
vn -0.799460 0.592270 -0.100395
vn -0.799460 0.592270 -0.100395
vn 0.839436 -0.061003 0.540023
vn 0.991241 -0.078503 0.106204
vn 0.991241 -0.078503 0.106204
vn 0.991241 -0.078503 0.106204
vn 0.807715 0.008500 0.589511
vn 0.807715 0.008500 0.589511
vn 0.959803 -0.248701 0.130100
vn 0.927254 -0.071604 -0.367522
vn 0.927254 -0.071604 -0.367522
vn 0.937781 -0.224495 -0.264895
vn 0.955606 0.249901 0.156101
vn 0.957886 0.249696 -0.141798
vn 0.746488 0.406893 0.526492
vn 0.746488 0.406893 0.526492
vn 0.799606 0.592005 -0.100801
vn 0.799606 0.592005 -0.100801
vn 0.807979 0.558985 0.186295
vn 0.807979 0.558985 0.186295
vn 0.313516 -0.150708 0.937547
vn 0.313516 -0.150708 0.937547
vn 0.347796 0.223298 0.910591
vn 0.347796 0.223298 0.910591
vn 0.347796 0.223298 0.910591
vn -0.729961 0.039198 0.682364
vn -0.710199 -0.077700 0.699700
vn -0.579615 -0.125803 0.805121
vn -0.715777 0.125396 0.686978
vn -0.673799 0.213500 0.707399
vn 0.163492 -0.392381 0.905156
vn 0.163492 -0.392381 0.905156
vn -0.577098 0.313999 0.753898
vn 0.153900 0.537501 0.829101
vn 0.153900 0.537501 0.829101
vn -0.533097 -0.134499 0.835295
vn -0.448303 -0.191601 0.873106
vn -0.032501 -0.598819 0.800225
vn -0.032501 -0.598819 0.800225
vn -0.032501 -0.598819 0.800225
vn -0.453983 0.292389 0.841669
vn -0.375796 0.234697 0.896490
vn -0.273714 -0.667335 0.692636
vn -0.273714 -0.667335 0.692636
vn -0.114402 0.675412 0.728513
vn -0.114402 0.675412 0.728513
vn -0.363614 -0.193008 0.911336
vn -0.300590 0.691678 0.656679
vn -0.300590 0.691678 0.656679
vn -0.260408 0.844427 0.468115
vn -0.260408 0.844427 0.468115
vn -0.439092 0.831585 0.340094
vn -0.439092 0.831585 0.340094
vn -0.355405 -0.776510 0.520307
vn -0.355405 -0.776510 0.520307
vn -0.534376 -0.737767 0.412482
vn -0.534376 -0.737767 0.412482
vn -0.735502 -0.614802 0.284701
vn -0.735502 -0.614802 0.284701
vn -0.875359 -0.440579 0.199091
vn -0.875359 -0.440579 0.199091
vn -0.681342 0.716345 0.150409
vn -0.681342 0.716345 0.150409
vn -0.860982 0.503989 0.068599
vn -0.860982 0.503989 0.068599
vn -0.965379 0.253595 0.061099
vn -0.965379 0.253595 0.061099
vn -0.965379 0.253595 0.061099
vn -0.995310 0.053801 0.080401
vn -0.995310 0.053801 0.080401
vn -0.974588 -0.214397 0.064899
vn -0.974588 -0.214397 0.064899
vn -0.313516 -0.150708 0.937547
vn -0.313516 -0.150708 0.937547
vn 0.729961 0.039198 0.682364
vn -0.347796 0.223298 0.910591
vn -0.347796 0.223298 0.910591
vn -0.347796 0.223298 0.910591
vn 0.710199 -0.077700 0.699700
vn 0.579615 -0.125803 0.805121
vn 0.715777 0.125396 0.686978
vn 0.673799 0.213500 0.707399
vn -0.163492 -0.392381 0.905156
vn -0.163492 -0.392381 0.905156
vn 0.577098 0.313999 0.753898
vn -0.153900 0.537501 0.829101
vn -0.153900 0.537501 0.829101
vn 0.533097 -0.134499 0.835295
vn 0.448303 -0.191601 0.873106
vn 0.032501 -0.598819 0.800225
vn 0.032501 -0.598819 0.800225
vn 0.032501 -0.598819 0.800225
vn 0.453983 0.292389 0.841669
vn 0.375796 0.234697 0.896490
vn 0.273714 -0.667335 0.692636
vn 0.273714 -0.667335 0.692636
vn 0.114402 0.675412 0.728513
vn 0.114402 0.675412 0.728513
vn 0.363614 -0.193008 0.911336
vn 0.300590 0.691678 0.656679
vn 0.300590 0.691678 0.656679
vn 0.260408 0.844427 0.468115
vn 0.260408 0.844427 0.468115
vn 0.439092 0.831585 0.340094
vn 0.439092 0.831585 0.340094
vn 0.355405 -0.776510 0.520307
vn 0.355405 -0.776510 0.520307
vn 0.534376 -0.737767 0.412482
vn 0.534376 -0.737767 0.412482
vn 0.735502 -0.614802 0.284701
vn 0.735502 -0.614802 0.284701
vn 0.875359 -0.440579 0.199091
vn 0.875359 -0.440579 0.199091
vn 0.681342 0.716345 0.150409
vn 0.681342 0.716345 0.150409
vn 0.860982 0.503989 0.068599
vn 0.860982 0.503989 0.068599
vn 0.965379 0.253595 0.061099
vn 0.965379 0.253595 0.061099
vn 0.965379 0.253595 0.061099
vn 0.995310 0.053801 0.080401
vn 0.995310 0.053801 0.080401
vn 0.974588 -0.214397 0.064899
vn 0.974588 -0.214397 0.064899
vn 0.010900 0.919390 -0.393196
vn 0.173406 -0.914231 -0.366213
vn 0.037700 -0.960991 -0.273997
vn 0.123805 -0.956237 -0.265110
vn -0.381380 -0.857755 -0.344682
vn -0.381380 -0.857755 -0.344682
vn -0.381380 -0.857755 -0.344682
vn -0.381380 -0.857755 -0.344682
vn 0.078901 -0.990717 -0.110702
vn -0.228908 -0.607620 0.760525
vn -0.228908 -0.607620 0.760525
vn -0.126497 -0.897779 0.421890
vn -0.399178 -0.871753 0.284085
vn -0.399178 -0.871753 0.284085
vn -0.399178 -0.871753 0.284085
vn -0.123805 -0.956237 -0.265110
vn -0.037700 -0.960991 -0.273997
vn -0.173406 -0.914231 -0.366213
vn 0.381380 -0.857755 -0.344682
vn 0.381380 -0.857755 -0.344682
vn -0.078901 -0.990717 -0.110702
vn 0.228908 -0.607620 0.760525
vn 0.228908 -0.607620 0.760525
vn 0.126497 -0.897779 0.421890
vn 0.399178 -0.871753 0.284085
vn 0.251900 -0.560801 0.788701
vn 0.665419 -0.556416 0.497614
vn 0.246004 -0.513109 0.822314
vn 0.946809 -0.321703 -0.007700
vn 0.803500 -0.590000 0.079300
vn 0.625187 -0.617987 -0.476690
vn 0.625187 -0.617987 -0.476690
vn 0.635908 -0.289503 -0.715409
vn 0.635908 -0.289503 -0.715409
vn 0.736955 -0.606863 0.297682
vn 0.416494 -0.872088 0.256896
vn 0.497805 -0.775607 -0.388104
vn 0.497805 -0.775607 -0.388104
vn 0.497805 -0.775607 -0.388104
vn 0.361918 -0.904646 0.225011
vn -0.358993 -0.393393 0.846384
vn -0.358993 -0.393393 0.846384
vn -0.358993 -0.393393 0.846384
vn -0.601195 0.776794 -0.187499
vn -0.601195 0.776794 -0.187499
vn -0.601195 0.776794 -0.187499
vn -0.158595 0.930069 0.331389
vn -0.158595 0.930069 0.331389
vn -0.350391 0.650984 -0.673384
vn -0.350391 0.650984 -0.673384
vn -0.350391 0.650984 -0.673384
vn 0.601195 0.776794 -0.187499
vn 0.601195 0.776794 -0.187499
vn 0.601195 0.776794 -0.187499
vn 0.158595 0.930069 0.331389
vn 0.158595 0.930069 0.331389
vn 0.350391 0.650984 -0.673384
vn 0.350391 0.650984 -0.673384
vn 0.350391 0.650984 -0.673384
vn 0.490788 -0.697083 0.522687
vn 0.490788 -0.697083 0.522687
vn -0.005200 -0.980290 0.197498
vn -0.498914 -0.698720 0.512714
vn -0.498914 -0.698720 0.512714
vn -0.012100 -0.550406 0.834809
vn -0.012100 -0.550406 0.834809
vn -0.012100 -0.550406 0.834809
vn 0.843168 -0.439783 0.309288
vn 0.843168 -0.439783 0.309288
vn 0.843168 -0.439783 0.309288
vn -0.843168 -0.439783 0.309288
vn -0.843168 -0.439783 0.309288
vn -0.008000 0.136501 0.990608
vn 0.357092 0.393191 0.847281
vn -0.007700 0.347812 0.937533
vn 0.316107 -0.002500 0.948720
vn -0.004700 -0.527096 0.849793
vn -0.004700 -0.527096 0.849793
vn 0.604699 -0.101200 0.789999
vn 0.604699 -0.101200 0.789999
vn 0.060401 -0.749615 0.659113
vn 0.060401 -0.749615 0.659113
vn 0.162395 -0.792776 0.587482
vn 0.162395 -0.792776 0.587482
vn 0.162395 -0.792776 0.587482
vn -0.364007 0.391507 0.845116
vn -0.322909 -0.002500 0.946427
vn -0.063097 -0.745363 0.663667
vn -0.063097 -0.745363 0.663667
vn -0.604699 -0.101200 0.789999
vn -0.604699 -0.101200 0.789999
vn -0.162395 -0.792776 0.587482
vn -0.162395 -0.792776 0.587482
vn -0.162395 -0.792776 0.587482
vn -0.518416 0.814225 -0.261308
vn -0.518416 0.814225 -0.261308
vn -0.817832 0.574023 0.040602
vn -0.817832 0.574023 0.040602
vn -0.031200 0.653705 0.756106
vn -0.031200 0.653705 0.756106
vn 0.419186 0.769274 0.482184
vn 0.419186 0.769274 0.482184
vn 0.114604 -0.987032 0.112404
vn 0.478912 -0.837821 -0.262107
vn 0.767228 -0.635823 0.084203
vn -0.953947 -0.210910 0.213311
vn -0.953947 -0.210910 0.213311
vn -0.953947 -0.210910 0.213311
vn -0.953947 -0.210910 0.213311
vn -0.953947 -0.210910 0.213311
vn -0.748894 -0.540096 0.383997
vn -0.748894 -0.540096 0.383997
vn -0.367106 -0.026000 0.929816
vn -0.367106 -0.026000 0.929816
vn -0.367106 -0.026000 0.929816
vn 0.283307 -0.003500 0.959023
vn 0.283307 -0.003500 0.959023
vn 0.264590 0.902968 -0.338588
vn 0.499189 0.768282 -0.400691
vn 0.028599 0.974561 -0.222291
vn 0.713294 0.531296 -0.457096
vn 0.841203 0.283401 -0.460502
vn 0.841203 0.283401 -0.460502
vn -0.264590 0.902968 -0.338588
vn -0.499189 0.768282 -0.400691
vn -0.028599 0.974561 -0.222291
vn -0.713294 0.531296 -0.457096
vn -0.841203 0.283401 -0.460502
vn -0.841203 0.283401 -0.460502
vn -0.004000 -0.372387 -0.928069
vn 0.172292 -0.380581 -0.908556
vn -0.176497 -0.380494 -0.907785
vn 0.377313 -0.399614 -0.835430
vn 0.060002 -0.952330 -0.299110
vn 0.060002 -0.952330 -0.299110
vn -0.001200 -0.935285 -0.353894
vn -0.001200 -0.935285 -0.353894
vn -0.062202 -0.950124 -0.305608
vn -0.062202 -0.950124 -0.305608
vn 0.151903 -0.942020 -0.299206
vn 0.151903 -0.942020 -0.299206
vn -0.377313 -0.399614 -0.835430
vn -0.151903 -0.942020 -0.299206
vn -0.151903 -0.942020 -0.299206
vn 0.670077 -0.449285 -0.590880
vn 0.670077 -0.449285 -0.590880
vn 0.242693 -0.958671 -0.148495
vn 0.242693 -0.958671 -0.148495
vn 0.242693 -0.958671 -0.148495
vn -0.670077 -0.449285 -0.590880
vn -0.670077 -0.449285 -0.590880
vn -0.242693 -0.958671 -0.148495
vn -0.242693 -0.958671 -0.148495
vn -0.242693 -0.958671 -0.148495
vn -0.429199 -0.884498 -0.182900
vn -0.429199 -0.884498 -0.182900
vn -0.495804 -0.757106 -0.425404
vn -0.495804 -0.757106 -0.425404
vn -0.495804 -0.757106 -0.425404
vn -0.581516 -0.812322 -0.044401
vn -0.581516 -0.812322 -0.044401
vn -0.581516 -0.812322 -0.044401
vn 0.906961 -0.357285 0.223090
vn 0.916631 -0.357112 -0.179606
vn 0.854188 -0.171998 0.490693
vn 0.151302 -0.897011 0.415305
vn 0.151302 -0.897011 0.415305
vn 0.067898 -0.968273 0.240493
vn 0.067898 -0.968273 0.240493
vn 0.289490 -0.957167 -0.005200
vn 0.289490 -0.957167 -0.005200
vn -0.854188 -0.171998 0.490693
vn -0.906961 -0.357285 0.223090
vn -0.916631 -0.357112 -0.179606
vn -0.151302 -0.897011 0.415305
vn -0.151302 -0.897011 0.415305
vn -0.067898 -0.968273 0.240493
vn -0.067898 -0.968273 0.240493
vn -0.289490 -0.957167 -0.005200
vn -0.289490 -0.957167 -0.005200
vn -0.183897 0.981483 -0.053599
vn 0.164609 0.971351 0.171409
vn -0.206703 0.960113 0.188302
vn 0.165598 0.983791 -0.068799
vn -0.187391 0.758565 0.624071
vn 0.175005 0.798124 0.576517
vn -0.067601 0.882408 -0.465604
vn 0.220510 0.870139 -0.440720
vn 0.520206 0.834510 0.181602
vn 0.520988 0.849281 -0.085398
vn 0.500705 0.677006 0.539405
vn -0.165598 0.983791 -0.068799
vn 0.206703 0.960113 0.188302
vn -0.164609 0.971351 0.171409
vn 0.183897 0.981483 -0.053599
vn 0.187391 0.758565 0.624071
vn -0.175005 0.798124 0.576517
vn -0.521309 0.849114 -0.085101
vn -0.520506 0.834410 0.181202
vn -0.500705 0.677006 0.539405
vn 0.067601 0.882408 -0.465604
vn -0.220510 0.870139 -0.440720
vn -0.009400 0.680026 0.733128
vn -0.009400 0.680026 0.733128
vn -0.009400 0.680026 0.733128
vn 0.504991 0.757687 0.413393
vn 0.504991 0.757687 0.413393
vn 0.504991 0.757687 0.413393
vn -0.012100 0.095803 0.995327
vn -0.012100 0.095803 0.995327
vn 0.733600 0.043300 0.678200
vn 0.916673 0.295191 0.269392
vn 0.916673 0.295191 0.269392
vn 0.435506 0.738310 -0.515007
vn 0.316979 0.617059 -0.720252
vn 0.406202 0.884804 -0.228301
vn 0.096998 0.825580 -0.555886
vn 0.335003 0.936007 -0.108001
vn 0.445688 0.895175 0.004900
vn 0.479710 0.873818 0.079502
vn 0.488813 0.847522 0.206805
vn 0.002900 0.992551 0.121794
vn -0.025300 0.977802 -0.208000
vn 0.168399 0.895396 0.412198
vn 0.419210 0.769118 0.482411
vn 0.047902 0.656927 0.752431
vn 0.047902 0.656927 0.752431
vn 0.047902 0.656927 0.752431
vn -0.435506 0.738310 -0.515007
vn -0.316979 0.617059 -0.720252
vn -0.406202 0.884804 -0.228301
vn -0.096998 0.825580 -0.555886
vn -0.335003 0.936007 -0.108001
vn -0.324595 0.532691 0.781587
vn -0.324595 0.532691 0.781587
vn -0.683733 0.258712 0.682333
vn -0.683733 0.258712 0.682333
vn -0.445688 0.895175 0.004900
vn -0.479710 0.873818 0.079502
vn -0.488813 0.847522 0.206805
vn -0.002900 0.992551 0.121794
vn 0.025300 0.977802 -0.208000
vn -0.168399 0.895396 0.412198
vn -0.419210 0.769118 0.482411
vn -0.047902 0.656927 0.752431
vn -0.047902 0.656927 0.752431
vn -0.047902 0.656927 0.752431
vn 0.296606 0.953119 -0.059901
vn -0.012299 0.998056 0.061097
vn 0.018600 0.999821 0.003500
vn 0.195597 0.970085 -0.143798
vn 0.109100 0.938497 -0.327599
vn -0.000200 0.993120 -0.117102
vn -0.109403 0.938528 -0.327410
vn -0.000200 0.944118 -0.329606
vn -0.018600 0.999821 0.003500
vn -0.195597 0.970085 -0.143798
vn 0.012299 0.998056 0.061097
vn -0.296606 0.953119 -0.059901
vn 0.476197 0.733495 0.484997
vn 0.506388 0.139297 0.850980
vn 0.506388 0.139297 0.850980
vn 0.162203 0.981718 -0.099602
vn 0.162203 0.981718 -0.099602
vn 0.162203 0.981718 -0.099602
vn 0.686303 0.726903 0.024500
vn 0.686303 0.726903 0.024500
vn 0.883042 0.358017 0.303414
vn 0.883042 0.358017 0.303414
vn -0.476197 0.733495 0.484997
vn -0.506388 0.139297 0.850980
vn -0.506388 0.139297 0.850980
vn -0.506388 0.139297 0.850980
vn -0.162203 0.981718 -0.099602
vn -0.162203 0.981718 -0.099602
vn -0.162203 0.981718 -0.099602
vn -0.686303 0.726903 0.024500
vn -0.686303 0.726903 0.024500
vn -0.883042 0.358017 0.303414
vn -0.883042 0.358017 0.303414
vn -0.883042 0.358017 0.303414
vn -0.150996 -0.930976 -0.332391
vn -0.449523 -0.879646 -0.155408
vn -0.533473 -0.832358 0.150292
vn 0.244106 -0.870822 -0.426711
vn 0.421786 -0.906269 -0.027799
vn 0.824498 -0.551499 -0.126700
vn 0.824498 -0.551499 -0.126700
vn 0.773835 -0.574726 0.266212
vn 0.773835 -0.574726 0.266212
vn 0.612706 -0.457105 0.644707
vn 0.612706 -0.457105 0.644707
vn 0.085599 -0.277897 0.956789
vn 0.085599 -0.277897 0.956789
vn 0.085599 -0.277897 0.956789
vn -0.494302 -0.245501 0.833903
vn -0.494302 -0.245501 0.833903
vn -0.494302 -0.245501 0.833903
vn 0.451310 -0.877520 -0.162104
vn 0.167401 -0.929303 -0.329201
vn 0.532009 -0.834213 0.145102
vn -0.268705 -0.870517 -0.412308
vn -0.428017 -0.903135 -0.033901
vn -0.819728 -0.557919 -0.129504
vn -0.819728 -0.557919 -0.129504
vn -0.778896 -0.569897 0.261799
vn -0.778896 -0.569897 0.261799
vn -0.614202 -0.462101 0.639702
vn -0.614202 -0.462101 0.639702
vn 0.496792 -0.246296 0.832187
vn 0.496792 -0.246296 0.832187
vn 0.496792 -0.246296 0.832187
vn -0.083500 -0.275399 0.957697
vn -0.083500 -0.275399 0.957697
vn -0.083500 -0.275399 0.957697
vn 0.189002 0.566906 -0.801808
vn 0.602992 0.797689 -0.009600
vn -0.189002 0.566906 -0.801808
vn -0.822752 0.536168 -0.188689
vn -0.602992 0.797689 -0.009600
vn -0.911336 0.393815 0.119905
vn -0.779371 0.597978 0.187093
vn -0.997214 -0.042501 -0.061301
vn -0.910329 0.409913 0.057202
vn -0.899896 0.216799 -0.378398
vn -0.830179 0.550886 0.085598
vn -0.916673 0.295191 0.269392
vn -0.916673 0.295191 0.269392
vn -0.738481 0.043299 0.672883
vn -0.511577 0.757866 0.404882
vn -0.511577 0.757866 0.404882
vn -0.240109 -0.558021 0.794330
vn -0.240109 -0.558021 0.794330
vn 0.240109 -0.558021 0.794330
vn 0.240109 -0.558021 0.794330
vn -0.007000 -0.629485 -0.776981
vn -0.007000 -0.629485 -0.776981
vn -0.007000 -0.629485 -0.776981
vn 0.605469 -0.712764 -0.354082
vn 0.605469 -0.712764 -0.354082
vn 0.605469 -0.712764 -0.354082
vn -0.029900 -0.888398 0.458099
vn -0.029900 -0.888398 0.458099
vn 0.001500 -0.883617 0.468209
vn 0.001500 -0.883617 0.468209
vn 0.685008 -0.728308 -0.018200
vn 0.685008 -0.728308 -0.018200
vn 0.685008 -0.728308 -0.018200
vn 0.716682 -0.642384 0.271493
vn 0.716682 -0.642384 0.271493
vn 0.716682 -0.642384 0.271493
vn 0.716682 -0.642384 0.271493
vn -0.004900 0.986680 0.162597
vn 0.002300 -0.578718 0.815525
vn 0.002300 -0.578718 0.815525
vn -0.318288 -0.785269 0.531079
vn -0.318288 -0.785269 0.531079
vn -0.318288 -0.785269 0.531079
vn 0.001700 -0.749034 0.662530
vn 0.001700 -0.749034 0.662530
vn -0.397915 -0.581823 0.709328
vn -0.397915 -0.581823 0.709328
vn -0.397915 -0.581823 0.709328
vn 0.399400 -0.582300 0.708100
vn 0.399400 -0.582300 0.708100
vn 0.399400 -0.582300 0.708100
vn 0.278902 -0.793905 0.540304
vn 0.278902 -0.793905 0.540304
vn 0.278902 -0.793905 0.540304
vn 0.977600 0.086000 -0.192100
vn 0.916017 0.098702 0.388807
vn 0.975801 -0.163400 -0.145300
vn 0.930601 0.088400 0.355200
vn 0.847910 -0.402605 0.344904
vn 0.847910 -0.402605 0.344904
vn 0.677103 -0.723004 -0.137101
vn 0.677103 -0.723004 -0.137101
vn 0.703032 -0.328715 0.630629
vn 0.703032 -0.328715 0.630629
vn 0.703032 -0.328715 0.630629
vn 0.499718 -0.631823 0.592521
vn 0.499718 -0.631823 0.592521
vn -0.977600 0.086000 -0.192100
vn -0.975801 -0.163400 -0.145300
vn -0.879033 0.052902 0.473818
vn -0.924508 0.113401 0.363903
vn -0.847910 -0.402605 0.344904
vn -0.847910 -0.402605 0.344904
vn -0.677103 -0.723004 -0.137101
vn -0.677103 -0.723004 -0.137101
vn -0.705021 -0.325610 0.630019
vn -0.705021 -0.325610 0.630019
vn -0.705021 -0.325610 0.630019
vn -0.501986 -0.629682 0.592883
vn -0.501986 -0.629682 0.592883
vn 0.042500 -0.900393 0.432997
vn 0.042500 -0.900393 0.432997
vn 0.042500 -0.900393 0.432997
vn -0.567437 -0.790551 0.230315
vn -0.567437 -0.790551 0.230315
vn -0.606376 -0.547179 -0.576978
vn -0.606376 -0.547179 -0.576978
vn -0.606376 -0.547179 -0.576978
vn -0.777796 -0.330998 -0.534297
vn -0.777796 -0.330998 -0.534297
vn -0.039699 -0.900186 0.433693
vn -0.039699 -0.900186 0.433693
vn -0.039699 -0.900186 0.433693
vn 0.567437 -0.790551 0.230315
vn 0.567437 -0.790551 0.230315
vn 0.606376 -0.547179 -0.576978
vn 0.606376 -0.547179 -0.576978
vn 0.606376 -0.547179 -0.576978
vn 0.875685 -0.343294 -0.339594
vn 0.875685 -0.343294 -0.339594
vn -0.002800 0.794528 0.607221
vn -0.002800 0.794528 0.607221
vn -0.275911 -0.508221 0.815834
vn -0.275911 -0.508221 0.815834
vn 0.008100 -0.572826 0.819637
vn 0.008100 -0.572826 0.819637
vn 0.343809 0.746319 0.569915
vn 0.343809 0.746319 0.569915
vn 0.343809 0.746319 0.569915
vn 0.192000 -0.731901 0.653801
vn 0.192000 -0.731901 0.653801
vn 0.192000 -0.731901 0.653801
vn 0.815970 0.187393 0.546880
vn 0.815970 0.187393 0.546880
vn -0.350810 0.740820 0.572816
vn -0.350810 0.740820 0.572816
vn 0.271814 -0.512326 0.814641
vn 0.271814 -0.512326 0.814641
vn -0.810222 0.188705 0.554915
vn -0.810222 0.188705 0.554915
vn -0.190300 -0.727399 0.659300
vn -0.190300 -0.727399 0.659300
vn -0.190300 -0.727399 0.659300
vn -0.709817 -0.624715 0.325408
vn -0.709817 -0.624715 0.325408
vn -0.709817 -0.624715 0.325408
vn 0.104697 -0.949871 0.294591
vn -0.675185 -0.736784 -0.035699
vn -0.675185 -0.736784 -0.035699
vn 0.026801 -0.890131 0.454916
vn -0.607691 -0.714890 -0.345895
vn -0.607691 -0.714890 -0.345895
vn -0.607691 -0.714890 -0.345895
vn -0.372913 -0.413914 0.830428
vn -0.411214 -0.315411 0.855230
vn 0.044800 -0.083599 0.995492
vn 0.006500 -0.055098 0.998460
vn 0.861657 -0.497075 -0.102295
vn 0.861657 -0.497075 -0.102295
vn 0.861657 -0.497075 -0.102295
vn 0.739672 -0.599277 0.306188
vn 0.739672 -0.599277 0.306188
vn 0.739672 -0.599277 0.306188
vn -0.861186 -0.496792 -0.107498
vn -0.537718 -0.662322 -0.521717
vn -0.537718 -0.662322 -0.521717
vn -0.739672 -0.599277 0.306188
vn -0.739672 -0.599277 0.306188
vn 0.545986 -0.664383 -0.510387
vn 0.545986 -0.664383 -0.510387
vn 0.545986 -0.664383 -0.510387
vn -0.011000 -0.749880 -0.661482
vn -0.011000 -0.749880 -0.661482
vn 0.087097 -0.992661 -0.083897
vn 0.122596 -0.899771 -0.418787
vn 0.183890 -0.975447 -0.121193
vn 0.122304 -0.835428 -0.535818
vn 0.366488 -0.913471 -0.176794
vn 0.589893 -0.756491 -0.282397
vn 0.763324 -0.542917 -0.350111
vn 0.867310 -0.268403 -0.419205
vn 0.897363 0.016599 -0.440982
vn -0.122596 -0.899771 -0.418787
vn -0.087097 -0.992661 -0.083897
vn -0.183890 -0.975447 -0.121193
vn -0.122304 -0.835428 -0.535818
vn -0.366488 -0.913471 -0.176794
vn -0.589893 -0.756491 -0.282397
vn -0.763324 -0.542917 -0.350111
vn -0.867310 -0.268403 -0.419205
vn -0.897363 0.016599 -0.440982
vn -0.920379 0.005400 0.390991
vn -0.901249 -0.190410 0.389221
vn -0.897524 0.198205 0.393911
vn -0.727099 -0.538299 0.426099
vn -0.727099 -0.538299 0.426099
vn -0.755826 0.496717 0.426614
vn -0.755826 0.496717 0.426614
vn -0.270809 0.001000 0.962633
vn -0.429674 -0.677859 0.596564
vn -0.429674 -0.677859 0.596564
vn -0.459481 0.677472 0.574377
vn -0.459481 0.677472 0.574377
vn -0.049901 0.740121 0.670619
vn -0.049901 0.740121 0.670619
vn -0.106101 -0.731805 0.673204
vn -0.106101 -0.731805 0.673204
vn 0.161305 -0.630521 0.759226
vn 0.161305 -0.630521 0.759226
vn 0.920379 0.005400 0.390991
vn 0.901249 -0.190410 0.389221
vn 0.897524 0.198205 0.393911
vn 0.727099 -0.538299 0.426099
vn 0.727099 -0.538299 0.426099
vn 0.755826 0.496717 0.426614
vn 0.755826 0.496717 0.426614
vn 0.270809 0.001000 0.962633
vn 0.429674 -0.677859 0.596564
vn 0.429674 -0.677859 0.596564
vn 0.459481 0.677472 0.574377
vn 0.459481 0.677472 0.574377
vn 0.049901 0.740121 0.670619
vn 0.049901 0.740121 0.670619
vn 0.106101 -0.731805 0.673204
vn 0.106101 -0.731805 0.673204
vn -0.161305 -0.630521 0.759226
vn -0.161305 -0.630521 0.759226
vn 0.039701 -0.920717 -0.388207
vn 0.019699 -0.998949 0.041398
vn 0.061700 -0.998094 -0.000700
vn -0.039701 -0.920717 -0.388207
vn -0.019699 -0.998949 0.041398
vn -0.061700 -0.998094 -0.000700
vn -0.611502 -0.313001 -0.726702
vn -0.611502 -0.313001 -0.726702
vn -0.622815 -0.628215 -0.466311
vn -0.622815 -0.628215 -0.466311
vn -0.842150 -0.516931 -0.153509
vn -0.842150 -0.516931 -0.153509
vn -0.665288 -0.741687 -0.085398
vn -0.665288 -0.741687 -0.085398
vn -0.821989 -0.491493 -0.287696
vn -0.821989 -0.491493 -0.287696
vn 0.842150 -0.516931 -0.153509
vn 0.842150 -0.516931 -0.153509
vn 0.665411 -0.741713 -0.084201
vn 0.665411 -0.741713 -0.084201
vn 0.821989 -0.491493 -0.287696
vn 0.821989 -0.491493 -0.287696
vn 0.927699 -0.079800 -0.364700
vn 0.818286 -0.086998 -0.568190
vn -0.925816 -0.091602 -0.366706
vn -0.818286 -0.086998 -0.568190
vn 0.807934 0.550923 -0.209109
vn 0.807934 0.550923 -0.209109
vn 0.807934 0.550923 -0.209109
vn 0.889934 0.327613 -0.317312
vn 0.899495 0.238499 -0.366098
vn 0.899495 0.238499 -0.366098
vn 0.995939 0.060902 0.066303
vn 0.995939 0.060902 0.066303
vn 0.434287 0.632780 -0.641080
vn 0.434287 0.632780 -0.641080
vn 0.850271 -0.278090 0.446885
vn 0.850271 -0.278090 0.446885
vn 0.929148 0.070004 -0.363019
vn 0.929148 0.070004 -0.363019
vn 0.779610 0.488806 -0.391505
vn 0.228404 0.791913 -0.566309
vn 0.228404 0.791913 -0.566309
vn 0.983856 0.021299 0.177692
vn 0.932106 -0.296502 0.208001
vn 0.932106 -0.296502 0.208001
vn 0.854482 -0.498689 0.145497
vn -0.807934 0.550923 -0.209109
vn -0.807934 0.550923 -0.209109
vn -0.807934 0.550923 -0.209109
vn -0.889934 0.327613 -0.317312
vn -0.899495 0.238499 -0.366098
vn -0.995939 0.060902 0.066303
vn -0.434287 0.632780 -0.641080
vn -0.434287 0.632780 -0.641080
vn -0.929148 0.070004 -0.363019
vn -0.929148 0.070004 -0.363019
vn -0.779610 0.488806 -0.391505
vn -0.228404 0.791913 -0.566309
vn -0.228404 0.791913 -0.566309
vn -0.983856 0.021299 0.177692
vn -0.983856 0.021299 0.177692
vn -0.850271 -0.278090 0.446885
vn -0.854482 -0.498689 0.145497
vn -0.854482 -0.498689 0.145497
vn -0.932106 -0.296502 0.208001
vn -0.932106 -0.296502 0.208001
vn -0.934892 -0.354597 0.015400
vn -0.803500 -0.590000 0.079300
vn -0.736955 -0.606863 0.297682
vn -0.736955 -0.606863 0.297682

f 231/231 227/227 226/226
f 231/231 226/226 237/237
f 231/231 252/252 227/227
f 231/231 237/237 252/252
f 225/225 226/226 227/227
f 225/225 230/230 226/226
f 225/225 227/227 228/228
f 225/225 228/228 235/235
f 225/225 240/240 230/230
f 225/225 235/235 240/240
f 185/185 186/186 187/187
f 185/185 206/206 186/186
f 185/185 187/187 191/191
f 185/185 191/191 192/192
f 185/185 192/192 209/209
f 185/185 209/209 206/206
f 190/190 187/187 188/188
f 190/190 188/188 212/212
f 190/190 202/202 187/187
f 190/190 212/212 202/202
f 226/226 230/230 232/232
f 226/226 239/239 237/237
f 226/226 232/232 239/239
f 227/227 229/229 228/228
f 227/227 246/246 229/229
f 227/227 252/252 246/246
f 229/229 244/244 228/228
f 229/229 246/246 244/244
f 228/228 244/244 242/242
f 228/228 242/242 235/235
f 186/186 189/189 188/188
f 186/186 196/196 189/189
f 186/186 188/188 187/187
f 186/186 207/207 196/196
f 186/186 206/206 207/207
f 189/189 205/205 188/188
f 189/189 196/196 205/205
f 188/188 205/205 212/212
f 187/187 202/202 193/193
f 187/187 193/193 191/191
f 230/230 234/234 232/232
f 230/230 240/240 250/250
f 230/230 250/250 234/234
f 192/192 191/191 198/198
f 192/192 201/201 209/209
f 192/192 198/198 201/201
f 237/237 255/255 252/252
f 236/236 238/238 254/254
f 232/232 234/234 239/239
f 253/253 2205/2205 248/248
f 253/253 256/256 2205/2205
f 247/247 2197/2197 245/245
f 248/248 2205/2205 2198/2198
f 245/245 2191/2191 243/243
f 245/245 2197/2197 2191/2191
f 240/240 235/235 260/260
f 241/241 2321/2321 251/251
f 241/241 261/261 2332/2332
f 241/241 2332/2332 2321/2321
f 242/242 257/257 235/235
f 243/243 2191/2191 258/258
f 235/235 257/257 260/260
f 207/207 216/216 196/196
f 207/207 206/206 221/221
f 207/207 221/221 216/216
f 195/195 217/217 204/204
f 196/196 216/216 218/218
f 206/206 209/209 221/221
f 204/204 2210/2210 211/211
f 204/204 217/217 2210/2210
f 213/213 2109/2109 203/203
f 211/211 2210/2210 2108/2108
f 203/203 2096/2096 194/194
f 203/203 2109/2109 2096/2096
f 191/191 193/193 198/198
f 194/194 2107/2107 199/199
f 194/194 2096/2096 2103/2103
f 194/194 2103/2103 2107/2107
f 238/238 233/233 2322/2322
f 238/238 2323/2323 254/254
f 238/238 2322/2322 2323/2323
f 233/233 249/249 2320/2320
f 233/233 2320/2320 2322/2322
f 208/208 200/200 2779/2779
f 210/210 2778/2778 224/224
f 208/208 2779/2779 2776/2776
f 200/200 197/197 2106/2106
f 200/200 2106/2106 2779/2779
f 256/256 2207/2207 2205/2205
f 254/254 2323/2323 2328/2328
f 256/256 2330/2330 2207/2207
f 2204/2204 2199/2199 2197/2197
f 2204/2204 2206/2206 2199/2199
f 2197/2197 2193/2193 2191/2191
f 2197/2197 2199/2199 2193/2193
f 2191/2191 2195/2195 258/258
f 2191/2191 2193/2193 2195/2195
f 2332/2332 261/261 2334/2334
f 2331/2331 2318/2318 2320/2320
f 2331/2331 2333/2333 2318/2318
f 259/259 2768/2768 261/261
f 259/259 2196/2196 2768/2768
f 261/261 2768/2768 2334/2334
f 215/215 2211/2211 217/217
f 214/214 219/219 2221/2221
f 215/215 2222/2222 2211/2211
f 217/217 2209/2209 2210/2210
f 217/217 2211/2211 2209/2209
f 220/220 2777/2777 2775/2775
f 219/219 2769/2769 2221/2221
f 219/219 2774/2774 2769/2769
f 2210/2210 2111/2111 2108/2108
f 2210/2210 2209/2209 2111/2111
f 2109/2109 2097/2097 2096/2096
f 2109/2109 2112/2112 2097/2097
f 2096/2096 2102/2102 2103/2103
f 2096/2096 2097/2097 2100/2100
f 2096/2096 2100/2100 2102/2102
f 2103/2103 2105/2105 2107/2107
f 2103/2103 2102/2102 2105/2105
f 2323/2323 2322/2322 2324/2324
f 2323/2323 2324/2324 2328/2328
f 2322/2322 2320/2320 2317/2317
f 2322/2322 2317/2317 2324/2324
f 2320/2320 2318/2318 2317/2317
f 2777/2777 2780/2780 2706/2706
f 2777/2777 2706/2706 2775/2775
f 2779/2779 2106/2106 2117/2117
f 2779/2779 2117/2117 2704/2704
f 2107/2107 2105/2105 2119/2119
f 2330/2330 2825/2825 2207/2207
f 2329/2329 2327/2327 2823/2823
f 2329/2329 2325/2325 2327/2327
f 2825/2825 2819/2819 2207/2207
f 2824/2824 2821/2821 2818/2818
f 2823/2823 3192/3192 2820/2820
f 2823/2823 2327/2327 3253/3253
f 2823/2823 3253/3253 3192/3192
f 2207/2207 2819/2819 2200/2200
f 2199/2199 2202/2202 2193/2193
f 2200/2200 2819/2819 2203/2203
f 2192/2192 703/703 2194/2194
f 2192/2192 2201/2201 703/703
f 2334/2334 2768/2768 2766/2766
f 2334/2334 2766/2766 1233/1233
f 2334/2334 1233/1233 1235/1235
f 2334/2334 1235/1235 2319/2319
f 2196/2196 2767/2767 2768/2768
f 2196/2196 705/705 2767/2767
f 2766/2766 2768/2768 2767/2767
f 2766/2766 1197/1197 1233/1233
f 2766/2766 1209/1209 1197/1197
f 2766/2766 711/711 1209/1209
f 2766/2766 2767/2767 711/711
f 2224/2224 2773/2773 2216/2216
f 2223/2223 2771/2771 2219/2219
f 2223/2223 2219/2219 2213/2213
f 2770/2770 2218/2218 2212/2212
f 2771/2771 2775/2775 1288/1288
f 2771/2771 1288/1288 1263/1263
f 2771/2771 1263/1263 2219/2219
f 2211/2211 2217/2217 2209/2209
f 2775/2775 1290/1290 1288/1288
f 2775/2775 1298/1298 1290/1290
f 2775/2775 2706/2706 1298/1298
f 2208/2208 725/725 2110/2110
f 2209/2209 2217/2217 727/727
f 2112/2112 2116/2116 2097/2097
f 2110/2110 725/725 2115/2115
f 2097/2097 2114/2114 2100/2100
f 2097/2097 2116/2116 2114/2114
f 2099/2099 2104/2104 2101/2101
f 2098/2098 2113/2113 2700/2700
f 2099/2099 2701/2701 2692/2692
f 2099/2099 2703/2703 2104/2104
f 2099/2099 2699/2699 2703/2703
f 2099/2099 2692/2692 2699/2699
f 2821/2821 752/752 755/755
f 2822/2822 757/757 753/753
f 2821/2821 755/755 2818/2818
f 2822/2822 3193/3193 757/757
f 754/754 751/751 756/756
f 754/754 758/758 748/748
f 754/754 748/748 751/751
f 1234/1234 1232/1232 1231/1231
f 1235/1235 1244/1244 2319/2319
f 1234/1234 1241/1241 1243/1243
f 1234/1234 1231/1231 1241/1241
f 1201/1201 1233/1233 1197/1197
f 1200/1200 1228/1228 1232/1232
f 1200/1200 1196/1196 1199/1199
f 1200/1200 1199/1199 1228/1228
f 1232/1232 1228/1228 1231/1231
f 1196/1196 1208/1208 1206/1206
f 1196/1196 1198/1198 1199/1199
f 1196/1196 1205/1205 1198/1198
f 1196/1196 1206/1206 1205/1205
f 1208/1208 710/710 708/708
f 1208/1208 1210/1210 1206/1206
f 1208/1208 708/708 1210/1210
f 1263/1263 1288/1288 1252/1252
f 1262/1262 1251/1251 1260/1260
f 1263/1263 734/734 2219/2219
f 1262/1262 729/729 732/732
f 1262/1262 1260/1260 1264/1264
f 1262/1262 1264/1264 729/729
f 1252/1252 1288/1288 1256/1256
f 1251/1251 1255/1255 1253/1253
f 1251/1251 1253/1253 1254/1254
f 1251/1251 1259/1259 1260/1260
f 1251/1251 1254/1254 1259/1259
f 1287/1287 1283/1283 1255/1255
f 1287/1287 1289/1289 1286/1286
f 1287/1287 1286/1286 1283/1283
f 1255/1255 1283/1283 1253/1253
f 1289/1289 1296/1296 1294/1294
f 1289/1289 1294/1294 1286/1286
f 784/784 2700/2700 787/787
f 785/785 2697/2697 2702/2702
f 786/786 788/788 780/780
f 786/786 783/783 790/790
f 785/785 789/789 2697/2697
f 786/786 780/780 783/783
f 2700/2700 2113/2113 787/787
f 2701/2701 2696/2696 2692/2692
f 2324/2324 2317/2317 2311/2311
f 2324/2324 2311/2311 2326/2326
f 756/756 721/721 719/719
f 756/756 751/751 765/765
f 756/756 765/765 766/766
f 756/756 766/766 721/721
f 2317/2317 2318/2318 1242/1242
f 2317/2317 1242/1242 2311/2311
f 718/718 706/706 704/704
f 718/718 720/720 706/706
f 704/704 707/707 709/709
f 704/704 706/706 707/707
f 2219/2219 734/734 728/728
f 733/733 730/730 726/726
f 726/726 731/731 741/741
f 726/726 730/730 731/731
f 2705/2705 2118/2118 2691/2691
f 2705/2705 2691/2691 1297/1297
f 742/742 744/744 788/788
f 741/741 731/731 743/743
f 2118/2118 2104/2104 2703/2703
f 2118/2118 2703/2703 2691/2691
f 788/788 797/797 780/780
f 788/788 798/798 797/797
f 788/788 744/744 798/798
f 2326/2326 2311/2311 2309/2309
f 2327/2327 2310/2310 3253/3253
f 2309/2309 2311/2311 2313/2313
f 2310/2310 2316/2316 3253/3253
f 2309/2309 2313/2313 2315/2315
f 2311/2311 1242/1242 1240/1240
f 2311/2311 1240/1240 2313/2313
f 1297/1297 2691/2691 1295/1295
f 2691/2691 2703/2703 2699/2699
f 2691/2691 2699/2699 2689/2689
f 2691/2691 2689/2689 1295/1295
f 2699/2699 2692/2692 2690/2690
f 2699/2699 2690/2690 2689/2689
f 1231/1231 1228/1228 1230/1230
f 1231/1231 1236/1236 1241/1241
f 1231/1231 1230/1230 1236/1236
f 1199/1199 1230/1230 1228/1228
f 1199/1199 1198/1198 1202/1202
f 1199/1199 1204/1204 1230/1230
f 1199/1199 1202/1202 1204/1204
f 1283/1283 1284/1284 1253/1253
f 1283/1283 1286/1286 1284/1284
f 1253/1253 1257/1257 1254/1254
f 1253/1253 1284/1284 1280/1280
f 1253/1253 1280/1280 1266/1266
f 1253/1253 1266/1266 1257/1257
f 1286/1286 1294/1294 1291/1291
f 1286/1286 1291/1291 1284/1284
f 3253/3253 3194/3194 3192/3192
f 3253/3253 2316/2316 3254/3254
f 3253/3253 3254/3254 3194/3194
f 757/757 3193/3193 759/759
f 758/758 760/760 748/748
f 790/790 783/783 792/792
f 789/789 2695/2695 2697/2697
f 789/789 791/791 2695/2695
f 2692/2692 2696/2696 2694/2694
f 2692/2692 2693/2693 2690/2690
f 2692/2692 2694/2694 2693/2693
f 3193/3193 3195/3195 759/759
f 748/748 750/750 751/751
f 748/748 760/760 763/763
f 748/748 763/763 750/750
f 751/751 750/750 765/765
f 1198/1198 1205/1205 1202/1202
f 1205/1205 1206/1206 1207/1207
f 1205/1205 1207/1207 1202/1202
f 1206/1206 1210/1210 1211/1211
f 1206/1206 1211/1211 1207/1207
f 1260/1260 1259/1259 1261/1261
f 1260/1260 1265/1265 1264/1264
f 1260/1260 1261/1261 1265/1265
f 1259/1259 1254/1254 1257/1257
f 1259/1259 1257/1257 1261/1261
f 780/780 782/782 783/783
f 780/780 797/797 782/782
f 783/783 795/795 792/792
f 783/783 782/782 795/795
f 1236/1236 1238/1238 1241/1241
f 1236/1236 1230/1230 1238/1238
f 1291/1291 1294/1294 1292/1292
f 1291/1291 1292/1292 1284/1284
f 1239/1239 2675/2675 2312/2312
f 1239/1239 1237/1237 2675/2675
f 1295/1295 2689/2689 2687/2687
f 1295/1295 2687/2687 1293/1293
f 3254/3254 2316/2316 2677/2677
f 3254/3254 2677/2677 3255/3255
f 3254/3254 3255/3255 2669/2669
f 3254/3254 2669/2669 3194/3194
f 2314/2314 2312/2312 2676/2676
f 2312/2312 2675/2675 2676/2676
f 2689/2689 2690/2690 2688/2688
f 2689/2689 2688/2688 2687/2687
f 2690/2690 2693/2693 2688/2688
f 2693/2693 2698/2698 2688/2688
f 2693/2693 2682/2682 2698/2698
f 2693/2693 2694/2694 2682/2682
f 3256/3256 2678/2678 2670/2670
f 2698/2698 2682/2682 2688/2688
f 1204/1204 1250/1250 1230/1230
f 1204/1204 1227/1227 1250/1250
f 1204/1204 1219/1219 1227/1227
f 1204/1204 1202/1202 1219/1219
f 1280/1280 1284/1284 1303/1303
f 1280/1280 1303/1303 1281/1281
f 1280/1280 1281/1281 1266/1266
f 1229/1229 1249/1249 1237/1237
f 1285/1285 1293/1293 1304/1304
f 759/759 3195/3195 778/778
f 760/760 779/779 770/770
f 760/760 770/770 763/763
f 791/791 2683/2683 2695/2695
f 791/791 810/810 2683/2683
f 792/792 802/802 811/811
f 792/792 795/795 802/802
f 3195/3195 2671/2671 778/778
f 1237/1237 2672/2672 2675/2675
f 1237/1237 1249/1249 2672/2672
f 1293/1293 2687/2687 2684/2684
f 1293/1293 2684/2684 1304/1304
f 2676/2676 2675/2675 2672/2672
f 2676/2676 2666/2666 2668/2668
f 2676/2676 2672/2672 2666/2666
f 2687/2687 2688/2688 2684/2684
f 2688/2688 2682/2682 2680/2680
f 2688/2688 2680/2680 2684/2684
f 777/777 2668/2668 2665/2665
f 777/777 2665/2665 769/769
f 1226/1226 2672/2672 1249/1249
f 1226/1226 1218/1218 2667/2667
f 1226/1226 2667/2667 2672/2672
f 1282/1282 1304/1304 2684/2684
f 1282/1282 2679/2679 1267/1267
f 1282/1282 2684/2684 2679/2679
f 809/809 2681/2681 2682/2682
f 809/809 801/801 2681/2681
f 2668/2668 2666/2666 2665/2665
f 2682/2682 2681/2681 2680/2680
f 2665/2665 2667/2667 769/769
f 2665/2665 2666/2666 2667/2667
f 2667/2667 1218/1218 2673/2673
f 2667/2667 2673/2673 769/769
f 2667/2667 2666/2666 2672/2672
f 1220/1220 1225/1225 2674/2674
f 1219/1219 1221/1221 1223/1223
f 1219/1219 1202/1202 1221/1221
f 1267/1267 2679/2679 2685/2685
f 1268/1268 2686/2686 1273/1273
f 1266/1266 1271/1271 1269/1269
f 1266/1266 1269/1269 1257/1257
f 2679/2679 2681/2681 801/801
f 2679/2679 2680/2680 2681/2681
f 2679/2679 801/801 2685/2685
f 2679/2679 2684/2684 2680/2680
f 771/771 2674/2674 2996/2996
f 771/771 2996/2996 774/774
f 770/770 773/773 763/763
f 803/803 2998/2998 2686/2686
f 803/803 806/806 2998/2998
f 802/802 795/795 805/805
f 2674/2674 1225/1225 2996/2996
f 1224/1224 3188/3188 2995/2995
f 1224/1224 1222/1222 3188/3188
f 1273/1273 2686/2686 2998/2998
f 1272/1272 2997/2997 3191/3191
f 1272/1272 3191/3191 1270/1270
f 772/772 2995/2995 3186/3186
f 773/773 776/776 763/763
f 772/772 3186/3186 775/775
f 804/804 3189/3189 2997/2997
f 805/805 795/795 808/808
f 804/804 807/807 3189/3189
f 2995/2995 3188/3188 3187/3187
f 2995/2995 3187/3187 3186/3186
f 2997/2997 3190/3190 3191/3191
f 2997/2997 3189/3189 3190/3190
f 1203/1203 2185/2185 3188/3188
f 1203/1203 1248/1248 2185/2185
f 1203/1203 3188/3188 1222/1222
f 1202/1202 1207/1207 1247/1247
f 1258/1258 3191/3191 2155/2155
f 1258/1258 2155/2155 1300/1300
f 1258/1258 1270/1270 3191/3191
f 1257/1257 1299/1299 1261/1261
f 2185/2185 3187/3187 3188/3188
f 2185/2185 2172/2172 3187/3187
f 2184/2184 2182/2182 2171/2171
f 2183/2183 3033/3033 2181/2181
f 2183/2183 1246/1246 3033/3033
f 2155/2155 3191/3191 3190/3190
f 2154/2154 2142/2142 2152/2152
f 2155/2155 3190/3190 2143/2143
f 2156/2156 2153/2153 3046/3046
f 2156/2156 3046/3046 1302/1302
f 2169/2169 762/762 775/775
f 2167/2167 749/749 761/761
f 2169/2169 3186/3186 2172/2172
f 2168/2168 2171/2171 2162/2162
f 2169/2169 775/775 3186/3186
f 2168/2168 2162/2162 2165/2165
f 2170/2170 2166/2166 3197/3197
f 2167/2167 3196/3196 749/749
f 2140/2140 2143/2143 3189/3189
f 2138/2138 2133/2133 2142/2142
f 2140/2140 807/807 793/793
f 2141/2141 794/794 781/781
f 2140/2140 3189/3189 807/807
f 2138/2138 2134/2134 2133/2133
f 2139/2139 3202/3202 2135/2135
f 2141/2141 781/781 3203/3203
f 2172/2172 3186/3186 3187/3187
f 2171/2171 2182/2182 2162/2162
f 2142/2142 2133/2133 2152/2152
f 2143/2143 3190/3190 3189/3189
f 2182/2182 2177/2177 2162/2162
f 2181/2181 3033/3033 3035/3035
f 2181/2181 3035/3035 2176/2176
f 1210/1210 1213/1213 1211/1211
f 1210/1210 708/708 716/716
f 1210/1210 716/716 1213/1213
f 1264/1264 1278/1278 729/729
f 1264/1264 1265/1265 1276/1276
f 1264/1264 1276/1276 1278/1278
f 2152/2152 2133/2133 2147/2147
f 2153/2153 3047/3047 3046/3046
f 2153/2153 2148/2148 3047/3047
f 2165/2165 2162/2162 2164/2164
f 2166/2166 3211/3211 3197/3197
f 2166/2166 2175/2175 3211/3211
f 2165/2165 2164/2164 2174/2174
f 2162/2162 2177/2177 2163/2163
f 2162/2162 2163/2163 2164/2164
f 1207/1207 1211/1211 1215/1215
f 1207/1207 1217/1217 1247/1247
f 1207/1207 1215/1215 1217/1217
f 1211/1211 1213/1213 1215/1215
f 707/707 706/706 713/713
f 707/707 713/713 715/715
f 729/729 1278/1278 735/735
f 730/730 736/736 731/731
f 1265/1265 1261/1261 1274/1274
f 1265/1265 1274/1274 1276/1276
f 1261/1261 1299/1299 1274/1274
f 2133/2133 2134/2134 2136/2136
f 2133/2133 2136/2136 2147/2147
f 2135/2135 3202/3202 3209/3209
f 2135/2135 3209/3209 2146/2146
f 2134/2134 2145/2145 2137/2137
f 2134/2134 2137/2137 2136/2136
f 765/765 768/768 766/766
f 764/764 749/749 767/767
f 766/766 768/768 721/721
f 1245/1245 1216/1216 3037/3037
f 1246/1246 3038/3038 3036/3036
f 1246/1246 3036/3036 3033/3033
f 1216/1216 1214/1214 2353/2353
f 1216/1216 2353/2353 3044/3044
f 1216/1216 3044/3044 3037/3037
f 1214/1214 1212/1212 2349/2349
f 1214/1214 2349/2349 2353/2353
f 1212/1212 714/714 2345/2345
f 1212/1212 2345/2345 2349/2349
f 1279/1279 1277/1277 2377/2377
f 1279/1279 2373/2373 737/737
f 1279/1279 2377/2377 2373/2373
f 1277/1277 1275/1275 3057/3057
f 1277/1277 3057/3057 2377/2377
f 1275/1275 1301/1301 3050/3050
f 1275/1275 3050/3050 3057/3057
f 1302/1302 3049/3049 3051/3051
f 1302/1302 3046/3046 3049/3049
f 798/798 800/800 797/797
f 798/798 744/744 747/747
f 798/798 747/747 800/800
f 796/796 799/799 781/781
f 749/749 3198/3198 767/767
f 749/749 3196/3196 3198/3198
f 720/720 723/723 706/706
f 721/721 768/768 724/724
f 706/706 723/723 713/713
f 3045/3045 2354/2354 2356/2356
f 3045/3045 3036/3036 3038/3038
f 3045/3045 3034/3034 3036/3036
f 3045/3045 2973/2973 3034/3034
f 3045/3045 2356/2356 2973/2973
f 2355/2355 2350/2350 2352/2352
f 2355/2355 2352/2352 2358/2358
f 714/714 2335/2335 2345/2345
f 714/714 712/712 2335/2335
f 2350/2350 2346/2346 2348/2348
f 2350/2350 2348/2348 2352/2352
f 737/737 2373/2373 2369/2369
f 736/736 738/738 731/731
f 737/737 2369/2369 739/739
f 2374/2374 2378/2378 2375/2375
f 2374/2374 2371/2371 2370/2370
f 2374/2374 2375/2375 2371/2371
f 2379/2379 3058/3058 2381/2381
f 2378/2378 2380/2380 2375/2375
f 3058/3058 3051/3051 3049/3049
f 3058/3058 3049/3049 2959/2959
f 3058/3058 2959/2959 2381/2381
f 731/731 738/738 743/743
f 743/743 738/738 745/745
f 781/781 3205/3205 3203/3203
f 781/781 799/799 3205/3205
f 2346/2346 2336/2336 2341/2341
f 2346/2346 2341/2341 2348/2348
f 2369/2369 2359/2359 739/739
f 2370/2370 2361/2361 2360/2360
f 2370/2370 2371/2371 2361/2361
f 3033/3033 3036/3036 3034/3034
f 3033/3033 3034/3034 3035/3035
f 3046/3046 3048/3048 3049/3049
f 3046/3046 3047/3047 3048/3048
f 767/767 3198/3198 722/722
f 3196/3196 3200/3200 3198/3198
f 3197/3197 3211/3211 3201/3201
f 722/722 2342/2342 712/712
f 722/722 3198/3198 2342/2342
f 712/712 2342/2342 2335/2335
f 3049/3049 3048/3048 2959/2959
f 739/739 2359/2359 746/746
f 746/746 2366/2366 799/799
f 746/746 2359/2359 2366/2366
f 3203/3203 3205/3205 3207/3207
f 3202/3202 3206/3206 3209/3209
f 799/799 2366/2366 3205/3205
f 3199/3199 3201/3201 3210/3210
f 3199/3199 2968/2968 2344/2344
f 3199/3199 3210/3210 2968/2968
f 3201/3201 3211/3211 3210/3210
f 2343/2343 2338/2338 2336/2336
f 2344/2344 2968/2968 2339/2339
f 2336/2336 2338/2338 2341/2341
f 2360/2360 2364/2364 2368/2368
f 2360/2360 2361/2361 2364/2364
f 2367/2367 2950/2950 3204/3204
f 2367/2367 2363/2363 2950/2950
f 3206/3206 3204/3204 3208/3208
f 3206/3206 3208/3208 3209/3209
f 3204/3204 2950/2950 3208/3208
f 3211/3211 3066/3066 3210/3210
f 3211/3211 2175/2175 3066/3066
f 3210/3210 3066/3066 3068/3068
f 3210/3210 3068/3068 2970/2970
f 3210/3210 2970/2970 2968/2968
f 3208/3208 3075/3075 3209/3209
f 3208/3208 3077/3077 3075/3075
f 3208/3208 2950/2950 3077/3077
f 3209/3209 3075/3075 2146/2146
f 2176/2176 3035/3035 2179/2179
f 2177/2177 2180/2180 2163/2163
f 3034/3034 3040/3040 3035/3035
f 3034/3034 3042/3042 3040/3040
f 3034/3034 2973/2973 3042/3042
f 3048/3048 3047/3047 3052/3052
f 3048/3048 3052/3052 3054/3054
f 3048/3048 3054/3054 2959/2959
f 2148/2148 2150/2150 3047/3047
f 2147/2147 2136/2136 2149/2149
f 3035/3035 3040/3040 2179/2179
f 3047/3047 2150/2150 3052/3052
f 3041/3041 2186/2186 3039/3039
f 3041/3041 3059/3059 2186/2186
f 3043/3043 2974/2974 3060/3060
f 3055/3055 3053/3053 2158/2158
f 3055/3055 2158/2158 3070/3070
f 3056/3056 3071/3071 2957/2957
f 3056/3056 2957/2957 2960/2960
f 3067/3067 3064/3064 3062/3062
f 3068/3068 3063/3063 2972/2972
f 3068/3068 2972/2972 2970/2970
f 3078/3078 3073/3073 3076/3076
f 3077/3077 2954/2954 3072/3072
f 3077/3077 2952/2952 2954/2954
f 3077/3077 2950/2950 2952/2952
f 2173/2173 2189/2189 3065/3065
f 2174/2174 2164/2164 2190/2190
f 2178/2178 3039/3039 2186/2186
f 2180/2180 2187/2187 2163/2163
f 3053/3053 2151/2151 2158/2158
f 2149/2149 2136/2136 2157/2157
f 2144/2144 3074/3074 2159/2159
f 2145/2145 2160/2160 2137/2137
f 3064/3064 2188/2188 3062/3062
f 2163/2163 2190/2190 2164/2164
f 2163/2163 2187/2187 2190/2190
f 2136/2136 2137/2137 2160/2160
f 2136/2136 2160/2160 2157/2157
f 3076/3076 3073/3073 2161/2161
f 3059/3059 3062/3062 2186/2186
f 3061/3061 2978/2978 3063/3063
f 3060/3060 2974/2974 2976/2976
f 3070/3070 2158/2158 3073/3073
f 3069/3069 3072/3072 2956/2956
f 3062/3062 2188/2188 2186/2186
f 3063/3063 2978/2978 2972/2972
f 3073/3073 2158/2158 2161/2161
f 3072/3072 2954/2954 2956/2956
f 2975/2975 2357/2357 1667/1667
f 2975/2975 1897/1897 2977/2977
f 2975/2975 1667/1667 1897/1897
f 2357/2357 2351/2351 2964/2964
f 2357/2357 2964/2964 1667/1667
f 2382/2382 2961/2961 1922/1922
f 2382/2382 1685/1685 2376/2376
f 2382/2382 1922/1922 1685/1685
f 2961/2961 2958/2958 1924/1924
f 2961/2961 1924/1924 1922/1922
f 2351/2351 2347/2347 2962/2962
f 2351/2351 2962/2962 2964/2964
f 2376/2376 1685/1685 2947/2947
f 2376/2376 2947/2947 2372/2372
f 2977/2977 1897/1897 1902/1902
f 2977/2977 1902/1902 2971/2971
f 2958/2958 1933/1933 1924/1924
f 2958/2958 2955/2955 1933/1933
f 1668/1668 1665/1665 1898/1898
f 1667/1667 2964/2964 1654/1654
f 1666/1666 1653/1653 1663/1663
f 1685/1685 1672/1672 2947/2947
f 1686/1686 1923/1923 1683/1683
f 1684/1684 1681/1681 1671/1671
f 1898/1898 1900/1900 1901/1901
f 1898/1898 1665/1665 1900/1900
f 2347/2347 2963/2963 2962/2962
f 2347/2347 2340/2340 2963/2963
f 2964/2964 1661/1661 1654/1654
f 2964/2964 2962/2962 1661/1661
f 2947/2947 2946/2946 2372/2372
f 2947/2947 1672/1672 2946/2946
f 2372/2372 2946/2946 2362/2362
f 1923/1923 1925/1925 1927/1927
f 1923/1923 1927/1927 1683/1683
f 1902/1902 1909/1909 2971/2971
f 1901/1901 1903/1903 1908/1908
f 1901/1901 1900/1900 1903/1903
f 1653/1653 1660/1660 1655/1655
f 1653/1653 1658/1658 1663/1663
f 1653/1653 1655/1655 1658/1658
f 1672/1672 1680/1680 2946/2946
f 1671/1671 1676/1676 1679/1679
f 1671/1671 1681/1681 1673/1673
f 1671/1671 1673/1673 1676/1676
f 1925/1925 1934/1934 1928/1928
f 1925/1925 1928/1928 1927/1927
f 2971/2971 1909/1909 2969/2969
f 2955/2955 2953/2953 1937/1937
f 2955/2955 1937/1937 1933/1933
f 2969/2969 1912/1912 2967/2967
f 2969/2969 1909/1909 1912/1912
f 2962/2962 2076/2076 1661/1661
f 2962/2962 2963/2963 2076/2076
f 2946/2946 1680/1680 2945/2945
f 2946/2946 2945/2945 2362/2362
f 2953/2953 2951/2951 2949/2949
f 2953/2953 2949/2949 1937/1937
f 2967/2967 2966/2966 2337/2337
f 2967/2967 1912/1912 2966/2966
f 1908/1908 1911/1911 1913/1913
f 1908/1908 1903/1903 1911/1911
f 2337/2337 2965/2965 2340/2340
f 2337/2337 2966/2966 2965/2965
f 2340/2340 2965/2965 2963/2963
f 1662/1662 2077/2077 2081/2081
f 1662/1662 2081/2081 1657/1657
f 1680/1680 2087/2087 2945/2945
f 1678/1678 2088/2088 2086/2086
f 1678/1678 1675/1675 2088/2088
f 2362/2362 2945/2945 2365/2365
f 2365/2365 2948/2948 2951/2951
f 2365/2365 2945/2945 2948/2948
f 1934/1934 1938/1938 1936/1936
f 1934/1934 1936/1936 1928/1928
f 2951/2951 2948/2948 2949/2949
f 1912/1912 1916/1916 2966/2966
f 1913/1913 1915/1915 1917/1917
f 1913/1913 1911/1911 1915/1915
f 1937/1937 2949/2949 1942/1942
f 1938/1938 1943/1943 1940/1940
f 1938/1938 1940/1940 1936/1936
f 2966/2966 1916/1916 2965/2965
f 2963/2963 2965/2965 2082/2082
f 2963/2963 2082/2082 2076/2076
f 2945/2945 2087/2087 2948/2948
f 2949/2949 2948/2948 2093/2093
f 2949/2949 2093/2093 1942/1942
f 1916/1916 2082/2082 2965/2965
f 1918/1918 1921/1921 2083/2083
f 1917/1917 1915/1915 1920/1920
f 2077/2077 2083/2083 2079/2079
f 2077/2077 2079/2079 2081/2081
f 2087/2087 2093/2093 2948/2948
f 2086/2086 2090/2090 2092/2092
f 2086/2086 2088/2088 2090/2090
f 1941/1941 2092/2092 1944/1944
f 1943/1943 1946/1946 1940/1940
f 2083/2083 1921/1921 2079/2079
f 2092/2092 2090/2090 1944/1944
f 2484/2484 2485/2485 869/869
f 2484/2484 869/869 1009/1009
f 2484/2484 1009/1009 2486/2486
f 2484/2484 2486/2486 2482/2482
f 2484/2484 2483/2483 2485/2485
f 2484/2484 2482/2482 2483/2483
f 2506/2506 892/892 2507/2507
f 2506/2506 1015/1015 892/892
f 2506/2506 2507/2507 2505/2505
f 2506/2506 2508/2508 1015/1015
f 2506/2506 2504/2504 2508/2508
f 2506/2506 2505/2505 2504/2504
f 869/869 2485/2485 854/854
f 871/871 1008/1008 1010/1010
f 870/870 855/855 867/867
f 871/871 868/868 1008/1008
f 892/892 876/876 2507/2507
f 890/890 1014/1014 1013/1013
f 891/891 889/889 875/875
f 890/890 1013/1013 888/888
f 2486/2486 1009/1009 812/812
f 2486/2486 2480/2480 2482/2482
f 2486/2486 812/812 2487/2487
f 2486/2486 2487/2487 2480/2480
f 2485/2485 2483/2483 2470/2470
f 2485/2485 2488/2488 854/854
f 2485/2485 2470/2470 2488/2488
f 2507/2507 2492/2492 2505/2505
f 2507/2507 876/876 2510/2510
f 2507/2507 2510/2510 2492/2492
f 2508/2508 835/835 1015/1015
f 2508/2508 2504/2504 2502/2502
f 2508/2508 2502/2502 2509/2509
f 2508/2508 2509/2509 835/835
f 2483/2483 2482/2482 1906/1906
f 2483/2483 2476/2476 2470/2470
f 2483/2483 1904/1904 2476/2476
f 2483/2483 1906/1906 1904/1904
f 2505/2505 2492/2492 2498/2498
f 2505/2505 1931/1931 2504/2504
f 2505/2505 2498/2498 1929/1929
f 2505/2505 1929/1929 1931/1931
f 1010/1010 818/818 813/813
f 1010/1010 1008/1008 818/818
f 1014/1014 833/833 839/839
f 1014/1014 839/839 1013/1013
f 854/854 2488/2488 859/859
f 855/855 860/860 856/856
f 855/855 858/858 867/867
f 855/855 856/856 858/858
f 876/876 880/880 2510/2510
f 875/875 878/878 881/881
f 875/875 889/889 877/877
f 875/875 877/877 878/878
f 2482/2482 2481/2481 1906/1906
f 2482/2482 2480/2480 2481/2481
f 2470/2470 2472/2472 2488/2488
f 2470/2470 2476/2476 2471/2471
f 2470/2470 2471/2471 1670/1670
f 2470/2470 1670/1670 2472/2472
f 2492/2492 2510/2510 2494/2494
f 2492/2492 2493/2493 2498/2498
f 2492/2492 1688/1688 2493/2493
f 2492/2492 2494/2494 1688/1688
f 2504/2504 1931/1931 2503/2503
f 2504/2504 2503/2503 2502/2502
f 1664/1664 2476/2476 1899/1899
f 1664/1664 2471/2471 2476/2476
f 1664/1664 1659/1659 2471/2471
f 2488/2488 2489/2489 859/859
f 2488/2488 2472/2472 2489/2489
f 2510/2510 880/880 2511/2511
f 2510/2510 2511/2511 2494/2494
f 1682/1682 2493/2493 1674/1674
f 1682/1682 1926/1926 2498/2498
f 1682/1682 2498/2498 2493/2493
f 1899/1899 2476/2476 1904/1904
f 1900/1900 1905/1905 1903/1903
f 1659/1659 1670/1670 2471/2471
f 1658/1658 1655/1655 1669/1669
f 1674/1674 2493/2493 1688/1688
f 1673/1673 1687/1687 1676/1676
f 2498/2498 1926/1926 1929/1929
f 1927/1927 1928/1928 1930/1930
f 1905/1905 1907/1907 1903/1903
f 1930/1930 1928/1928 1932/1932
f 1903/1903 1907/1907 1911/1911
f 859/859 2489/2489 2024/2024
f 861/861 2025/2025 2026/2026
f 861/861 2026/2026 857/857
f 880/880 2029/2029 2511/2511
f 882/882 2031/2031 2030/2030
f 882/882 879/879 2031/2031
f 1928/1928 1936/1936 1932/1932
f 1656/1656 2473/2473 1670/1670
f 1656/1656 2080/2080 2473/2473
f 2472/2472 2474/2474 2489/2489
f 2472/2472 1670/1670 2473/2473
f 2472/2472 2473/2473 2474/2474
f 2494/2494 2511/2511 2496/2496
f 2494/2494 2495/2495 1688/1688
f 2494/2494 2496/2496 2495/2495
f 1677/1677 1688/1688 2495/2495
f 1677/1677 2495/2495 2089/2089
f 1906/1906 2481/2481 1910/1910
f 2489/2489 2474/2474 2490/2490
f 2489/2489 2490/2490 2024/2024
f 2511/2511 2029/2029 2512/2512
f 2511/2511 2512/2512 2496/2496
f 1931/1931 1935/1935 2503/2503
f 2487/2487 812/812 816/816
f 2487/2487 2477/2477 2480/2480
f 2487/2487 2491/2491 2477/2477
f 2487/2487 816/816 2491/2491
f 2509/2509 2502/2502 2499/2499
f 2509/2509 837/837 835/835
f 2509/2509 2499/2499 2513/2513
f 2509/2509 2513/2513 837/837
f 2474/2474 2475/2475 2490/2490
f 2474/2474 2473/2473 2475/2475
f 2024/2024 2490/2490 825/825
f 2025/2025 827/827 829/829
f 2025/2025 829/829 2026/2026
f 2029/2029 847/847 2512/2512
f 2030/2030 850/850 848/848
f 2030/2030 2031/2031 850/850
f 2496/2496 2497/2497 2495/2495
f 2496/2496 2512/2512 2497/2497
f 814/814 815/815 817/817
f 814/814 819/819 815/815
f 2480/2480 2479/2479 2481/2481
f 2480/2480 2477/2477 2479/2479
f 1910/1910 2481/2481 1914/1914
f 2080/2080 2084/2084 2473/2473
f 2081/2081 2079/2079 2085/2085
f 2089/2089 2495/2495 2095/2095
f 2088/2088 2094/2094 2090/2090
f 1935/1935 1939/1939 2503/2503
f 2502/2502 2503/2503 2501/2501
f 2502/2502 2501/2501 2499/2499
f 834/834 836/836 838/838
f 834/834 838/838 840/840
f 1914/1914 2481/2481 2479/2479
f 1914/1914 2479/2479 1919/1919
f 1939/1939 2501/2501 2503/2503
f 1939/1939 1945/1945 2501/2501
f 2491/2491 2490/2490 2475/2475
f 2491/2491 825/825 2490/2490
f 2491/2491 2475/2475 2477/2477
f 2491/2491 816/816 825/825
f 2473/2473 2084/2084 2475/2475
f 2495/2495 2497/2497 2095/2095
f 2512/2512 2513/2513 2497/2497
f 2512/2512 847/847 2513/2513
f 2513/2513 2499/2499 2497/2497
f 2513/2513 847/847 837/837
f 1919/1919 2479/2479 2478/2478
f 1919/1919 2478/2478 2078/2078
f 2479/2479 2477/2477 2478/2478
f 2501/2501 1945/1945 2500/2500
f 2501/2501 2500/2500 2499/2499
f 1945/1945 2091/2091 2500/2500
f 2477/2477 2475/2475 2084/2084
f 2477/2477 2084/2084 2478/2478
f 2078/2078 2478/2478 2084/2084
f 2091/2091 2095/2095 2500/2500
f 2497/2497 2499/2499 2095/2095
f 2499/2499 2500/2500 2095/2095
f 817/817 815/815 826/826
f 826/826 815/815 828/828
f 846/846 838/838 836/836
f 846/846 849/849 838/838
f 867/867 858/858 872/872
f 868/868 873/873 1012/1012
f 868/868 1012/1012 1008/1008
f 889/889 895/895 877/877
f 888/888 1016/1016 893/893
f 888/888 1013/1013 1016/1016
f 858/858 862/862 872/872
f 858/858 856/856 862/862
f 877/877 895/895 884/884
f 877/877 884/884 878/878
f 874/874 2022/2022 1058/1058
f 874/874 1058/1058 1011/1011
f 874/874 863/863 2022/2022
f 894/894 1050/1050 883/883
f 894/894 1047/1047 1050/1050
f 894/894 1017/1017 1047/1047
f 1008/1008 1012/1012 823/823
f 1008/1008 823/823 818/818
f 1057/1057 2021/2021 2023/2023
f 1058/1058 1055/1055 1011/1011
f 1056/1056 1029/1029 1054/1054
f 1057/1057 2023/2023 1060/1060
f 1056/1056 1059/1059 1029/1029
f 1050/1050 2015/2015 883/883
f 1049/1049 2016/2016 2014/2014
f 1048/1048 1046/1046 1027/1027
f 1049/1049 1052/1052 2016/2016
f 1048/1048 1027/1027 1051/1051
f 1013/1013 843/843 1016/1016
f 1013/1013 839/839 843/843
f 862/862 856/856 864/864
f 863/863 1727/1727 2022/2022
f 863/863 865/865 1727/1727
f 883/883 2015/2015 885/885
f 884/884 886/886 878/878
f 857/857 2026/2026 866/866
f 2021/2021 1725/1725 1732/1732
f 2021/2021 1732/1732 2023/2023
f 2015/2015 1729/1729 885/885
f 2014/2014 1734/1734 1728/1728
f 2014/2014 2016/2016 1734/1734
f 879/879 887/887 2031/2031
f 1055/1055 822/822 1011/1011
f 1055/1055 672/672 822/822
f 1054/1054 669/669 671/671
f 1054/1054 1029/1029 669/669
f 1047/1047 1017/1017 695/695
f 1046/1046 694/694 692/692
f 1046/1046 692/692 1027/1027
f 1017/1017 844/844 695/695
f 865/865 1720/1720 1727/1727
f 866/866 2026/2026 2028/2028
f 865/865 2027/2027 1720/1720
f 885/885 1729/1729 2032/2032
f 887/887 2033/2033 2031/2031
f 1726/1726 1719/1719 1701/1701
f 1726/1726 1701/1701 1733/1733
f 1729/1729 1721/1721 2032/2032
f 1730/1730 1696/1696 1722/1722
f 1730/1730 1736/1736 1696/1696
f 2026/2026 829/829 2028/2028
f 2031/2031 2033/2033 850/850
f 2027/2027 665/665 1720/1720
f 2028/2028 829/829 832/832
f 2027/2027 830/830 665/665
f 2032/2032 1721/1721 851/851
f 2033/2033 853/853 850/850
f 1719/1719 664/664 1705/1705
f 1719/1719 1705/1705 1701/1701
f 1721/1721 688/688 851/851
f 1722/1722 1704/1704 687/687
f 1722/1722 1696/1696 1704/1704
f 819/819 821/821 815/815
f 819/819 824/824 821/821
f 840/840 838/838 842/842
f 840/840 842/842 845/845
f 815/815 831/831 828/828
f 815/815 821/821 831/831
f 849/849 852/852 838/838
f 838/838 852/852 842/842
f 2844/2844 2847/2847 2845/2845
f 2844/2844 2850/2850 2847/2847
f 2844/2844 2845/2845 2846/2846
f 2844/2844 2846/2846 1103/1103
f 2844/2844 1107/1107 2850/2850
f 2844/2844 1103/1103 1107/1107
f 2847/2847 2852/2852 2845/2845
f 2847/2847 2850/2850 2851/2851
f 2847/2847 2851/2851 2853/2853
f 2847/2847 2853/2853 2852/2852
f 822/822 672/672 820/820
f 672/672 661/661 820/820
f 673/673 670/670 662/662
f 695/695 844/844 684/684
f 696/696 685/685 693/693
f 844/844 841/841 684/684
f 2855/2855 2858/2858 2856/2856
f 2855/2855 2864/2864 2858/2858
f 2855/2855 2856/2856 2857/2857
f 2855/2855 2857/2857 2861/2861
f 2855/2855 2861/2861 2865/2865
f 2855/2855 2865/2865 2864/2864
f 2858/2858 1170/1170 2856/2856
f 2858/2858 2864/2864 1174/1174
f 2858/2858 1174/1174 1170/1170
f 2846/2846 2845/2845 2848/2848
f 2846/2846 1105/1105 1103/1103
f 2846/2846 2848/2848 1105/1105
f 2845/2845 2852/2852 2849/2849
f 2845/2845 2849/2849 2848/2848
f 2857/2857 2856/2856 2859/2859
f 2857/2857 2862/2862 2861/2861
f 2857/2857 2860/2860 2862/2862
f 2857/2857 2859/2859 2860/2860
f 2856/2856 1172/1172 2859/2859
f 2856/2856 1170/1170 1172/1172
f 820/820 661/661 830/830
f 661/661 665/665 830/830
f 662/662 657/657 666/666
f 662/662 658/658 657/657
f 662/662 670/670 658/658
f 664/664 656/656 1705/1705
f 688/688 841/841 851/851
f 688/688 684/684 841/841
f 689/689 680/680 685/685
f 687/687 1704/1704 679/679
f 685/685 680/680 683/683
f 685/685 683/683 693/693
f 2850/2850 1107/1107 1109/1109
f 2850/2850 1109/1109 2851/2851
f 2853/2853 2851/2851 2248/2248
f 2853/2853 2558/2558 2852/2852
f 2853/2853 2248/2248 2556/2556
f 2853/2853 2556/2556 2558/2558
f 2023/2023 1732/1732 2019/2019
f 2023/2023 2019/2019 1060/1060
f 2016/2016 2017/2017 1734/1734
f 2016/2016 1052/1052 2017/2017
f 2861/2861 2862/2862 2540/2540
f 2861/2861 2276/2276 2865/2865
f 2861/2861 2540/2540 2276/2276
f 2864/2864 2865/2865 1176/1176
f 2864/2864 1176/1176 1174/1174
f 1108/1108 1104/1104 1066/1066
f 1108/1108 1077/1077 1110/1110
f 1108/1108 1066/1066 1077/1077
f 2851/2851 2246/2246 2248/2248
f 2851/2851 1109/1109 2246/2246
f 2852/2852 2854/2854 2849/2849
f 2852/2852 2558/2558 2854/2854
f 2862/2862 2860/2860 2863/2863
f 2862/2862 2863/2863 2538/2538
f 2862/2862 2538/2538 2540/2540
f 2865/2865 2276/2276 2274/2274
f 2865/2865 2274/2274 1176/1176
f 1175/1175 1133/1133 1171/1171
f 1175/1175 1177/1177 1144/1144
f 1175/1175 1144/1144 1133/1133
f 1104/1104 1106/1106 1067/1067
f 1104/1104 1067/1067 1066/1066
f 2848/2848 2849/2849 1105/1105
f 2859/2859 1172/1172 2860/2860
f 1171/1171 1134/1134 1173/1173
f 1171/1171 1133/1133 1134/1134
f 2849/2849 2854/2854 1126/1126
f 2849/2849 1126/1126 1105/1105
f 2860/2860 1193/1193 2863/2863
f 2860/2860 1172/1172 1193/1193
f 2248/2248 2250/2250 2556/2556
f 2249/2249 2244/2244 2251/2251
f 2249/2249 2247/2247 2244/2244
f 2276/2276 2540/2540 2278/2278
f 2277/2277 2279/2279 2272/2272
f 2277/2277 2272/2272 2275/2275
f 1111/1111 1082/1082 2247/2247
f 1110/1110 1077/1077 1081/1081
f 1178/1178 2275/2275 1149/1149
f 1177/1177 1148/1148 1144/1144
f 2854/2854 2558/2558 2554/2554
f 2854/2854 2554/2554 1126/1126
f 2863/2863 2536/2536 2538/2538
f 2863/2863 1193/1193 2536/2536
f 1106/1106 1127/1127 1101/1101
f 1106/1106 1101/1101 1067/1067
f 2557/2557 2252/2252 2553/2553
f 2557/2557 2552/2552 2559/2559
f 2557/2557 2553/2553 2552/2552
f 2541/2541 2539/2539 2535/2535
f 2541/2541 2535/2535 2280/2280
f 1173/1173 1168/1168 1194/1194
f 1173/1173 1134/1134 1168/1168
f 2252/2252 2245/2245 2553/2553
f 2559/2559 2552/2552 2555/2555
f 2539/2539 2537/2537 2534/2534
f 2539/2539 2534/2534 2535/2535
f 2280/2280 2535/2535 2273/2273
f 2247/2247 2231/2231 2244/2244
f 2247/2247 1082/1082 2231/2231
f 2275/2275 2272/2272 2259/2259
f 2275/2275 2259/2259 1149/1149
f 2555/2555 2542/2542 1128/1128
f 2555/2555 2552/2552 2542/2542
f 2018/2018 1731/1731 2664/2664
f 2018/2018 2664/2664 1735/1735
f 2020/2020 2514/2514 1061/1061
f 2020/2020 1053/1053 2514/2514
f 2537/2537 2524/2524 2534/2534
f 2537/2537 1195/1195 2524/2524
f 2553/2553 2551/2551 2552/2552
f 2553/2553 2245/2245 2551/2551
f 2535/2535 2534/2534 2533/2533
f 2535/2535 2533/2533 2273/2273
f 1128/1128 2542/2542 2547/2547
f 1128/1128 2547/2547 1102/1102
f 2552/2552 2548/2548 2542/2542
f 2552/2552 2551/2551 2548/2548
f 2534/2534 2524/2524 2530/2530
f 2534/2534 2530/2530 2533/2533
f 1195/1195 2526/2526 2524/2524
f 1195/1195 1169/1169 2526/2526
f 2245/2245 2238/2238 2551/2551
f 2244/2244 2231/2231 2236/2236
f 2273/2273 2533/2533 2266/2266
f 2272/2272 2265/2265 2259/2259
f 1731/1731 1697/1697 2664/2664
f 1731/1731 1700/1700 1697/1697
f 1735/1735 2664/2664 1689/1689
f 1735/1735 1689/1689 1695/1695
f 2542/2542 2548/2548 2545/2545
f 2542/2542 2545/2545 2547/2547
f 1061/1061 2514/2514 1023/1023
f 1061/1061 1023/1023 1025/1025
f 1061/1061 1025/1025 1030/1030
f 2664/2664 1697/1697 1691/1691
f 2664/2664 1691/1691 1689/1689
f 1053/1053 1023/1023 2514/2514
f 1053/1053 1019/1019 1023/1023
f 1053/1053 1028/1028 1019/1019
f 2524/2524 2529/2529 2530/2530
f 2524/2524 2526/2526 2529/2529
f 2551/2551 2550/2550 2548/2548
f 2551/2551 2238/2238 2550/2550
f 2533/2533 2530/2530 2532/2532
f 2533/2533 2532/2532 2266/2266
f 2548/2548 2550/2550 2545/2545
f 2530/2530 2529/2529 2532/2532
f 1701/1701 1699/1699 1698/1698
f 1701/1701 1705/1705 1702/1702
f 1701/1701 1702/1702 1699/1699
f 1696/1696 1690/1690 1694/1694
f 1696/1696 1703/1703 1704/1704
f 1696/1696 1694/1694 1703/1703
f 1698/1698 1693/1693 1692/1692
f 1698/1698 1699/1699 1693/1693
f 1690/1690 1692/1692 1693/1693
f 1690/1690 1693/1693 1694/1694
f 2710/2710 2707/2707 2926/2926
f 2710/2710 2926/2926 2923/2923
f 2711/2711 1100/1100 2708/2708
f 2710/2710 2923/2923 1113/1113
f 2710/2710 1113/1113 1099/1099
f 2928/2928 2709/2709 3228/3228
f 2927/2927 3227/3227 2930/2930
f 2926/2926 2929/2929 2923/2923
f 2937/2937 2715/2715 2718/2718
f 2937/2937 2718/2718 2933/2933
f 2938/2938 3244/3244 2717/2717
f 2939/2939 2941/2941 3245/3245
f 2937/2937 2933/2933 2940/2940
f 2719/2719 2716/2716 1166/1166
f 2718/2718 1179/1179 2933/2933
f 2718/2718 1165/1165 1179/1179
f 2709/2709 2714/2714 3228/3228
f 2708/2708 31/31 2712/2712
f 2708/2708 1100/1100 31/31
f 2717/2717 3244/3244 2721/2721
f 2716/2716 2720/2720 39/39
f 2716/2716 39/39 1166/1166
f 1024/1024 1022/1022 1021/1021
f 1024/1024 1026/1026 1029/1029
f 1024/1024 1021/1021 1026/1026
f 1022/1022 1018/1018 1021/1021
f 1018/1018 1027/1027 1020/1020
f 1018/1018 1020/1020 1021/1021
f 3228/3228 2714/2714 3221/3221
f 3227/3227 3226/3226 2930/2930
f 3227/3227 3220/3220 3226/3226
f 3244/3244 3239/3239 2721/2721
f 3245/3245 2941/2941 3243/3243
f 3245/3245 3243/3243 3240/3240
f 1077/1077 1075/1075 1081/1081
f 1077/1077 1066/1066 1065/1065
f 1077/1077 1065/1065 1075/1075
f 1082/1082 1084/1084 2231/2231
f 1081/1081 1075/1075 1083/1083
f 2713/2713 33/33 29/29
f 2714/2714 30/30 3221/3221
f 2722/2722 44/44 41/41
f 2721/2721 3239/3239 43/43
f 1148/1148 1142/1142 1144/1144
f 1149/1149 2259/2259 1151/1151
f 1148/1148 1150/1150 1142/1142
f 1144/1144 1132/1132 1133/1133
f 1144/1144 1142/1142 1132/1132
f 2929/2929 2931/2931 2923/2923
f 2930/2930 3226/3226 2932/2932
f 2940/2940 2933/2933 2942/2942
f 2941/2941 2944/2944 3243/3243
f 1066/1066 1067/1067 1062/1062
f 1066/1066 1062/1062 1065/1065
f 2231/2231 2227/2227 2236/2236
f 2231/2231 1084/1084 2227/2227
f 2923/2923 2924/2924 1113/1113
f 2923/2923 2931/2931 2924/2924
f 2933/2933 2934/2934 2942/2942
f 2933/2933 1179/1179 2934/2934
f 2259/2259 2265/2265 2255/2255
f 2259/2259 2255/2255 1151/1151
f 1133/1133 1129/1129 1134/1134
f 1133/1133 1132/1132 1129/1129
f 1098/1098 1112/1112 1097/1097
f 1100/1100 1095/1095 31/31
f 1098/1098 1097/1097 1094/1094
f 1167/1167 1164/1164 1180/1180
f 1166/1166 39/39 1161/1161
f 1167/1167 1162/1162 1164/1164
f 1067/1067 1101/1101 1094/1094
f 1067/1067 1094/1094 1062/1062
f 2237/2237 2235/2235 2549/2549
f 2236/2236 2227/2227 2225/2225
f 2236/2236 2225/2225 2234/2234
f 3226/3226 3229/3229 2932/2932
f 3226/3226 3225/3225 3229/3229
f 3226/3226 3220/3220 3225/3225
f 3243/3243 2944/2944 3247/3247
f 3243/3243 3247/3247 3242/3242
f 3243/3243 3242/3242 3240/3240
f 2264/2264 2531/2531 2263/2263
f 2265/2265 2253/2253 2255/2255
f 2265/2265 2262/2262 2253/2253
f 1134/1134 1162/1162 1168/1168
f 1134/1134 1129/1129 1162/1162
f 2549/2549 3213/3213 2544/2544
f 2549/2549 3215/3215 3213/3213
f 2549/2549 2235/2235 3215/3215
f 2543/2543 23/23 2546/2546
f 2543/2543 3212/3212 23/23
f 2528/2528 3235/3235 2531/2531
f 2527/2527 2525/2525 34/34
f 2527/2527 34/34 3233/3233
f 2531/2531 3235/3235 3236/3236
f 2531/2531 3236/3236 2263/2263
f 1102/1102 2547/2547 1096/1096
f 2547/2547 26/26 1096/1096
f 1113/1113 2924/2924 1121/1121
f 1112/1112 1120/1120 1097/1097
f 2932/2932 3229/3229 2925/2925
f 2943/2943 2935/2935 3246/3246
f 1179/1179 1187/1187 2934/2934
f 1180/1180 1164/1164 1188/1188
f 2526/2526 1169/1169 1163/1163
f 2526/2526 1163/1163 38/38
f 1029/1029 1026/1026 1043/1043
f 1029/1029 667/667 669/669
f 1029/1029 1043/1043 667/667
f 1027/1027 1031/1031 1020/1020
f 1027/1027 692/692 690/690
f 1027/1027 690/690 1031/1031
f 2925/2925 3229/3229 3231/3231
f 2925/2925 3231/3231 1122/1122
f 1705/1705 656/656 1702/1702
f 1704/1704 1703/1703 679/679
f 2936/2936 3252/3252 3247/3247
f 2936/2936 1189/1189 3252/3252
f 25/25 28/28 32/32
f 24/24 31/31 1095/1095
f 27/27 3214/3214 30/30
f 3229/3229 3225/3225 3231/3231
f 3247/3247 3252/3252 3242/3242
f 36/36 40/40 42/42
f 37/37 43/43 3234/3234
f 35/35 1161/1161 39/39
f 30/30 3214/3214 3221/3221
f 43/43 3239/3239 3234/3234
f 3220/3220 3213/3213 3217/3217
f 3220/3220 3217/3217 3225/3225
f 3240/3240 3237/3237 3235/3235
f 3240/3240 3242/3242 3237/3237
f 2227/2227 1084/1084 1086/1086
f 2227/2227 1086/1086 2225/2225
f 3213/3213 3215/3215 3217/3217
f 1026/1026 1021/1021 1040/1040
f 1026/1026 1040/1040 1043/1043
f 1021/1021 1020/1020 1032/1032
f 1021/1021 1033/1033 1040/1040
f 1021/1021 1032/1032 1033/1033
f 1020/1020 1031/1031 1032/1032
f 3235/3235 3237/3237 3236/3236
f 2255/2255 1153/1153 1151/1151
f 2255/2255 2253/2253 1153/1153
f 1699/1699 1706/1706 1693/1693
f 1699/1699 1702/1702 1708/1708
f 1699/1699 1708/1708 1706/1706
f 1693/1693 1706/1706 1694/1694
f 1694/1694 1707/1707 1703/1703
f 1694/1694 1706/1706 1707/1707
f 1083/1083 1075/1075 1076/1076
f 1083/1083 1076/1076 1085/1085
f 1702/1702 656/656 1718/1718
f 1702/1702 1718/1718 1708/1708
f 1703/1703 1717/1717 679/679
f 1703/1703 1707/1707 1717/1717
f 1150/1150 1143/1143 1142/1142
f 1150/1150 1152/1152 1143/1143
f 1075/1075 1065/1065 1064/1064
f 1075/1075 1064/1064 1076/1076
f 657/657 658/658 660/660
f 656/656 659/659 1718/1718
f 680/680 682/682 683/683
f 679/679 1717/1717 681/681
f 1142/1142 1130/1130 1132/1132
f 1142/1142 1143/1143 1130/1130
f 1065/1065 1062/1062 1064/1064
f 1132/1132 1130/1130 1129/1129
f 1062/1062 1094/1094 1074/1074
f 1062/1062 1074/1074 1063/1063
f 1062/1062 1063/1063 1064/1064
f 3224/3224 3232/3232 3230/3230
f 3224/3224 3216/3216 3232/3232
f 3241/3241 3251/3251 3249/3249
f 3242/3242 3250/3250 3237/3237
f 1129/1129 1141/1141 1162/1162
f 1129/1129 1131/1131 1141/1141
f 1129/1129 1130/1130 1131/1131
f 670/670 668/668 658/658
f 693/693 683/683 691/691
f 1094/1094 1097/1097 1074/1074
f 658/658 668/668 663/663
f 658/658 663/663 660/660
f 683/683 682/682 686/686
f 683/683 686/686 691/691
f 1162/1162 1141/1141 1164/1164
f 1097/1097 1120/1120 1115/1115
f 1097/1097 1115/1115 1074/1074
f 1164/1164 1182/1182 1188/1188
f 1164/1164 1141/1141 1182/1182
f 3230/3230 3232/3232 1119/1119
f 3251/3251 1186/1186 3249/3249
f 1119/1119 3232/3232 1114/1114
f 1186/1186 1181/1181 3249/3249
f 3216/3216 3218/3218 3232/3232
f 3217/3217 3215/3215 3219/3219
f 1040/1040 1033/1033 1035/1035
f 1040/1040 1042/1042 1043/1043
f 1040/1040 1035/1035 1042/1042
f 1033/1033 1032/1032 1035/1035
f 1032/1032 1031/1031 1037/1037
f 1032/1032 1037/1037 1035/1035
f 3237/3237 3250/3250 3238/3238
f 3237/3237 3238/3238 3236/3236
f 1043/1043 1042/1042 1045/1045
f 1043/1043 1045/1045 667/667
f 1031/1031 1039/1039 1037/1037
f 1031/1031 690/690 1039/1039
f 2297/2297 2294/2294 2296/2296
f 2297/2297 2296/2296 643/643
f 2297/2297 2300/2300 2298/2298
f 2297/2297 645/645 2300/2300
f 2297/2297 2298/2298 2294/2294
f 2297/2297 643/643 645/645
f 2296/2296 2294/2294 2293/2293
f 2296/2296 2293/2293 2303/2303
f 2296/2296 2305/2305 643/643
f 2296/2296 2303/2303 2305/2305
f 2300/2300 2301/2301 2298/2298
f 2300/2300 645/645 648/648
f 2300/2300 648/648 2301/2301
f 1718/1718 1716/1716 1708/1708
f 1718/1718 659/659 677/677
f 1718/1718 677/677 1716/1716
f 2294/2294 2292/2292 2293/2293
f 2294/2294 2298/2298 2295/2295
f 2294/2294 2295/2295 2292/2292
f 1708/1708 1712/1712 1706/1706
f 1708/1708 1716/1716 1712/1712
f 1041/1041 1034/1034 2292/2292
f 1041/1041 2295/2295 1044/1044
f 1041/1041 2292/2292 2295/2295
f 1706/1706 1710/1710 1707/1707
f 1706/1706 1712/1712 1724/1724
f 1706/1706 1724/1724 1710/1710
f 1034/1034 1036/1036 2292/2292
f 1707/1707 1714/1714 1717/1717
f 1707/1707 1710/1710 1714/1714
f 1036/1036 2291/2291 2292/2292
f 1036/1036 1038/1038 2291/2291
f 2293/2293 2292/2292 2291/2291
f 2293/2293 2291/2291 2303/2303
f 1717/1717 701/701 681/681
f 1717/1717 1714/1714 701/701
f 2305/2305 639/639 643/643
f 2305/2305 2303/2303 2307/2307
f 2305/2305 2307/2307 639/639
f 2298/2298 2308/2308 2295/2295
f 2298/2298 1/1 2308/2308
f 2299/2299 2302/2302 3/3
f 1044/1044 2295/2295 2308/2308
f 1045/1045 8/8 667/667
f 1044/1044 2308/2308 7/7
f 646/646 644/644 642/642
f 646/646 647/647 649/649
f 646/646 642/642 647/647
f 2291/2291 1038/1038 2290/2290
f 2291/2291 2290/2290 2303/2303
f 644/644 641/641 642/642
f 1038/1038 16/16 2290/2290
f 1039/1039 690/690 17/17
f 2303/2303 2290/2290 13/13
f 2304/2304 12/12 2306/2306
f 668/668 11/11 663/663
f 660/660 663/663 675/675
f 660/660 675/675 678/678
f 650/650 652/652 2302/2302
f 649/649 633/633 651/651
f 649/649 647/647 633/633
f 2308/2308 1/1 7/7
f 2290/2290 16/16 13/13
f 640/640 2306/2306 636/636
f 641/641 637/637 632/632
f 641/641 632/632 642/642
f 682/682 699/699 686/686
f 682/682 702/702 699/699
f 691/691 686/686 19/19
f 2302/2302 6/6 3/3
f 2302/2302 652/652 6/6
f 2/2 5/5 10/10
f 1711/1711 2916/2916 1723/1723
f 1711/1711 1715/1715 2919/2919
f 1711/1711 2919/2919 2916/2916
f 1723/1723 2916/2916 1709/1709
f 1709/1709 2916/2916 2913/2913
f 1709/1709 2913/2913 1713/1713
f 12/12 20/20 2306/2306
f 14/14 18/18 22/22
f 2306/2306 20/20 636/636
f 2234/2234 2225/2225 2232/2232
f 2235/2235 2233/2233 3215/3215
f 663/663 11/11 675/675
f 9/9 4/4 674/674
f 2917/2917 2916/2916 2919/2919
f 2917/2917 2919/2919 2920/2920
f 2917/2917 2918/2918 2916/2916
f 2917/2917 996/996 2918/2918
f 2917/2917 2920/2920 1000/1000
f 2917/2917 1000/1000 996/996
f 2919/2919 1715/1715 676/676
f 2919/2919 2921/2921 2920/2920
f 2919/2919 676/676 2921/2921
f 2918/2918 2915/2915 2916/2916
f 2918/2918 993/993 2915/2915
f 2918/2918 996/996 991/991
f 2918/2918 991/991 993/993
f 2916/2916 2915/2915 2913/2913
f 1713/1713 2913/2913 700/700
f 2913/2913 2915/2915 2914/2914
f 2913/2913 2912/2912 700/700
f 2913/2913 2914/2914 2912/2912
f 2915/2915 1005/1005 2914/2914
f 2915/2915 993/993 1005/1005
f 19/19 686/686 699/699
f 15/15 698/698 21/21
f 2262/2262 2260/2260 2253/2253
f 2263/2263 3236/3236 2261/2261
f 2225/2225 1086/1086 2226/2226
f 2225/2225 2226/2226 2232/2232
f 6/6 652/652 1336/1336
f 4/4 2922/2922 674/674
f 4/4 1335/1335 2922/2922
f 653/653 655/655 1337/1337
f 651/651 633/633 654/654
f 2920/2920 2921/2921 2922/2922
f 2920/2920 2922/2922 1338/1338
f 2920/2920 1338/1338 1000/1000
f 676/676 674/674 2921/2921
f 700/700 2912/2912 697/697
f 2914/2914 2911/2911 2912/2912
f 2914/2914 2000/2000 2911/2911
f 2914/2914 1005/1005 2000/2000
f 636/636 20/20 1998/1998
f 638/638 1999/1999 635/635
f 637/637 634/634 632/632
f 20/20 697/697 2911/2911
f 20/20 2911/2911 1998/1998
f 2253/2253 2254/2254 1153/1153
f 2253/2253 2260/2260 2254/2254
f 2922/2922 2921/2921 674/674
f 2922/2922 1335/1335 1338/1338
f 2912/2912 2911/2911 697/697
f 2911/2911 2000/2000 1998/1998
f 3232/3232 3222/3222 1114/1114
f 3232/3232 3218/3218 3222/3222
f 997/997 995/995 992/992
f 997/997 1001/1001 998/998
f 997/997 998/998 995/995
f 992/992 990/990 994/994
f 992/992 995/995 989/989
f 992/992 989/989 990/990
f 994/994 1003/1003 1006/1006
f 994/994 990/990 1003/1003
f 3250/3250 1183/1183 3248/3248
f 3250/3250 3248/3248 3238/3238
f 1337/1337 1334/1334 1339/1339
f 1337/1337 655/655 1334/1334
f 1339/1339 1340/1340 1002/1002
f 1339/1339 1334/1334 1340/1340
f 1002/1002 1340/1340 999/999
f 1007/1007 2002/2002 2001/2001
f 1007/1007 1004/1004 2002/2002
f 2001/2001 1997/1997 1999/1999
f 2001/2001 2002/2002 1997/1997
f 1999/1999 1997/1997 635/635
f 1086/1086 1088/1088 2226/2226
f 1085/1085 1076/1076 1087/1087
f 1153/1153 2254/2254 1155/1155
f 1152/1152 1154/1154 1143/1143
f 1074/1074 1115/1115 1117/1117
f 1074/1074 1117/1117 1063/1063
f 3215/3215 1310/1310 3219/3219
f 3215/3215 2233/2233 1310/1310
f 3236/3236 3238/3238 1981/1981
f 3236/3236 1981/1981 2261/2261
f 1141/1141 1184/1184 1182/1182
f 1141/1141 1131/1131 1184/1184
f 1116/1116 3223/3223 1118/1118
f 1183/1183 1185/1185 3248/3248
f 3219/3219 1307/1307 3223/3223
f 3219/3219 1310/1310 1307/1307
f 3238/3238 3248/3248 1984/1984
f 3238/3238 1984/1984 1981/1981
f 2232/2232 2226/2226 2228/2228
f 2233/2233 2240/2240 1310/1310
f 2232/2232 2228/2228 2239/2239
f 2260/2260 2256/2256 2254/2254
f 2261/2261 1981/1981 2268/2268
f 2260/2260 2267/2267 2256/2256
f 3223/3223 2909/2909 1118/1118
f 3223/3223 1307/1307 2909/2909
f 3248/3248 1185/1185 2891/2891
f 3248/3248 2891/2891 1984/1984
f 2226/2226 1088/1088 1090/1090
f 2226/2226 1090/1090 2228/2228
f 2254/2254 1157/1157 1155/1155
f 2254/2254 2256/2256 1157/1157
f 1117/1117 1069/1069 1063/1063
f 1117/1117 1123/1123 1069/1069
f 1118/1118 2909/2909 1125/1125
f 633/633 647/647 601/601
f 633/633 601/601 612/612
f 633/633 612/612 654/654
f 647/647 642/642 602/602
f 647/647 602/602 601/601
f 642/642 632/632 602/602
f 632/632 622/622 602/602
f 632/632 634/634 622/622
f 1184/1184 1131/1131 1136/1136
f 1184/1184 1136/1136 1191/1191
f 1185/1185 1192/1192 2891/2891
f 1087/1087 1076/1076 1078/1078
f 1087/1087 1078/1078 1089/1089
f 601/601 602/602 600/600
f 601/601 599/599 612/612
f 601/601 600/600 599/599
f 602/602 622/622 600/600
f 1154/1154 1145/1145 1143/1143
f 1154/1154 1156/1156 1145/1145
f 613/613 1319/1319 655/655
f 613/613 1320/1320 1319/1319
f 612/612 599/599 610/610
f 613/613 611/611 1320/1320
f 623/623 635/635 1993/1993
f 623/623 1993/1993 1994/1994
f 622/622 620/620 600/600
f 623/623 1994/1994 621/621
f 655/655 1319/1319 1334/1334
f 635/635 1997/1997 1993/1993
f 1319/1319 1311/1311 1334/1334
f 1319/1319 1316/1316 1311/1311
f 1319/1319 1320/1320 1316/1316
f 995/995 901/901 989/989
f 995/995 998/998 984/984
f 995/995 984/984 901/901
f 989/989 910/910 990/990
f 989/989 901/901 900/900
f 989/989 900/900 910/910
f 990/990 910/910 966/966
f 990/990 966/966 1003/1003
f 1993/1993 1997/1997 1985/1985
f 1993/1993 1985/1985 1990/1990
f 1993/1993 1990/1990 1994/1994
f 1076/1076 1064/1064 1068/1068
f 1076/1076 1068/1068 1078/1078
f 1334/1334 1311/1311 1340/1340
f 1997/1997 2002/2002 1985/1985
f 1143/1143 1135/1135 1130/1130
f 1143/1143 1145/1145 1135/1135
f 1063/1063 1068/1068 1064/1064
f 1063/1063 1069/1069 1068/1068
f 1340/1340 1311/1311 1305/1305
f 1340/1340 1305/1305 999/999
f 1311/1311 1306/1306 1305/1305
f 1311/1311 1313/1313 1306/1306
f 1311/1311 1316/1316 1313/1313
f 999/999 1305/1305 985/985
f 901/901 899/899 900/900
f 901/901 984/984 982/982
f 901/901 982/982 899/899
f 900/900 896/896 910/910
f 900/900 899/899 896/896
f 910/910 909/909 966/966
f 910/910 896/896 909/909
f 1004/1004 1979/1979 2002/2002
f 1004/1004 967/967 1979/1979
f 1985/1985 2002/2002 1979/1979
f 1985/1985 1979/1979 1983/1983
f 1985/1985 1983/1983 1988/1988
f 1985/1985 1988/1988 1990/1990
f 1131/1131 1130/1130 1135/1135
f 1131/1131 1135/1135 1136/1136
f 1305/1305 1309/1309 985/985
f 1305/1305 1306/1306 1309/1309
f 985/985 1309/1309 983/983
f 967/967 1980/1980 1979/1979
f 967/967 973/973 1980/1980
f 966/966 909/909 972/972
f 1979/1979 1980/1980 1983/1983
f 599/599 600/600 598/598
f 599/599 597/597 610/610
f 599/599 598/598 597/597
f 600/600 620/620 598/598
f 1310/1310 2240/2240 1345/1345
f 1309/1309 1342/1342 983/983
f 1309/1309 1344/1344 1342/1342
f 1981/1981 2007/2007 2268/2268
f 1980/1980 973/973 2004/2004
f 1980/1980 2004/2004 2006/2006
f 1308/1308 1314/1314 2910/2910
f 1982/1982 2890/2890 1987/1987
f 611/611 1324/1324 1320/1320
f 610/610 597/597 608/608
f 611/611 609/609 1324/1324
f 621/621 1994/1994 1995/1995
f 620/620 618/618 598/598
f 621/621 1995/1995 619/619
f 899/899 897/897 896/896
f 899/899 982/982 978/978
f 899/899 978/978 897/897
f 896/896 898/898 909/909
f 896/896 897/897 898/898
f 909/909 974/974 972/972
f 909/909 908/908 974/974
f 909/909 898/898 908/908
f 2239/2239 2228/2228 2229/2229
f 2240/2240 2243/2243 1345/1345
f 2239/2239 2229/2229 2241/2241
f 2267/2267 2258/2258 2256/2256
f 2268/2268 2007/2007 2271/2271
f 2267/2267 2270/2270 2258/2258
f 983/983 1342/1342 981/981
f 982/982 979/979 978/978
f 973/973 977/977 2004/2004
f 972/972 974/974 975/975
f 2228/2228 1090/1090 1092/1092
f 2228/2228 1092/1092 2229/2229
f 1320/1320 1323/1323 1316/1316
f 1320/1320 1324/1324 1323/1323
f 1994/1994 1990/1990 1871/1871
f 1994/1994 1871/1871 1995/1995
f 2256/2256 1160/1160 1157/1157
f 2256/2256 2258/2258 1160/1160
f 1089/1089 1078/1078 1079/1079
f 1089/1089 1079/1079 1091/1091
f 1315/1315 1322/1322 2892/2892
f 1316/1316 1318/1318 1313/1313
f 1315/1315 2892/2892 1317/1317
f 1341/1341 1350/1350 980/980
f 1342/1342 1349/1349 1351/1351
f 1342/1342 1344/1344 1347/1347
f 1342/1342 1347/1347 1349/1349
f 2003/2003 976/976 2012/2012
f 2004/2004 2013/2013 2011/2011
f 2004/2004 2009/2009 2006/2006
f 2004/2004 2011/2011 2009/2009
f 1989/1989 2877/2877 1869/1869
f 1990/1990 1988/1988 1992/1992
f 1989/1989 1991/1991 2877/2877
f 1156/1156 1147/1147 1145/1145
f 1156/1156 1159/1159 1147/1147
f 1322/1322 2898/2898 2892/2892
f 1321/1321 1325/1325 2897/2897
f 1323/1323 1324/1324 1326/1326
f 980/980 1350/1350 940/940
f 979/979 939/939 942/942
f 979/979 941/941 978/978
f 979/979 942/942 941/941
f 976/976 962/962 2012/2012
f 975/975 951/951 961/961
f 975/975 974/974 963/963
f 975/975 963/963 951/951
f 1869/1869 2877/2877 1865/1865
f 1870/1870 1866/1866 1867/1867
f 1871/1871 1868/1868 1995/1995
f 1069/1069 1070/1070 1068/1068
f 1069/1069 1123/1123 1072/1072
f 1069/1069 1072/1072 1070/1070
f 1136/1136 1135/1135 1138/1138
f 1136/1136 1140/1140 1191/1191
f 1136/1136 1138/1138 1140/1140
f 1078/1078 1068/1068 1070/1070
f 1078/1078 1070/1070 1079/1079
f 1350/1350 935/935 940/940
f 1350/1350 1348/1348 2903/2903
f 1350/1350 2903/2903 935/935
f 2012/2012 962/962 957/957
f 2012/2012 2884/2884 2010/2010
f 2012/2012 957/957 2884/2884
f 1145/1145 1138/1138 1135/1135
f 1145/1145 1147/1147 1138/1138
f 939/939 934/934 931/931
f 939/939 931/931 942/942
f 961/961 953/953 956/956
f 961/961 951/951 953/953
f 1343/1343 2242/2242 1346/1346
f 2005/2005 2008/2008 2269/2269
f 1346/1346 2242/2242 1348/1348
f 2008/2008 2010/2010 2269/2269
f 1312/1312 1317/1317 2908/2908
f 978/978 941/941 897/897
f 597/597 598/598 594/594
f 597/597 594/594 593/593
f 597/597 593/593 608/608
f 598/598 618/618 594/594
f 974/974 908/908 963/963
f 1986/1986 2889/2889 1991/1991
f 2908/2908 1317/1317 1124/1124
f 1317/1317 2892/2892 2893/2893
f 1317/1317 2893/2893 1124/1124
f 1991/1991 2889/2889 1190/1190
f 1991/1991 2878/2878 2877/2877
f 1991/1991 1190/1190 2878/2878
f 2242/2242 2230/2230 1348/1348
f 1348/1348 2907/2907 2903/2903
f 1348/1348 2230/2230 2907/2907
f 2010/2010 2257/2257 2269/2269
f 2010/2010 2884/2884 2888/2888
f 2010/2010 2888/2888 2257/2257
f 593/593 594/594 595/595
f 593/593 596/596 608/608
f 593/593 595/595 596/596
f 594/594 618/618 595/595
f 2892/2892 2898/2898 2894/2894
f 2892/2892 2894/2894 2893/2893
f 2877/2877 2879/2879 1865/1865
f 2877/2877 2878/2878 2879/2879
f 2897/2897 1325/1325 3115/3115
f 2898/2898 2900/2900 2894/2894
f 2897/2897 3115/3115 2899/2899
f 1866/1866 1862/1862 1867/1867
f 1865/1865 2879/2879 1859/1859
f 1866/1866 1860/1860 1862/1862
f 897/897 902/902 898/898
f 897/897 941/941 902/902
f 898/898 903/903 908/908
f 898/898 902/902 903/903
f 908/908 906/906 963/963
f 908/908 903/903 906/906
f 2903/2903 937/937 935/935
f 2903/2903 2907/2907 2902/2902
f 2903/2903 2902/2902 937/937
f 1124/1124 2893/2893 2895/2895
f 1124/1124 2895/2895 1073/1073
f 1190/1190 2880/2880 2878/2878
f 1190/1190 1139/1139 2880/2880
f 2884/2884 957/957 959/959
f 2884/2884 2883/2883 2888/2888
f 2884/2884 959/959 2883/2883
f 934/934 932/932 931/931
f 934/934 936/936 932/932
f 2893/2893 2894/2894 2895/2895
f 609/609 607/607 1324/1324
f 608/608 596/596 606/606
f 619/619 1995/1995 617/617
f 618/618 616/616 595/595
f 2878/2878 2880/2880 2879/2879
f 956/956 953/953 954/954
f 956/956 954/954 958/958
f 1326/1326 1324/1324 1328/1328
f 1325/1325 3114/3114 3115/3115
f 1325/1325 1327/1327 3114/3114
f 1868/1868 1873/1873 1995/1995
f 1867/1867 1862/1862 1861/1861
f 1867/1867 1861/1861 1872/1872
f 2230/2230 1093/1093 2907/2907
f 2257/2257 2888/2888 1158/1158
f 2907/2907 2906/2906 2902/2902
f 2907/2907 1093/1093 2906/2906
f 1324/1324 1329/1329 1328/1328
f 1324/1324 607/607 1329/1329
f 1995/1995 1873/1873 1996/1996
f 1995/1995 1996/1996 617/617
f 2888/2888 2883/2883 2887/2887
f 2888/2888 2887/2887 1158/1158
f 942/942 931/931 928/928
f 942/942 922/922 941/941
f 942/942 928/928 927/927
f 942/942 927/927 922/922
f 951/951 952/952 953/953
f 951/951 963/963 943/943
f 951/951 948/948 952/952
f 951/951 943/943 948/948
f 2894/2894 2900/2900 2896/2896
f 2894/2894 2896/2896 2895/2895
f 2879/2879 2881/2881 1859/1859
f 2879/2879 2880/2880 2881/2881
f 1073/1073 2895/2895 1071/1071
f 1139/1139 1137/1137 2880/2880
f 2899/2899 3115/3115 3113/3113
f 2900/2900 1889/1889 2896/2896
f 2899/2899 3113/3113 1888/1888
f 1860/1860 1858/1858 1862/1862
f 1859/1859 2881/2881 1848/1848
f 1860/1860 1849/1849 1858/1858
f 2902/2902 1886/1886 937/937
f 2902/2902 2906/2906 2901/2901
f 2902/2902 2901/2901 1886/1886
f 2895/2895 2905/2905 1071/1071
f 2895/2895 2896/2896 2905/2905
f 931/931 929/929 928/928
f 931/931 932/932 929/929
f 3115/3115 3114/3114 3113/3113
f 1862/1862 1858/1858 1861/1861
f 953/953 952/952 949/949
f 953/953 949/949 954/954
f 2880/2880 1137/1137 2886/2886
f 2880/2880 2886/2886 2881/2881
f 2883/2883 2882/2882 2887/2887
f 2883/2883 959/959 1846/1846
f 2883/2883 1846/1846 2882/2882
f 1093/1093 1080/1080 2906/2906
f 1158/1158 2887/2887 1146/1146
f 938/938 1887/1887 1883/1883
f 938/938 1883/1883 933/933
f 2906/2906 1080/1080 2904/2904
f 2906/2906 2904/2904 2901/2901
f 2887/2887 2885/2885 1146/1146
f 2887/2887 2882/2882 2885/2885
f 960/960 1844/1844 1847/1847
f 960/960 955/955 1844/1844
f 1071/1071 2904/2904 1080/1080
f 1071/1071 2905/2905 2904/2904
f 3114/3114 3112/3112 3113/3113
f 3114/3114 1330/1330 3112/3112
f 3114/3114 1327/1327 1330/1330
f 1861/1861 1858/1858 1856/1856
f 1861/1861 1863/1863 1872/1872
f 1861/1861 1856/1856 1863/1863
f 1137/1137 1146/1146 2885/2885
f 1137/1137 2885/2885 2886/2886
f 2896/2896 2901/2901 2904/2904
f 2896/2896 1889/1889 2901/2901
f 2896/2896 2904/2904 2905/2905
f 2881/2881 2885/2885 2882/2882
f 2881/2881 2882/2882 1848/1848
f 2881/2881 2886/2886 2885/2885
f 2901/2901 1889/1889 1886/1886
f 941/941 922/922 902/902
f 963/963 906/906 943/943
f 2882/2882 1846/1846 1848/1848
f 928/928 925/925 927/927
f 928/928 929/929 925/925
f 952/952 948/948 949/949
f 1890/1890 1885/1885 1887/1887
f 1888/1888 3113/3113 1884/1884
f 1849/1849 1845/1845 1858/1858
f 1849/1849 1847/1847 1845/1845
f 927/927 925/925 922/922
f 948/948 946/946 949/949
f 948/948 943/943 946/946
f 1887/1887 1885/1885 1883/1883
f 3113/3113 3112/3112 1884/1884
f 1858/1858 1845/1845 1856/1856
f 1847/1847 1844/1844 1845/1845
f 933/933 1880/1880 930/930
f 933/933 1883/1883 1880/1880
f 955/955 950/950 1843/1843
f 955/955 1843/1843 1844/1844
f 3112/3112 1881/1881 1884/1884
f 3112/3112 1878/1878 1881/1881
f 3112/3112 1332/1332 1878/1878
f 3112/3112 1330/1330 1332/1332
f 1328/1328 1329/1329 1331/1331
f 1873/1873 1864/1864 1996/1996
f 1856/1856 1845/1845 1842/1842
f 1856/1856 1842/1842 1841/1841
f 1856/1856 1841/1841 1854/1854
f 1857/1857 1855/1855 1864/1864
f 1329/1329 607/607 605/605
f 1329/1329 605/605 1331/1331
f 1996/1996 615/615 617/617
f 1996/1996 1864/1864 615/615
f 1885/1885 1882/1882 1883/1883
f 930/930 1874/1874 926/926
f 930/930 1880/1880 1874/1874
f 950/950 947/947 1843/1843
f 1845/1845 1844/1844 1842/1842
f 1883/1883 1882/1882 1880/1880
f 1844/1844 1843/1843 1842/1842
f 596/596 595/595 603/603
f 596/596 604/604 606/606
f 596/596 603/603 604/604
f 595/595 616/616 614/614
f 595/595 614/614 603/603
f 926/926 1874/1874 1877/1877
f 925/925 923/923 922/922
f 926/926 1877/1877 924/924
f 947/947 1836/1836 1843/1843
f 947/947 1838/1838 1836/1836
f 946/946 943/943 944/944
f 947/947 945/945 1838/1838
f 1882/1882 1879/1879 1880/1880
f 1842/1842 1843/1843 1836/1836
f 1842/1842 1836/1836 1841/1841
f 1880/1880 1879/1879 1874/1874
f 1879/1879 1876/1876 1874/1874
f 1878/1878 1332/1332 1875/1875
f 1841/1841 1836/1836 1840/1840
f 1841/1841 1840/1840 1854/1854
f 1874/1874 1876/1876 1877/1877
f 902/902 904/904 903/903
f 902/902 922/922 904/904
f 903/903 905/905 906/906
f 903/903 904/904 905/905
f 906/906 905/905 907/907
f 906/906 907/907 943/943
f 1836/1836 1838/1838 1840/1840
f 603/603 626/626 604/604
f 603/603 614/614 630/630
f 603/603 628/628 626/626
f 603/603 630/630 628/628
f 605/605 625/625 1331/1331
f 615/615 1864/1864 1855/1855
f 615/615 1855/1855 631/631
f 1331/1331 625/625 1333/1333
f 904/904 912/912 905/905
f 904/904 922/922 912/912
f 905/905 911/911 907/907
f 905/905 912/912 911/911
f 907/907 915/915 943/943
f 907/907 911/911 915/915
f 922/922 923/923 912/912
f 943/943 915/915 944/944
f 624/624 627/627 3005/3005
f 624/624 3005/3005 1332/1332
f 627/627 629/629 3108/3108
f 627/627 3007/3007 3005/3005
f 627/627 3108/3108 3007/3007
f 629/629 1853/1853 3108/3108
f 912/912 913/913 911/911
f 912/912 923/923 913/913
f 911/911 914/914 915/915
f 911/911 913/913 914/914
f 915/915 914/914 916/916
f 915/915 916/916 944/944
f 1332/1332 1893/1893 1875/1875
f 1332/1332 3005/3005 1893/1893
f 1853/1853 3105/3105 3108/3108
f 1853/1853 1839/1839 3105/3105
f 913/913 920/920 914/914
f 913/913 923/923 920/920
f 914/914 917/917 916/916
f 914/914 920/920 917/917
f 916/916 918/918 944/944
f 916/916 917/917 918/918
f 3131/3131 3001/3001 3124/3124
f 3131/3131 3004/3004 3001/3001
f 3130/3130 2740/2740 2751/2751
f 3130/3130 2751/2751 3127/3127
f 3130/3130 2744/2744 2740/2740
f 3130/3130 3123/3123 2744/2744
f 3131/3131 3129/3129 3004/3004
f 924/924 1896/1896 921/921
f 924/924 1877/1877 1896/1896
f 945/945 919/919 1850/1850
f 945/945 1850/1850 1838/1838
f 3008/3008 3000/3000 3006/3006
f 3007/3007 3109/3109 2999/2999
f 3007/3007 3108/3108 3109/3109
f 3001/3001 3111/3111 3124/3124
f 3000/3000 3003/3003 3006/3006
f 2752/2752 2741/2741 2750/2750
f 2751/2751 2755/2755 3127/3127
f 2752/2752 2753/2753 2756/2756
f 2752/2752 2750/2750 2753/2753
f 2741/2741 2745/2745 2739/2739
f 2741/2741 2736/2736 2750/2750
f 2741/2741 2739/2739 2736/2736
f 2744/2744 3123/3123 2746/2746
f 2745/2745 2747/2747 2742/2742
f 2745/2745 2742/2742 2739/2739
f 3127/3127 2755/2755 2838/2838
f 3128/3128 3009/3009 3002/3002
f 3127/3127 2838/2838 3116/3116
f 3128/3128 3117/3117 3009/3009
f 3123/3123 2829/2829 2746/2746
f 3123/3123 3110/3110 3122/3122
f 3123/3123 3122/3122 2829/2829
f 2757/2757 2835/2835 2839/2839
f 2757/2757 2754/2754 2835/2835
f 2748/2748 2828/2828 2743/2743
f 2748/2748 2830/2830 2828/2828
f 1876/1876 1892/1892 1877/1877
f 1876/1876 1895/1895 1892/1892
f 3006/3006 3003/3003 1894/1894
f 3003/3003 3011/3011 1894/1894
f 3109/3109 3108/3108 3106/3106
f 3110/3110 3107/3107 3122/3122
f 3108/3108 3105/3105 3106/3106
f 1839/1839 1837/1837 1851/1851
f 1839/1839 1851/1851 3105/3105
f 2750/2750 2736/2736 2749/2749
f 2750/2750 1450/1450 2753/2753
f 2750/2750 2749/2749 1450/1450
f 2736/2736 2739/2739 2737/2737
f 2736/2736 2738/2738 2749/2749
f 2736/2736 2737/2737 2738/2738
f 2739/2739 2742/2742 1445/1445
f 2739/2739 1445/1445 2737/2737
f 920/920 969/969 917/917
f 921/921 1896/1896 971/971
f 917/917 964/964 918/918
f 917/917 969/969 964/964
f 919/919 988/988 1850/1850
f 918/918 964/964 986/986
f 1877/1877 1892/1892 1896/1896
f 1896/1896 1892/1892 971/971
f 1850/1850 1852/1852 1838/1838
f 1850/1850 988/988 1852/1852
f 2838/2838 2840/2840 3116/3116
f 2839/2839 2836/2836 2841/2841
f 2839/2839 2835/2835 2836/2836
f 2754/2754 1449/1449 2835/2835
f 2754/2754 1452/1452 1449/1449
f 2743/2743 2828/2828 1444/1444
f 2743/2743 1444/1444 1447/1447
f 2829/2829 3122/3122 2831/2831
f 2830/2830 2832/2832 2826/2826
f 2830/2830 2826/2826 2828/2828
f 2840/2840 2842/2842 3116/3116
f 2841/2841 2837/2837 2843/2843
f 2841/2841 2836/2836 2837/2837
f 2831/2831 3122/3122 2833/2833
f 2832/2832 2834/2834 2827/2827
f 2832/2832 2827/2827 2826/2826
f 3116/3116 2842/2842 3120/3120
f 3118/3118 3121/3121 3014/3014
f 3118/3118 3014/3014 3010/3010
f 2842/2842 2816/2816 3120/3120
f 2843/2843 2814/2814 2817/2817
f 2843/2843 2837/2837 2814/2814
f 2835/2835 1397/1397 2836/2836
f 2835/2835 1449/1449 1397/1397
f 2828/2828 2826/2826 1392/1392
f 2828/2828 1392/1392 1444/1444
f 2833/2833 3122/3122 3126/3126
f 2833/2833 3126/3126 2811/2811
f 2834/2834 2812/2812 2809/2809
f 2834/2834 2809/2809 2827/2827
f 3122/3122 3107/3107 3126/3126
f 3120/3120 2816/2816 3028/3028
f 3119/3119 3027/3027 3030/3030
f 3119/3119 3030/3030 3012/3012
f 2816/2816 2807/2807 3028/3028
f 2815/2815 2805/2805 2806/2806
f 2815/2815 2813/2813 2805/2805
f 2807/2807 2802/2802 3028/3028
f 2806/2806 2795/2795 2801/2801
f 2806/2806 2805/2805 2795/2795
f 2802/2802 2800/2800 3017/3017
f 2801/2801 2793/2793 2799/2799
f 2802/2802 3017/3017 3028/3028
f 2801/2801 2795/2795 2793/2793
f 2800/2800 2798/2798 3017/3017
f 2799/2799 2793/2793 2797/2797
f 2798/2798 2804/2804 3025/3025
f 2797/2797 2794/2794 2803/2803
f 2798/2798 3025/3025 3017/3017
f 2797/2797 2793/2793 2794/2794
f 2804/2804 2811/2811 3025/3025
f 2803/2803 2796/2796 2810/2810
f 2803/2803 2794/2794 2796/2796
f 2811/2811 3126/3126 3025/3025
f 2810/2810 2796/2796 2808/2808
f 3125/3125 3102/3102 3024/3024
f 3126/3126 3107/3107 3104/3104
f 2836/2836 1389/1389 2837/2837
f 2836/2836 1397/1397 1389/1389
f 3029/3029 3018/3018 3023/3023
f 3029/3029 3023/3023 3032/3032
f 3018/3018 3026/3026 3021/3021
f 3018/3018 3021/3021 3023/3023
f 3024/3024 3102/3102 3019/3019
f 2826/2826 2827/2827 1387/1387
f 2826/2826 1387/1387 1392/1392
f 3011/3011 1891/1891 1894/1894
f 3011/3011 3015/3015 1891/1891
f 3106/3106 3105/3105 3103/3103
f 3013/3013 3031/3031 968/968
f 3015/3015 970/970 1891/1891
f 3103/3103 3105/3105 1851/1851
f 3103/3103 1851/1851 3020/3020
f 2837/2837 1380/1380 2814/2814
f 2837/2837 1389/1389 1380/1380
f 968/968 3031/3031 965/965
f 3031/3031 3022/3022 965/965
f 2813/2813 1376/1376 2805/2805
f 2813/2813 1378/1378 1376/1376
f 965/965 3022/3022 987/987
f 3022/3022 3020/3020 987/987
f 3020/3020 1851/1851 987/987
f 2809/2809 1363/1363 2827/2827
f 2808/2808 2796/2796 1359/1359
f 2808/2808 1359/1359 1361/1361
f 2827/2827 1363/1363 1387/1387
f 2805/2805 1369/1369 2795/2795
f 2805/2805 1376/1376 1369/1369
f 2795/2795 1352/1352 2793/2793
f 2795/2795 1369/1369 1352/1352
f 2793/2793 1352/1352 2794/2794
f 2738/2738 1410/1410 2749/2749
f 2738/2738 2737/2737 1404/1404
f 2738/2738 1408/1408 1410/1410
f 2738/2738 1404/1404 1408/1408
f 2794/2794 1355/1355 2796/2796
f 2794/2794 1352/1352 1355/1355
f 2796/2796 1355/1355 1359/1359
f 2749/2749 1414/1414 1450/1450
f 2749/2749 1410/1410 1414/1414
f 2737/2737 1445/1445 1402/1402
f 2737/2737 1402/1402 1404/1404
f 1451/1451 1415/1415 1399/1399
f 1451/1451 1399/1399 1448/1448
f 1446/1446 1394/1394 1403/1403
f 1446/1446 1443/1443 1394/1394
f 1411/1411 1409/1409 1407/1407
f 1411/1411 1413/1413 1415/1415
f 1411/1411 1407/1407 1412/1412
f 1411/1411 1412/1412 1413/1413
f 1409/1409 1405/1405 1407/1407
f 1405/1405 1406/1406 1407/1407
f 1405/1405 1401/1401 1406/1406
f 1405/1405 1403/1403 1401/1401
f 1415/1415 1413/1413 1399/1399
f 1412/1412 1407/1407 566/566
f 1412/1412 1422/1422 1413/1413
f 1412/1412 566/566 564/564
f 1412/1412 564/564 1422/1422
f 1407/1407 1406/1406 566/566
f 1406/1406 1401/1401 1416/1416
f 1406/1406 568/568 566/566
f 1406/1406 1416/1416 568/568
f 1403/1403 1394/1394 1401/1401
f 1413/1413 1398/1398 1399/1399
f 1413/1413 1422/1422 1423/1423
f 1413/1413 1423/1423 1398/1398
f 1448/1448 1399/1399 1396/1396
f 1443/1443 1391/1391 1394/1394
f 1401/1401 1394/1394 1393/1393
f 1401/1401 1417/1417 1416/1416
f 1401/1401 1393/1393 1417/1417
f 1399/1399 1398/1398 1396/1396
f 565/565 520/520 563/563
f 565/565 567/567 520/520
f 1394/1394 1391/1391 1393/1393
f 1422/1422 564/564 552/552
f 1422/1422 1429/1429 1423/1423
f 1422/1422 552/552 1429/1429
f 563/563 505/505 551/551
f 563/563 520/520 505/505
f 568/568 1416/1416 554/554
f 567/567 553/553 510/510
f 567/567 510/510 520/520
f 1416/1416 1428/1428 554/554
f 1416/1416 1417/1417 1428/1428
f 1398/1398 1395/1395 1396/1396
f 1398/1398 1423/1423 1424/1424
f 1398/1398 1424/1424 1395/1395
f 1396/1396 1395/1395 1388/1388
f 1391/1391 1390/1390 1393/1393
f 1391/1391 1386/1386 1390/1390
f 1393/1393 1418/1418 1417/1417
f 1393/1393 1390/1390 1418/1418
f 1423/1423 1429/1429 1427/1427
f 1423/1423 1427/1427 1424/1424
f 552/552 556/556 1429/1429
f 551/551 506/506 555/555
f 551/551 505/505 506/506
f 554/554 1428/1428 558/558
f 553/553 557/557 519/519
f 553/553 519/519 510/510
f 1417/1417 1421/1421 1428/1428
f 1417/1417 1418/1418 1421/1421
f 1388/1388 1395/1395 1384/1384
f 1388/1388 1384/1384 1379/1379
f 1386/1386 1362/1362 1366/1366
f 1386/1386 1366/1366 1390/1390
f 1395/1395 1424/1424 1425/1425
f 1395/1395 1425/1425 1384/1384
f 1429/1429 1438/1438 1427/1427
f 1429/1429 556/556 1438/1438
f 1379/1379 1374/1374 1377/1377
f 1379/1379 1384/1384 1374/1374
f 1362/1362 1360/1360 1357/1357
f 1362/1362 1357/1357 1366/1366
f 1390/1390 1419/1419 1418/1418
f 1390/1390 1366/1366 1419/1419
f 1428/1428 1435/1435 558/558
f 1428/1428 1421/1421 1435/1435
f 1377/1377 1374/1374 1370/1370
f 1370/1370 1354/1354 1353/1353
f 1370/1370 1374/1374 1354/1354
f 1353/1353 1354/1354 1356/1356
f 1356/1356 1357/1357 1360/1360
f 1356/1356 1354/1354 1357/1357
f 1427/1427 1434/1434 1424/1424
f 1427/1427 1438/1438 1477/1477
f 1427/1427 1477/1477 1434/1434
f 1424/1424 1434/1434 1425/1425
f 556/556 560/560 1438/1438
f 555/555 512/512 559/559
f 555/555 506/506 512/512
f 558/558 1435/1435 562/562
f 557/557 525/525 519/519
f 557/557 561/561 525/525
f 1418/1418 1432/1432 1421/1421
f 1418/1418 1419/1419 1432/1432
f 1421/1421 1454/1454 1435/1435
f 1421/1421 1432/1432 1454/1454
f 520/520 501/501 505/505
f 520/520 510/510 501/501
f 1425/1425 1426/1426 1384/1384
f 1425/1425 1434/1434 1433/1433
f 1425/1425 1433/1433 1426/1426
f 1438/1438 560/560 1478/1478
f 1438/1438 1478/1478 1477/1477
f 1384/1384 1383/1383 1374/1374
f 1384/1384 1426/1426 1430/1430
f 1384/1384 1430/1430 1383/1383
f 505/505 500/500 506/506
f 505/505 501/501 500/500
f 510/510 519/519 502/502
f 510/510 502/502 501/501
f 1366/1366 1420/1420 1419/1419
f 1366/1366 1357/1357 1365/1365
f 1366/1366 1400/1400 1420/1420
f 1366/1366 1365/1365 1400/1400
f 1435/1435 1455/1455 562/562
f 1435/1435 1454/1454 1455/1455
f 1419/1419 1431/1431 1432/1432
f 1419/1419 1420/1420 1431/1431
f 1434/1434 1477/1477 1476/1476
f 1434/1434 1476/1476 1433/1433
f 560/560 516/516 1478/1478
f 559/559 512/512 518/518
f 559/559 518/518 515/515
f 1374/1374 1373/1373 1354/1354
f 1374/1374 1383/1383 1375/1375
f 1374/1374 1375/1375 1373/1373
f 506/506 475/475 512/512
f 506/506 500/500 475/475
f 1354/1354 1358/1358 1357/1357
f 1354/1354 1373/1373 1368/1368
f 1354/1354 1368/1368 1358/1358
f 1357/1357 1364/1364 1365/1365
f 1357/1357 1358/1358 1364/1364
f 519/519 525/525 503/503
f 519/519 503/503 502/502
f 561/561 546/546 525/525
f 562/562 1455/1455 548/548
f 561/561 547/547 546/546
f 1432/1432 1453/1453 1454/1454
f 1432/1432 1431/1431 1453/1453
f 1477/1477 1478/1478 1496/1496
f 1477/1477 1496/1496 1476/1476
f 1426/1426 1433/1433 1439/1439
f 1426/1426 1440/1440 1430/1430
f 1426/1426 1439/1439 1440/1440
f 1420/1420 1436/1436 1431/1431
f 1420/1420 1400/1400 1437/1437
f 1420/1420 1437/1437 1436/1436
f 1454/1454 1470/1470 1455/1455
f 1454/1454 1453/1453 1470/1470
f 1383/1383 1430/1430 1385/1385
f 1383/1383 1385/1385 1375/1375
f 1365/1365 1367/1367 1400/1400
f 1365/1365 1364/1364 1367/1367
f 1433/1433 1479/1479 1439/1439
f 1433/1433 1476/1476 1479/1479
f 1431/1431 1436/1436 1457/1457
f 1431/1431 1457/1457 1453/1453
f 1478/1478 516/516 1523/1523
f 1478/1478 1523/1523 1496/1496
f 512/512 475/475 477/477
f 512/512 477/477 518/518
f 525/525 504/504 503/503
f 525/525 546/546 504/504
f 1455/1455 1522/1522 548/548
f 1455/1455 1470/1470 1522/1522
f 1430/1430 1442/1442 1385/1385
f 1430/1430 1440/1440 1442/1442
f 1400/1400 1367/1367 1441/1441
f 1400/1400 1441/1441 1437/1437
f 1373/1373 1375/1375 1381/1381
f 1373/1373 1381/1381 1368/1368
f 501/501 338/338 500/500
f 501/501 502/502 338/338
f 1358/1358 1371/1371 1364/1364
f 1358/1358 1368/1368 1371/1371
f 1439/1439 1479/1479 1480/1480
f 1439/1439 1475/1475 1440/1440
f 1439/1439 1480/1480 1475/1475
f 515/515 518/518 511/511
f 517/517 514/514 1524/1524
f 515/515 511/511 513/513
f 1375/1375 1385/1385 1382/1382
f 1375/1375 1382/1382 1381/1381
f 500/500 339/339 475/475
f 500/500 338/338 339/339
f 502/502 503/503 337/337
f 502/502 337/337 338/338
f 1364/1364 1372/1372 1367/1367
f 1364/1364 1371/1371 1372/1372
f 547/547 545/545 546/546
f 548/548 1522/1522 550/550
f 547/547 549/549 545/545
f 1436/1436 1437/1437 1456/1456
f 1436/1436 1458/1458 1457/1457
f 1436/1436 1456/1456 1458/1458
f 1476/1476 1496/1496 1493/1493
f 1476/1476 1493/1493 1479/1479
f 1453/1453 1465/1465 1470/1470
f 1453/1453 1457/1457 1465/1465
f 1496/1496 1523/1523 1528/1528
f 1496/1496 1528/1528 1493/1493
f 1470/1470 1525/1525 1522/1522
f 1470/1470 1465/1465 1525/1525
f 1385/1385 1442/1442 1474/1474
f 1385/1385 1473/1473 1382/1382
f 1385/1385 1474/1474 1473/1473
f 475/475 450/450 477/477
f 475/475 339/339 450/450
f 503/503 504/504 344/344
f 503/503 344/344 337/337
f 1367/1367 1372/1372 1461/1461
f 1367/1367 1459/1459 1441/1441
f 1367/1367 1461/1461 1459/1459
f 1479/1479 1486/1486 1480/1480
f 1479/1479 1493/1493 1486/1486
f 1440/1440 1481/1481 1442/1442
f 1440/1440 1475/1475 1481/1481
f 518/518 477/477 476/476
f 518/518 476/476 511/511
f 1368/1368 1381/1381 1468/1468
f 1368/1368 1468/1468 1371/1371
f 546/546 507/507 504/504
f 546/546 545/545 507/507
f 1437/1437 1441/1441 1460/1460
f 1437/1437 1460/1460 1456/1456
f 1457/1457 1458/1458 1462/1462
f 1457/1457 1462/1462 1465/1465
f 1524/1524 514/514 1569/1569
f 1523/1523 1568/1568 1528/1528
f 1522/1522 1547/1547 550/550
f 1522/1522 1525/1525 1547/1547
f 477/477 449/449 476/476
f 477/477 450/450 449/449
f 1381/1381 1382/1382 1469/1469
f 1381/1381 1469/1469 1468/1468
f 1371/1371 1467/1467 1372/1372
f 1371/1371 1468/1468 1467/1467
f 504/504 345/345 344/344
f 504/504 507/507 345/345
f 1480/1480 1490/1490 1475/1475
f 1480/1480 1486/1486 1488/1488
f 1480/1480 1488/1488 1490/1490
f 1442/1442 1495/1495 1474/1474
f 1442/1442 1481/1481 1495/1495
f 1382/1382 1473/1473 1482/1482
f 1382/1382 1482/1482 1469/1469
f 1372/1372 1471/1471 1461/1461
f 1372/1372 1467/1467 1471/1471
f 1441/1441 1459/1459 1485/1485
f 1441/1441 1485/1485 1460/1460
f 1458/1458 1456/1456 1464/1464
f 1458/1458 1463/1463 1462/1462
f 1458/1458 1464/1464 1463/1463
f 513/513 511/511 471/471
f 514/514 499/499 1569/1569
f 513/513 471/471 498/498
f 338/338 332/332 339/339
f 338/338 337/337 332/332
f 549/549 509/509 545/545
f 550/550 1547/1547 543/543
f 549/549 542/542 509/509
f 1493/1493 1528/1528 1529/1529
f 1494/1494 1779/1779 1487/1487
f 1494/1494 1530/1530 1779/1779
f 1475/1475 1492/1492 1481/1481
f 1475/1475 1490/1490 1492/1492
f 1473/1473 1474/1474 1483/1483
f 1473/1473 1483/1483 1482/1482
f 339/339 333/333 450/450
f 339/339 332/332 333/333
f 337/337 344/344 329/329
f 337/337 329/329 332/332
f 1461/1461 1472/1472 1459/1459
f 1461/1461 1471/1471 1472/1472
f 1456/1456 1460/1460 1466/1466
f 1456/1456 1466/1466 1464/1464
f 1465/1465 1526/1526 1525/1525
f 1465/1465 1462/1462 1545/1545
f 1465/1465 1545/1545 1526/1526
f 1528/1528 1568/1568 1529/1529
f 1525/1525 1526/1526 1547/1547
f 1487/1487 1787/1787 1489/1489
f 1487/1487 1779/1779 1787/1787
f 1462/1462 1463/1463 1556/1556
f 1462/1462 1556/1556 1545/1545
f 511/511 476/476 472/472
f 511/511 472/472 471/471
f 1474/1474 1495/1495 1504/1504
f 1474/1474 1504/1504 1483/1483
f 476/476 449/449 451/451
f 476/476 451/451 472/472
f 450/450 334/334 449/449
f 450/450 333/333 334/334
f 1468/1468 1469/1469 1484/1484
f 1468/1468 1484/1484 1467/1467
f 344/344 345/345 328/328
f 344/344 328/328 329/329
f 507/507 545/545 508/508
f 507/507 454/454 345/345
f 507/507 508/508 454/454
f 1459/1459 1499/1499 1485/1485
f 1459/1459 1472/1472 1499/1499
f 545/545 509/509 508/508
f 1481/1481 1506/1506 1495/1495
f 1481/1481 1492/1492 1506/1506
f 1469/1469 1482/1482 1498/1498
f 1469/1469 1498/1498 1484/1484
f 1467/1467 1497/1497 1471/1471
f 1467/1467 1484/1484 1497/1497
f 1460/1460 1485/1485 1501/1501
f 1460/1460 1501/1501 1466/1466
f 1489/1489 1814/1814 1491/1491
f 1489/1489 1787/1787 1813/1813
f 1489/1489 1813/1813 1814/1814
f 1463/1463 1464/1464 1549/1549
f 1463/1463 1551/1551 1556/1556
f 1463/1463 1549/1549 1551/1551
f 1482/1482 1483/1483 1507/1507
f 1482/1482 1507/1507 1498/1498
f 1471/1471 1502/1502 1472/1472
f 1471/1471 1497/1497 1502/1502
f 449/449 336/336 451/451
f 449/449 334/334 336/336
f 345/345 335/335 328/328
f 345/345 454/454 335/335
f 1490/1490 1559/1559 1492/1492
f 1491/1491 1814/1814 1560/1560
f 1495/1495 1505/1505 1504/1504
f 1495/1495 1506/1506 1505/1505
f 1485/1485 1499/1499 1500/1500
f 1485/1485 1500/1500 1501/1501
f 1464/1464 1466/1466 1539/1539
f 1464/1464 1539/1539 1549/1549
f 1483/1483 1504/1504 1508/1508
f 1483/1483 1508/1508 1507/1507
f 1472/1472 1503/1503 1499/1499
f 1472/1472 1502/1502 1503/1503
f 332/332 330/330 333/333
f 332/332 329/329 330/330
f 333/333 318/318 334/334
f 333/333 330/330 318/318
f 329/329 328/328 325/325
f 329/329 325/325 330/330
f 1530/1530 1569/1569 1771/1771
f 1530/1530 1777/1777 1779/1779
f 1530/1530 1771/1771 1777/1777
f 1492/1492 1561/1561 1506/1506
f 1492/1492 1559/1559 1561/1561
f 1484/1484 1498/1498 1511/1511
f 1484/1484 1511/1511 1497/1497
f 1466/1466 1501/1501 1541/1541
f 1466/1466 1541/1541 1539/1539
f 1527/1527 1604/1604 1548/1548
f 1527/1527 1546/1546 1610/1610
f 1527/1527 1610/1610 1604/1604
f 1569/1569 499/499 1756/1756
f 1569/1569 1756/1756 1771/1771
f 1504/1504 1505/1505 1518/1518
f 1504/1504 1518/1518 1508/1508
f 472/472 451/451 453/453
f 472/472 453/453 471/471
f 1498/1498 1507/1507 1512/1512
f 1498/1498 1512/1512 1511/1511
f 1497/1497 1509/1509 1502/1502
f 1497/1497 1511/1511 1509/1509
f 508/508 456/456 454/454
f 508/508 509/509 456/456
f 1499/1499 1516/1516 1500/1500
f 1499/1499 1503/1503 1516/1516
f 1548/1548 1589/1589 544/544
f 1548/1548 1604/1604 1589/1589
f 1779/1779 1778/1778 1787/1787
f 1779/1779 1777/1777 1778/1778
f 451/451 336/336 412/412
f 451/451 412/412 453/453
f 334/334 314/314 336/336
f 334/334 318/318 314/314
f 167/167 1511/1511 1512/1512
f 167/167 1509/1509 1511/1511
f 167/167 1512/1512 173/173
f 166/166 172/172 165/165
f 166/166 157/157 168/168
f 166/166 165/165 157/157
f 167/167 169/169 1509/1509
f 328/328 335/335 322/322
f 328/328 322/322 325/325
f 454/454 341/341 335/335
f 454/454 456/456 341/341
f 1546/1546 1557/1557 1611/1611
f 1546/1546 1611/1611 1610/1610
f 1507/1507 1508/1508 1513/1513
f 1507/1507 1513/1513 1512/1512
f 1502/1502 1509/1509 1510/1510
f 1502/1502 1510/1510 1503/1503
f 1787/1787 1782/1782 1813/1813
f 1787/1787 1778/1778 1782/1782
f 498/498 471/471 481/481
f 499/499 482/482 1756/1756
f 1506/1506 1558/1558 1505/1505
f 1506/1506 1561/1561 1558/1558
f 1501/1501 1500/1500 1538/1538
f 1501/1501 1538/1538 1541/1541
f 542/542 523/523 509/509
f 544/544 1589/1589 524/524
f 1557/1557 1552/1552 1614/1614
f 1557/1557 1614/1614 1611/1611
f 1505/1505 1521/1521 1518/1518
f 1505/1505 1558/1558 1521/1521
f 1500/1500 1516/1516 1520/1520
f 1500/1500 1520/1520 1538/1538
f 1813/1813 1786/1786 1814/1814
f 1813/1813 1782/1782 1786/1786
f 1508/1508 1515/1515 1513/1513
f 1508/1508 1518/1518 1515/1515
f 173/173 1512/1512 1513/1513
f 172/172 170/170 165/165
f 173/173 1513/1513 1515/1515
f 173/173 1515/1515 1519/1519
f 173/173 1519/1519 1533/1533
f 173/173 1533/1533 171/171
f 336/336 411/411 412/412
f 336/336 314/314 411/411
f 157/157 160/160 168/168
f 157/157 165/165 164/164
f 157/157 159/159 160/160
f 157/157 164/164 158/158
f 157/157 158/158 159/159
f 1509/1509 169/169 1510/1510
f 335/335 341/341 340/340
f 335/335 340/340 322/322
f 169/169 1514/1514 1510/1510
f 169/169 161/161 1531/1531
f 169/169 1517/1517 1514/1514
f 169/169 1531/1531 1517/1517
f 1503/1503 1510/1510 1514/1514
f 1503/1503 1514/1514 1516/1516
f 1552/1552 1550/1550 1618/1618
f 1552/1552 1618/1618 1614/1614
f 1814/1814 1802/1802 1560/1560
f 1814/1814 1786/1786 1802/1802
f 165/165 170/170 164/164
f 161/161 163/163 1531/1531
f 160/160 159/159 162/162
f 1550/1550 1540/1540 1633/1633
f 1550/1550 1633/1633 1618/1618
f 471/471 453/453 452/452
f 471/471 452/452 481/481
f 453/453 412/412 446/446
f 453/453 446/446 452/452
f 331/331 3080/3080 317/317
f 331/331 3086/3086 3080/3080
f 331/331 326/326 3086/3086
f 3080/3080 3094/3094 317/317
f 3079/3079 3083/3083 3093/3093
f 3079/3079 3085/3085 3081/3081
f 3079/3079 3081/3081 3083/3083
f 456/456 509/509 455/455
f 456/456 348/348 341/341
f 456/456 455/455 348/348
f 509/509 523/523 455/455
f 1778/1778 1777/1777 1775/1775
f 1778/1778 1781/1781 1782/1782
f 1778/1778 1775/1775 1781/1781
f 1777/1777 1771/1771 1770/1770
f 1777/1777 1770/1770 1775/1775
f 1560/1560 1812/1812 1562/1562
f 1560/1560 1802/1802 1812/1812
f 1518/1518 1519/1519 1515/1515
f 1518/1518 1521/1521 1519/1519
f 1514/1514 1517/1517 1516/1516
f 1516/1516 1517/1517 1520/1520
f 1540/1540 1542/1542 1644/1644
f 1540/1540 1644/1644 1633/1633
f 1611/1611 1608/1608 1610/1610
f 1611/1611 1614/1614 1612/1612
f 1611/1611 1612/1612 1608/1608
f 1610/1610 1603/1603 1604/1604
f 1610/1610 1608/1608 1603/1603
f 1782/1782 1784/1784 1786/1786
f 1782/1782 1781/1781 1784/1784
f 1771/1771 1756/1756 1749/1749
f 1771/1771 1749/1749 1770/1770
f 412/412 411/411 413/413
f 412/412 413/413 446/446
f 317/317 3094/3094 315/315
f 318/318 316/316 314/314
f 3093/3093 3083/3083 3095/3095
f 3093/3093 3095/3095 3097/3097
f 3094/3094 3098/3098 315/315
f 327/327 3092/3092 3087/3087
f 325/325 322/322 323/323
f 327/327 324/324 3092/3092
f 3085/3085 3088/3088 3081/3081
f 3085/3085 3091/3091 3088/3088
f 341/341 342/342 340/340
f 341/341 348/348 342/342
f 1614/1614 1618/1618 1615/1615
f 1614/1614 1615/1615 1612/1612
f 1604/1604 1582/1582 1589/1589
f 1604/1604 1603/1603 1582/1582
f 1558/1558 1561/1561 1563/1563
f 1558/1558 1563/1563 1521/1521
f 1538/1538 1520/1520 1543/1543
f 1538/1538 1543/1543 1541/1541
f 1562/1562 1817/1817 1564/1564
f 1562/1562 1812/1812 1817/1817
f 1521/1521 1565/1565 1519/1519
f 1521/1521 1563/1563 1565/1565
f 303/303 3096/3096 3084/3084
f 303/303 3084/3084 306/306
f 303/303 297/297 3096/3096
f 302/302 299/299 296/296
f 302/302 305/305 299/299
f 3084/3084 3082/3082 306/306
f 1520/1520 1517/1517 1553/1553
f 1520/1520 1553/1553 1543/1543
f 1542/1542 1544/1544 1647/1647
f 1542/1542 1647/1647 1644/1644
f 1786/1786 1788/1788 1802/1802
f 1786/1786 1784/1784 1788/1788
f 1533/1533 1519/1519 1565/1565
f 1533/1533 181/181 171/171
f 1534/1534 1567/1567 1819/1819
f 1534/1534 1819/1819 1537/1537
f 1533/1533 1536/1536 181/181
f 314/314 304/304 411/411
f 314/314 316/316 312/312
f 314/314 312/312 304/304
f 322/322 319/319 323/323
f 322/322 340/340 310/310
f 322/322 310/310 319/319
f 1517/1517 1531/1531 1553/1553
f 1531/1531 163/163 82/82
f 1532/1532 1648/1648 1554/1554
f 1532/1532 83/83 1648/1648
f 1618/1618 1633/1633 1619/1619
f 1618/1618 1619/1619 1615/1615
f 1756/1756 482/482 1750/1750
f 1756/1756 1750/1750 1749/1749
f 297/297 3101/3101 3096/3096
f 297/297 313/313 3101/3101
f 296/296 304/304 312/312
f 296/296 301/301 304/304
f 296/296 299/299 301/301
f 3095/3095 3099/3099 3097/3097
f 306/306 3082/3082 320/320
f 305/305 319/319 310/310
f 305/305 310/310 309/309
f 305/305 309/309 299/299
f 3082/3082 3089/3089 320/320
f 1589/1589 1583/1583 524/524
f 1589/1589 1582/1582 1583/1583
f 170/170 179/179 177/177
f 170/170 177/177 164/164
f 452/452 446/446 448/448
f 452/452 448/448 481/481
f 455/455 447/447 348/348
f 455/455 523/523 447/447
f 163/163 72/72 82/82
f 162/162 74/74 71/71
f 162/162 159/159 74/74
f 2589/2589 2789/2789 1780/1780
f 2589/2589 2591/2591 2789/2789
f 2589/2589 1780/1780 1774/1774
f 2590/2590 1776/1776 2581/2581
f 2590/2590 2581/2581 2592/2592
f 2789/2789 1783/1783 1780/1780
f 2789/2789 2591/2591 2787/2787
f 2789/2789 2787/2787 2431/2431
f 2789/2789 2431/2431 1783/1783
f 411/411 398/398 413/413
f 411/411 304/304 398/398
f 315/315 3098/3098 311/311
f 3098/3098 3100/3100 311/311
f 324/324 3090/3090 3092/3092
f 324/324 321/321 3090/3090
f 340/340 342/342 343/343
f 340/340 343/343 310/310
f 1613/1613 2783/2783 2642/2642
f 1613/1613 1617/1617 2783/2783
f 1613/1613 2642/2642 1609/1609
f 2783/2783 2644/2644 2642/2642
f 2783/2783 2781/2781 2644/2644
f 2783/2783 2400/2400 2781/2781
f 2783/2783 1617/1617 2400/2400
f 2641/2641 2633/2633 1607/1607
f 2641/2641 2643/2643 2633/2633
f 1776/1776 1773/1773 2581/2581
f 1775/1775 1770/1770 1772/1772
f 446/446 413/413 414/414
f 446/446 414/414 448/448
f 348/348 347/347 342/342
f 348/348 447/447 347/347
f 1607/1607 2633/2633 1605/1605
f 1608/1608 1606/1606 1603/1603
f 1802/1802 1803/1803 1812/1812
f 1802/1802 1788/1788 1803/1803
f 1564/1564 1818/1818 1566/1566
f 1564/1564 1817/1817 1818/1818
f 1544/1544 1555/1555 1649/1649
f 1544/1544 1649/1649 1647/1647
f 1633/1633 1644/1644 1634/1634
f 1633/1633 1634/1634 1619/1619
f 2591/2591 2601/2601 2787/2787
f 2592/2592 2581/2581 2580/2580
f 2592/2592 2580/2580 2602/2602
f 2644/2644 2781/2781 2654/2654
f 2643/2643 2632/2632 2633/2633
f 2643/2643 2653/2653 2632/2632
f 2787/2787 2435/2435 2431/2431
f 2787/2787 2788/2788 2435/2435
f 2787/2787 2601/2601 2788/2788
f 481/481 448/448 473/473
f 482/482 474/474 1750/1750
f 523/523 521/521 447/447
f 524/524 1583/1583 522/522
f 2781/2781 2400/2400 2404/2404
f 2781/2781 2404/2404 2782/2782
f 2781/2781 2782/2782 2654/2654
f 2581/2581 2578/2578 2580/2580
f 2581/2581 1773/1773 2583/2583
f 2581/2581 2583/2583 2578/2578
f 2432/2432 1790/1790 1785/1785
f 2432/2432 2436/2436 2421/2421
f 2432/2432 2421/2421 1790/1790
f 1784/1784 1789/1789 1788/1788
f 413/413 408/408 414/414
f 413/413 398/398 408/408
f 342/342 347/347 346/346
f 342/342 346/346 343/343
f 1616/1616 1621/1621 2399/2399
f 1615/1615 1619/1619 1620/1620
f 2399/2399 2386/2386 2403/2403
f 2399/2399 1621/1621 2386/2386
f 2633/2633 2632/2632 2630/2630
f 2633/2633 2634/2634 1605/1605
f 2633/2633 2630/2630 2634/2634
f 1770/1770 1737/1737 1772/1772
f 1770/1770 1749/1749 1737/1737
f 1603/1603 1570/1570 1582/1582
f 1603/1603 1606/1606 1570/1570
f 1812/1812 1815/1815 1817/1817
f 1812/1812 1810/1810 1815/1815
f 1812/1812 1803/1803 1810/1810
f 1644/1644 1647/1647 1646/1646
f 1644/1644 1646/1646 1643/1643
f 1644/1644 1643/1643 1634/1634
f 1817/1817 1815/1815 1818/1818
f 1647/1647 1649/1649 1646/1646
f 2580/2580 2572/2572 2602/2602
f 2580/2580 2578/2578 2572/2572
f 2435/2435 2788/2788 2433/2433
f 2436/2436 2434/2434 2421/2421
f 1819/1819 1816/1816 1537/1537
f 448/448 414/414 443/443
f 448/448 443/443 457/457
f 448/448 457/457 473/473
f 447/447 436/436 347/347
f 447/447 461/461 436/436
f 447/447 521/521 461/461
f 1648/1648 83/83 1645/1645
f 2404/2404 2402/2402 2782/2782
f 2403/2403 2386/2386 2401/2401
f 2632/2632 2653/2653 2624/2624
f 2632/2632 2624/2624 2630/2630
f 1772/1772 1737/1737 1740/1740
f 1773/1773 1741/1741 2583/2583
f 1749/1749 1750/1750 1744/1744
f 1749/1749 1744/1744 1737/1737
f 1582/1582 1577/1577 1583/1583
f 1582/1582 1570/1570 1577/1577
f 1606/1606 1573/1573 1570/1570
f 1605/1605 2634/2634 1571/1571
f 2601/2601 2603/2603 2788/2788
f 2602/2602 2572/2572 2604/2604
f 2788/2788 2790/2790 2433/2433
f 2788/2788 2603/2603 2790/2790
f 414/414 415/415 443/443
f 414/414 408/408 415/415
f 347/347 436/436 349/349
f 347/347 349/349 346/346
f 2782/2782 2656/2656 2654/2654
f 2782/2782 2402/2402 2784/2784
f 2782/2782 2784/2784 2656/2656
f 2653/2653 2655/2655 2624/2624
f 1789/1789 1791/1791 1788/1788
f 1790/1790 2421/2421 1792/1792
f 1788/1788 1793/1793 1803/1803
f 1788/1788 1791/1791 1793/1793
f 1535/1535 2989/2989 180/180
f 1537/1537 1816/1816 2516/2516
f 1535/1535 2515/2515 2989/2989
f 304/304 397/397 398/398
f 304/304 301/301 397/397
f 3016/3016 2994/2994 298/298
f 3016/3016 298/298 2869/2869
f 3016/3016 2867/2867 2994/2994
f 3016/3016 2869/2869 2867/2867
f 310/310 343/343 356/356
f 310/310 356/356 309/309
f 81/81 70/70 79/79
f 83/83 80/80 1645/1645
f 1619/1619 1622/1622 1620/1620
f 1619/1619 1634/1634 1624/1624
f 1619/1619 1624/1624 1622/1622
f 1621/1621 1623/1623 2386/2386
f 298/298 2994/2994 300/300
f 298/298 307/307 2869/2869
f 2572/2572 2569/2569 2604/2604
f 2572/2572 2570/2570 2569/2569
f 2572/2572 2578/2578 2570/2570
f 180/180 2989/2989 2988/2988
f 180/180 2988/2988 178/178
f 2993/2993 2866/2866 2872/2872
f 2994/2994 396/396 300/300
f 2994/2994 2991/2991 396/396
f 2993/2993 2992/2992 2990/2990
f 2993/2993 2872/2872 2992/2992
f 2868/2868 2871/2871 2873/2873
f 2870/2870 308/308 355/355
f 2870/2870 355/355 2875/2875
f 2871/2871 2876/2876 2874/2874
f 2871/2871 2874/2874 2873/2873
f 70/70 69/69 79/79
f 70/70 65/65 69/69
f 70/70 73/73 65/65
f 2624/2624 2655/2655 2621/2621
f 2624/2624 2621/2621 2623/2623
f 2624/2624 2623/2623 2630/2630
f 2434/2434 2424/2424 2421/2421
f 2433/2433 2790/2790 2437/2437
f 2434/2434 2438/2438 2424/2424
f 2421/2421 2424/2424 2418/2418
f 2421/2421 2418/2418 1792/1792
f 1750/1750 474/474 1748/1748
f 1750/1750 1748/1748 1744/1744
f 398/398 379/379 408/408
f 398/398 397/397 379/379
f 343/343 346/346 353/353
f 343/343 353/353 356/356
f 1583/1583 1581/1581 522/522
f 1583/1583 1577/1577 1581/1581
f 2386/2386 2389/2389 2401/2401
f 2386/2386 2383/2383 2389/2389
f 2386/2386 1623/1623 2383/2383
f 2401/2401 2389/2389 2405/2405
f 2402/2402 2406/2406 2784/2784
f 443/443 444/444 457/457
f 443/443 415/415 444/444
f 436/436 461/461 437/437
f 436/436 437/437 349/349
f 1816/1816 1811/1811 2516/2516
f 1645/1645 80/80 1642/1642
f 1803/1803 1808/1808 1810/1810
f 1803/1803 1793/1793 1808/1808
f 1634/1634 1643/1643 1641/1641
f 1634/1634 1641/1641 1624/1624
f 1737/1737 1738/1738 1740/1740
f 1737/1737 1744/1744 1738/1738
f 408/408 406/406 415/415
f 408/408 379/379 406/406
f 346/346 349/349 351/351
f 346/346 351/351 353/353
f 1570/1570 1574/1574 1577/1577
f 1570/1570 1573/1573 1574/1574
f 2603/2603 2605/2605 2790/2790
f 2604/2604 2569/2569 2606/2606
f 473/473 457/457 483/483
f 474/474 484/484 1748/1748
f 521/521 526/526 461/461
f 522/522 1581/1581 527/527
f 2656/2656 2784/2784 2659/2659
f 2655/2655 2658/2658 2621/2621
f 2790/2790 2791/2791 2437/2437
f 2790/2790 2605/2605 2791/2791
f 2424/2424 2438/2438 2423/2423
f 2424/2424 2423/2423 2418/2418
f 395/395 2990/2990 390/390
f 397/397 392/392 379/379
f 2990/2990 2992/2992 2734/2734
f 2990/2990 2734/2734 390/390
f 355/355 357/357 2875/2875
f 356/356 353/353 359/359
f 2876/2876 2733/2733 2874/2874
f 2875/2875 357/357 2731/2731
f 2389/2389 2388/2388 2405/2405
f 2389/2389 2383/2383 2388/2388
f 2784/2784 2406/2406 2786/2786
f 2784/2784 2786/2786 2659/2659
f 2582/2582 1962/1962 1955/1955
f 2582/2582 1739/1739 1962/1962
f 2582/2582 1955/1955 2577/2577
f 1961/1961 1767/1767 1954/1954
f 1962/1962 1739/1739 1768/1768
f 2992/2992 2872/2872 2726/2726
f 2992/2992 2726/2726 2734/2734
f 2874/2874 2724/2724 2873/2873
f 2874/2874 2733/2733 2724/2724
f 1978/1978 1572/1572 2635/2635
f 1978/1978 2635/2635 1972/1972
f 1978/1978 1601/1601 1572/1572
f 1977/1977 1970/1970 1600/1600
f 2635/2635 2631/2631 1972/1972
f 2569/2569 2570/2570 2560/2560
f 2569/2569 2568/2568 2606/2606
f 2569/2569 2560/2560 2568/2568
f 2515/2515 2987/2987 2989/2989
f 2516/2516 1811/1811 1809/1809
f 2516/2516 1809/1809 1797/1797
f 2516/2516 1797/1797 1828/1828
f 2515/2515 1826/1826 2987/2987
f 2872/2872 2728/2728 2726/2726
f 2873/2873 2724/2724 2730/2730
f 80/80 1640/1640 1642/1642
f 79/79 69/69 77/77
f 80/80 1628/1628 1640/1640
f 80/80 78/78 1628/1628
f 2621/2621 2613/2613 2623/2623
f 2621/2621 2658/2658 2620/2620
f 2621/2621 2620/2620 2613/2613
f 2438/2438 2442/2442 2423/2423
f 2437/2437 2791/2791 2441/2441
f 2579/2579 1956/1956 1948/1948
f 2579/2579 1948/1948 2571/2571
f 1954/1954 1767/1767 1947/1947
f 1769/1769 1740/1740 1752/1752
f 1767/1767 1751/1751 1947/1947
f 1740/1740 1738/1738 1742/1742
f 1740/1740 1742/1742 1752/1752
f 1744/1744 1748/1748 1747/1747
f 1744/1744 1747/1747 1738/1738
f 1577/1577 1580/1580 1581/1581
f 1577/1577 1574/1574 1580/1580
f 1602/1602 1585/1585 1573/1573
f 1600/1600 1970/1970 1963/1963
f 1600/1600 1963/1963 1584/1584
f 1573/1573 1575/1575 1574/1574
f 1573/1573 1585/1585 1575/1575
f 1971/1971 2629/2629 1964/1964
f 2629/2629 2622/2622 1964/1964
f 2405/2405 2388/2388 2410/2410
f 2406/2406 2411/2411 2786/2786
f 2989/2989 2987/2987 2988/2988
f 69/69 45/45 77/77
f 69/69 65/65 45/45
f 457/457 444/444 465/465
f 457/457 465/465 485/485
f 457/457 485/485 483/483
f 461/461 469/469 437/437
f 461/461 529/529 469/469
f 461/461 526/526 529/529
f 1791/1791 1794/1794 1793/1793
f 1792/1792 2418/2418 1795/1795
f 1622/1622 1624/1624 1625/1625
f 1623/1623 1626/1626 2383/2383
f 2423/2423 2419/2419 2418/2418
f 2423/2423 2442/2442 2426/2426
f 2423/2423 2426/2426 2419/2419
f 1748/1748 484/484 1754/1754
f 1748/1748 1754/1754 1747/1747
f 3163/3163 445/445 416/416
f 3163/3163 416/416 589/589
f 3163/3163 3161/3161 445/445
f 3162/3162 3157/3157 3160/3160
f 3162/3162 588/588 3157/3157
f 416/416 407/407 589/589
f 2735/2735 388/388 391/391
f 2735/2735 2727/2727 388/388
f 2732/2732 358/358 376/376
f 2732/2732 376/376 2723/2723
f 350/350 438/438 3181/3181
f 350/350 3181/3181 583/583
f 350/350 583/583 352/352
f 3181/3181 438/438 3179/3179
f 3180/3180 3178/3178 3175/3175
f 3180/3180 3175/3175 581/581
f 1581/1581 1588/1588 527/527
f 1581/1581 1580/1580 1588/1588
f 2388/2388 2383/2383 2385/2385
f 2388/2388 2391/2391 2410/2410
f 2388/2388 2385/2385 2391/2391
f 2571/2571 1948/1948 1950/1950
f 2571/2571 1950/1950 2561/2561
f 1947/1947 1751/1751 1949/1949
f 1793/1793 1796/1796 1808/1808
f 1793/1793 1794/1794 1796/1796
f 3161/3161 467/467 445/445
f 3161/3161 3156/3156 467/467
f 3160/3160 3157/3157 3155/3155
f 392/392 378/378 379/379
f 392/392 389/389 378/378
f 359/359 353/353 361/361
f 359/359 361/361 377/377
f 438/438 470/470 3179/3179
f 3179/3179 470/470 3174/3174
f 3178/3178 3173/3173 3175/3175
f 1624/1624 1641/1641 1627/1627
f 1624/1624 1627/1627 1625/1625
f 1964/1964 2622/2622 1966/1966
f 1963/1963 1965/1965 1584/1584
f 2622/2622 2612/2612 1966/1966
f 379/379 401/401 406/406
f 379/379 380/380 401/401
f 379/379 378/378 380/380
f 353/353 351/351 354/354
f 353/353 354/354 360/360
f 353/353 360/360 361/361
f 587/587 406/406 575/575
f 588/588 576/576 3157/3157
f 406/406 401/401 575/575
f 351/351 582/582 572/572
f 351/351 572/572 354/354
f 581/581 3175/3175 571/571
f 2607/2607 2609/2609 2792/2792
f 2606/2606 2568/2568 2608/2608
f 2792/2792 3149/3149 2443/2443
f 2792/2792 2609/2609 3149/3149
f 1738/1738 1747/1747 1743/1743
f 1738/1738 1743/1743 1742/1742
f 2729/2729 2725/2725 2727/2727
f 2729/2729 2723/2723 2725/2725
f 1574/1574 1576/1576 1580/1580
f 1574/1574 1575/1575 1576/1576
f 2785/2785 2660/2660 2657/2657
f 2785/2785 2409/2409 3140/3140
f 2785/2785 3140/3140 2660/2660
f 2658/2658 2661/2661 2620/2620
f 3155/3155 486/486 466/466
f 3155/3155 3152/3152 486/486
f 3155/3155 3157/3157 3152/3152
f 388/388 2727/2727 393/393
f 389/389 394/394 364/364
f 389/389 364/364 378/378
f 2727/2727 2725/2725 393/393
f 376/376 393/393 2723/2723
f 377/377 364/364 394/394
f 377/377 361/361 364/364
f 2723/2723 393/393 2725/2725
f 468/468 528/528 3173/3173
f 3173/3173 528/528 3170/3170
f 3173/3173 3170/3170 3175/3175
f 2568/2568 2560/2560 2565/2565
f 2568/2568 2565/2565 2608/2608
f 2418/2418 2420/2420 1795/1795
f 2418/2418 2419/2419 2420/2420
f 2383/2383 1626/1626 2384/2384
f 2383/2383 2384/2384 2385/2385
f 2620/2620 2614/2614 2613/2613
f 2620/2620 2661/2661 2614/2614
f 2442/2442 2448/2448 2426/2426
f 2443/2443 3149/3149 2449/2449
f 483/483 485/485 487/487
f 484/484 488/488 1754/1754
f 526/526 533/533 529/529
f 527/527 1588/1588 534/534
f 2410/2410 2391/2391 2417/2417
f 2409/2409 2416/2416 3140/3140
f 575/575 401/401 573/573
f 576/576 574/574 3157/3157
f 401/401 410/410 573/573
f 401/401 380/380 410/410
f 354/354 572/572 570/570
f 354/354 375/375 360/360
f 354/354 570/570 375/375
f 571/571 3175/3175 569/569
f 2426/2426 2448/2448 2427/2427
f 2426/2426 2427/2427 2419/2419
f 3152/3152 490/490 486/486
f 3152/3152 3150/3150 490/490
f 3152/3152 3157/3157 3150/3150
f 485/485 489/489 487/487
f 528/528 535/535 3170/3170
f 529/529 533/533 536/536
f 3170/3170 535/535 3168/3168
f 3170/3170 3168/3168 3175/3175
f 2391/2391 2392/2392 2417/2417
f 2391/2391 2385/2385 2392/2392
f 2561/2561 1950/1950 1952/1952
f 2560/2560 2562/2562 2565/2565
f 2561/2561 1952/1952 2563/2563
f 1949/1949 1751/1751 1951/1951
f 1966/1966 2612/2612 1968/1968
f 1965/1965 1967/1967 1584/1584
f 2613/2613 2614/2614 2616/2616
f 2612/2612 2615/2615 1968/1968
f 2759/2759 1746/1746 2452/2452
f 2759/2759 2452/2452 2761/2761
f 2758/2758 2981/2981 1745/1745
f 2758/2758 2760/2760 2982/2982
f 2758/2758 2982/2982 2981/2981
f 2452/2452 1746/1746 2450/2450
f 2453/2453 2451/2451 2039/2039
f 2452/2452 2455/2455 2761/2761
f 2453/2453 2044/2044 2456/2456
f 2453/2453 2039/2039 2044/2044
f 1794/1794 1798/1798 1796/1796
f 1795/1795 2420/2420 1799/1799
f 2450/2450 1746/1746 1753/1753
f 2451/2451 1755/1755 1758/1758
f 2451/2451 2035/2035 2039/2039
f 2451/2451 1758/1758 2035/2035
f 1747/1747 1760/1760 1743/1743
f 1745/1745 2981/2981 1763/1763
f 1747/1747 1764/1764 1760/1760
f 1754/1754 488/488 1757/1757
f 1586/1586 1578/1578 2762/2762
f 1587/1587 2763/2763 1590/1590
f 1588/1588 1591/1591 534/534
f 1578/1578 66/66 2762/2762
f 1579/1579 2979/2979 67/67
f 1580/1580 1576/1576 1595/1595
f 1579/1579 1597/1597 2979/2979
f 1580/1580 1595/1595 1599/1599
f 1625/1625 1627/1627 1629/1629
f 1626/1626 1630/1630 2384/2384
f 2762/2762 66/66 2764/2764
f 2763/2763 2765/2765 2457/2457
f 2763/2763 2457/2457 2462/2462
f 2763/2763 2462/2462 1590/1590
f 2764/2764 66/66 60/60
f 2764/2764 60/60 57/57
f 2765/2765 59/59 63/63
f 2765/2765 63/63 2457/2457
f 68/68 50/50 61/61
f 67/67 2979/2979 49/49
f 2760/2760 2454/2454 2984/2984
f 2760/2760 2984/2984 2982/2982
f 2454/2454 2043/2043 2984/2984
f 1742/1742 1743/1743 1752/1752
f 573/573 410/410 579/579
f 574/574 580/580 3157/3157
f 410/410 380/380 382/382
f 410/410 409/409 579/579
f 410/410 382/382 409/409
f 380/380 378/378 381/381
f 380/380 381/381 382/382
f 378/378 364/364 363/363
f 378/378 363/363 381/381
f 361/361 360/360 362/362
f 361/361 363/363 364/364
f 361/361 362/362 363/363
f 360/360 375/375 369/369
f 360/360 369/369 362/362
f 375/375 570/570 578/578
f 375/375 374/374 369/369
f 375/375 578/578 374/374
f 569/569 3175/3175 577/577
f 1575/1575 1585/1585 1576/1576
f 58/58 61/61 51/51
f 58/58 51/51 56/56
f 58/58 56/56 62/62
f 61/61 50/50 51/51
f 2609/2609 2611/2611 3149/3149
f 2608/2608 2565/2565 2610/2610
f 1743/1743 1760/1760 1752/1752
f 1576/1576 1585/1585 1595/1595
f 2660/2660 3140/3140 2662/2662
f 2661/2661 2663/2663 2614/2614
f 3149/3149 3148/3148 2449/2449
f 3149/3149 2611/2611 3148/3148
f 2565/2565 2562/2562 2566/2566
f 2565/2565 2566/2566 2610/2610
f 1796/1796 1798/1798 1800/1800
f 1797/1797 1801/1801 1828/1828
f 1627/1627 1631/1631 1629/1629
f 1628/1628 78/78 1632/1632
f 3140/3140 2416/2416 3139/3139
f 3140/3140 3139/3139 2662/2662
f 2614/2614 2618/2618 2616/2616
f 2614/2614 2663/2663 2618/2618
f 2448/2448 2439/2439 2427/2427
f 2449/2449 3148/3148 2440/2440
f 2417/2417 2392/2392 2408/2408
f 2416/2416 2407/2407 3139/3139
f 2981/2981 2982/2982 1763/1763
f 2979/2979 1597/1597 49/49
f 487/487 489/489 491/491
f 487/487 491/491 495/495
f 488/488 496/496 1757/1757
f 3150/3150 492/492 490/490
f 3150/3150 3157/3157 3151/3151
f 3150/3150 3151/3151 492/492
f 535/535 540/540 3168/3168
f 536/536 533/533 537/537
f 536/536 537/537 541/541
f 3168/3168 3169/3169 3175/3175
f 3168/3168 540/540 3169/3169
f 534/534 1591/1591 538/538
f 2427/2427 2430/2430 2419/2419
f 2427/2427 2439/2439 2430/2430
f 2392/2392 2385/2385 2398/2398
f 2392/2392 2398/2398 2408/2408
f 2564/2564 1953/1953 1958/1958
f 2562/2562 2567/2567 2566/2566
f 2564/2564 1958/1958 2574/2574
f 2562/2562 2573/2573 2567/2567
f 1951/1951 1751/1751 1957/1957
f 1969/1969 2617/2617 1974/1974
f 1967/1967 1973/1973 1584/1584
f 2616/2616 2618/2618 2619/2619
f 2617/2617 2626/2626 1974/1974
f 2616/2616 2619/2619 2625/2625
f 2420/2420 2419/2419 2422/2422
f 2420/2420 2422/2422 1799/1799
f 2384/2384 2387/2387 2385/2385
f 2384/2384 1630/1630 2387/2387
f 2419/2419 2430/2430 2425/2425
f 2419/2419 2425/2425 2422/2422
f 3157/3157 580/580 592/592
f 3157/3157 3154/3154 3151/3151
f 3157/3157 592/592 3167/3167
f 3157/3157 3159/3159 3154/3154
f 3157/3157 3167/3167 3165/3165
f 3157/3157 3165/3165 3159/3159
f 3175/3175 584/584 577/577
f 3175/3175 3169/3169 3171/3171
f 3175/3175 3184/3184 584/584
f 3175/3175 3171/3171 3176/3176
f 3175/3175 3182/3182 3184/3184
f 3175/3175 3176/3176 3182/3182
f 2385/2385 2390/2390 2398/2398
f 2385/2385 2387/2387 2390/2390
f 2566/2566 2599/2599 2610/2610
f 2566/2566 2567/2567 2599/2599
f 2618/2618 2663/2663 2652/2652
f 2618/2618 2652/2652 2619/2619
f 2611/2611 2600/2600 3148/3148
f 2662/2662 3139/3139 2651/2651
f 3148/3148 3147/3147 2440/2440
f 3148/3148 2600/2600 3147/3147
f 2574/2574 1958/1958 1960/1960
f 2574/2574 1960/1960 2585/2585
f 2573/2573 2584/2584 2576/2576
f 2573/2573 2575/2575 2567/2567
f 2573/2573 2576/2576 2575/2575
f 1957/1957 1751/1751 1959/1959
f 1800/1800 1798/1798 1804/1804
f 1800/1800 1804/1804 1806/1806
f 1801/1801 1807/1807 1828/1828
f 1631/1631 1635/1635 1629/1629
f 1631/1631 1638/1638 1635/1635
f 1632/1632 78/78 1639/1639
f 1974/1974 2626/2626 1976/1976
f 1973/1973 1975/1975 1584/1584
f 2626/2626 2637/2637 1976/1976
f 2625/2625 2628/2628 2636/2636
f 2625/2625 2619/2619 2627/2627
f 2625/2625 2627/2627 2628/2628
f 3139/3139 2407/2407 3138/3138
f 3139/3139 3138/3138 2651/2651
f 2439/2439 2446/2446 2430/2430
f 2440/2440 3147/3147 2447/2447
f 1752/1752 1760/1760 1821/1821
f 1751/1751 1820/1820 1959/1959
f 1585/1585 1652/1652 1595/1595
f 1584/1584 1975/1975 1650/1650
f 2408/2408 2398/2398 2415/2415
f 2407/2407 2414/2414 3138/3138
f 579/579 409/409 591/591
f 409/409 382/382 400/400
f 409/409 400/400 591/591
f 382/382 381/381 383/383
f 382/382 386/386 400/400
f 382/382 383/383 386/386
f 381/381 363/363 365/365
f 381/381 365/365 383/383
f 158/158 164/164 174/174
f 158/158 174/174 159/159
f 363/363 362/362 365/365
f 362/362 369/369 367/367
f 362/362 367/367 365/365
f 369/369 374/374 372/372
f 369/369 372/372 370/370
f 369/369 370/370 367/367
f 374/374 578/578 585/585
f 374/374 585/585 372/372
f 2430/2430 2446/2446 2425/2425
f 2398/2398 2390/2390 2415/2415
f 1762/1762 2588/2588 1822/1822
f 1761/1761 1765/1765 2587/2587
f 1594/1594 1651/1651 2640/2640
f 1593/1593 2639/2639 1598/1598
f 2585/2585 1960/1960 1822/1822
f 2585/2585 1822/1822 2588/2588
f 2584/2584 2587/2587 2586/2586
f 2584/2584 2586/2586 2576/2576
f 2587/2587 1765/1765 2586/2586
f 3151/3151 460/460 492/492
f 3151/3151 3154/3154 460/460
f 491/491 459/459 495/495
f 164/164 177/177 175/175
f 164/164 175/175 174/174
f 159/159 176/176 74/74
f 159/159 174/174 176/176
f 540/540 462/462 3169/3169
f 541/541 537/537 463/463
f 3169/3169 462/462 3171/3171
f 1651/1651 2637/2637 2640/2640
f 1651/1651 1976/1976 2637/2637
f 2639/2639 2636/2636 2638/2638
f 2639/2639 2638/2638 1598/1598
f 2636/2636 2628/2628 2638/2638
f 1799/1799 2422/2422 1805/1805
f 1630/1630 1637/1637 2387/2387
f 2567/2567 2575/2575 2599/2599
f 2619/2619 2652/2652 2627/2627
f 590/590 399/399 3166/3166
f 399/399 417/417 3166/3166
f 400/400 386/386 418/418
f 373/373 586/586 3185/3185
f 373/373 3185/3185 403/403
f 372/372 402/402 370/370
f 2600/2600 3146/3146 3147/3147
f 2599/2599 2575/2575 2597/2597
f 2600/2600 2598/2598 3146/3146
f 2651/2651 3138/3138 3137/3137
f 2652/2652 2650/2650 2627/2627
f 2651/2651 3137/3137 2649/2649
f 3147/3147 3146/3146 2447/2447
f 2446/2446 2444/2444 2425/2425
f 2447/2447 3146/3146 2445/2445
f 2425/2425 2428/2428 2422/2422
f 2425/2425 2444/2444 2428/2428
f 3153/3153 441/441 458/458
f 3153/3153 3158/3158 441/441
f 459/459 442/442 439/439
f 459/459 493/493 495/495
f 459/459 439/439 493/493
f 464/464 435/435 3172/3172
f 463/463 432/432 434/434
f 463/463 537/537 530/530
f 463/463 530/530 432/432
f 3172/3172 435/435 3177/3177
f 2390/2390 2413/2413 2415/2415
f 2390/2390 2387/2387 2394/2394
f 2390/2390 2394/2394 2413/2413
f 2414/2414 3137/3137 3138/3138
f 2414/2414 2412/2412 3137/3137
f 2422/2422 2428/2428 1825/1825
f 2422/2422 1825/1825 1805/1805
f 3166/3166 417/417 3164/3164
f 417/417 430/430 3164/3164
f 418/418 419/419 431/431
f 418/418 386/386 419/419
f 403/403 3185/3185 3183/3183
f 403/403 3183/3183 429/429
f 402/402 428/428 404/404
f 402/402 404/404 370/370
f 2387/2387 2397/2397 2394/2394
f 2387/2387 1637/1637 2397/2397
f 3158/3158 430/430 441/441
f 3158/3158 3164/3164 430/430
f 442/442 431/431 439/439
f 435/435 429/429 3177/3177
f 434/434 432/432 428/428
f 3177/3177 429/429 3183/3183
f 2575/2575 2576/2576 2597/2597
f 431/431 419/419 439/439
f 428/428 432/432 404/404
f 2627/2627 2650/2650 2628/2628
f 2429/2429 2445/2445 3144/3144
f 2429/2429 3144/3144 1824/1824
f 2393/2393 3135/3135 2412/2412
f 2393/2393 2395/2395 3135/3135
f 2598/2598 2596/2596 3146/3146
f 2597/2597 2576/2576 2595/2595
f 2445/2445 3146/3146 3144/3144
f 2412/2412 3135/3135 3137/3137
f 2649/2649 3137/3137 2647/2647
f 2650/2650 2648/2648 2628/2628
f 3146/3146 2596/2596 3145/3145
f 3146/3146 3145/3145 3144/3144
f 3137/3137 3135/3135 3136/3136
f 3137/3137 3136/3136 2647/2647
f 2576/2576 2586/2586 2595/2595
f 2628/2628 2648/2648 2638/2638
f 1806/1806 1804/1804 1823/1823
f 1806/1806 1823/1823 1827/1827
f 1639/1639 2396/2396 1636/1636
f 1639/1639 78/78 2396/2396
f 2586/2586 2593/2593 2595/2595
f 2586/2586 1765/1765 2593/2593
f 1824/1824 3144/3144 3141/3141
f 1823/1823 1829/1829 1827/1827
f 1824/1824 3141/3141 1830/1830
f 2396/2396 78/78 2518/2518
f 2395/2395 3133/3133 3135/3135
f 2395/2395 2517/2517 3133/3133
f 2638/2638 2648/2648 2646/2646
f 2638/2638 2646/2646 1598/1598
f 2596/2596 2594/2594 3145/3145
f 2987/2987 1826/1826 2985/2985
f 2987/2987 2986/2986 2988/2988
f 2987/2987 2985/2985 2986/2986
f 3144/3144 3145/3145 3143/3143
f 3144/3144 3143/3143 3141/3141
f 1827/1827 1829/1829 1832/1832
f 1826/1826 1831/1831 2985/2985
f 73/73 75/75 65/65
f 74/74 176/176 76/76
f 77/77 45/45 106/106
f 78/78 107/107 2518/2518
f 3135/3135 3133/3133 3134/3134
f 3135/3135 3134/3134 3136/3136
f 45/45 65/65 64/64
f 45/45 47/47 106/106
f 45/45 46/46 47/47
f 45/45 64/64 46/46
f 2647/2647 3136/3136 2645/2645
f 3145/3145 2594/2594 3143/3143
f 3141/3141 3142/3142 1830/1830
f 3141/3141 3143/3143 3142/3142
f 1830/1830 3142/3142 1835/1835
f 1829/1829 1834/1834 1832/1832
f 2517/2517 3132/3132 3133/3133
f 2517/2517 2519/2519 3132/3132
f 2518/2518 107/107 2521/2521
f 3133/3133 3132/3132 3134/3134
f 3136/3136 3134/3134 2645/2645
f 2594/2594 3142/3142 3143/3143
f 2594/2594 1766/1766 3142/3142
f 2645/2645 3132/3132 1596/1596
f 2645/2645 3134/3134 3132/3132
f 1766/1766 1835/1835 3142/3142
f 1763/1763 2983/2983 1833/1833
f 1763/1763 2982/2982 2983/2983
f 1596/1596 3132/3132 2519/2519
f 1597/1597 2520/2520 2980/2980
f 1597/1597 2980/2980 49/49
f 51/51 50/50 48/48
f 51/51 52/52 56/56
f 51/51 48/48 46/46
f 51/51 46/46 52/52
f 1833/1833 2983/2983 2982/2982
f 1833/1833 2982/2982 1831/1831
f 2520/2520 49/49 2980/2980
f 2520/2520 105/105 49/49
f 2988/2988 137/137 178/178
f 2988/2988 2986/2986 137/137
f 65/65 75/75 64/64
f 1831/1831 2982/2982 2984/2984
f 1831/1831 2984/2984 2985/2985
f 271/271 2038/2038 2034/2034
f 270/270 285/285 2037/2037
f 271/271 2034/2034 263/263
f 269/269 262/262 265/265
f 269/269 282/282 284/284
f 269/269 265/265 282/282
f 2038/2038 2036/2036 2034/2034
f 2038/2038 2040/2040 2036/2036
f 2038/2038 2042/2042 2040/2040
f 2037/2037 285/285 2041/2041
f 106/106 47/47 50/50
f 2034/2034 268/268 263/263
f 2034/2034 2036/2036 497/497
f 2034/2034 497/497 494/494
f 2034/2034 494/494 268/268
f 50/50 47/47 48/48
f 2985/2985 2984/2984 287/287
f 2985/2985 287/287 2986/2986
f 47/47 46/46 48/48
f 262/262 264/264 265/265
f 262/262 266/266 264/264
f 2289/2289 2283/2283 2287/2287
f 2288/2288 289/289 2282/2282
f 2289/2289 2287/2287 281/281
f 2288/2288 280/280 289/289
f 2036/2036 1759/1759 497/497
f 2283/2283 2281/2281 2287/2287
f 2282/2282 289/289 421/421
f 2283/2283 387/387 2281/2281
f 2283/2283 2286/2286 387/387
f 2282/2282 421/421 2285/2285
f 2469/2469 2467/2467 104/104
f 2468/2468 539/539 2466/2466
f 2469/2469 104/104 99/99
f 2468/2468 532/532 539/539
f 2469/2469 99/99 295/295
f 2468/2468 294/294 532/532
f 2464/2464 53/53 103/103
f 2466/2466 539/539 1592/1592
f 2466/2466 1592/1592 2463/2463
f 2466/2466 2463/2463 2461/2461
f 2465/2465 2460/2460 55/55
f 104/104 101/101 99/99
f 102/102 52/52 100/100
f 100/100 52/52 98/98
f 56/56 52/52 62/62
f 2045/2045 2040/2040 2042/2042
f 2043/2043 2041/2041 287/287
f 2043/2043 287/287 2984/2984
f 281/281 2287/2287 278/278
f 279/279 274/274 288/288
f 279/279 277/277 274/274
f 2457/2457 63/63 54/54
f 2458/2458 2461/2461 2463/2463
f 2457/2457 54/54 2459/2459
f 2041/2041 285/285 287/287
f 2287/2287 2281/2281 293/293
f 2287/2287 293/293 278/278
f 97/97 290/290 292/292
f 98/98 52/52 90/90
f 97/97 89/89 290/290
f 284/284 282/282 283/283
f 284/284 283/283 286/286
f 289/289 423/423 421/421
f 289/289 275/275 2522/2522
f 289/289 2522/2522 423/423
f 2281/2281 387/387 384/384
f 2281/2281 384/384 366/366
f 2281/2281 366/366 368/368
f 2281/2281 368/368 371/371
f 2281/2281 371/371 405/405
f 2281/2281 405/405 293/293
f 277/277 273/273 274/274
f 278/278 293/293 291/291
f 277/277 290/290 273/273
f 265/265 272/272 282/282
f 265/265 264/264 272/272
f 2284/2284 420/420 385/385
f 386/386 422/422 419/419
f 282/282 272/272 283/283
f 177/177 139/139 175/175
f 178/178 137/137 140/140
f 494/494 440/440 268/268
f 422/422 424/424 419/419
f 419/419 425/425 439/439
f 419/419 424/424 425/425
f 405/405 433/433 293/293
f 2523/2523 276/276 267/267
f 2523/2523 267/267 426/426
f 2522/2522 478/478 423/423
f 2523/2523 426/426 480/480
f 274/274 264/264 266/266
f 274/274 273/273 264/264
f 175/175 144/144 174/174
f 175/175 139/139 144/144
f 440/440 427/427 268/268
f 433/433 531/531 293/293
f 174/174 148/148 176/176
f 174/174 144/144 148/148
f 176/176 95/95 76/76
f 176/176 182/182 95/95
f 176/176 148/148 182/182
f 52/52 46/46 86/86
f 52/52 88/88 90/90
f 52/52 86/86 88/88
f 424/424 479/479 425/425
f 290/290 89/89 273/273
f 287/287 135/135 2986/2986
f 286/286 283/283 133/133
f 264/264 273/273 272/272
f 2986/2986 135/135 137/137
f 75/75 92/92 64/64
f 75/75 94/94 92/92
f 46/46 64/64 92/92
f 46/46 92/92 86/86
f 273/273 89/89 132/132
f 273/273 132/132 272/272
f 89/89 130/130 132/132
f 89/89 87/87 130/130
f 272/272 111/111 283/283
f 272/272 132/132 111/111
f 283/283 111/111 133/133
f 2131/2131 2120/2120 2061/2061
f 2132/2132 184/184 2121/2121
f 2132/2132 2062/2062 2073/2073
f 2132/2132 2073/2073 96/96
f 2132/2132 96/96 184/184
f 2120/2120 2059/2059 2061/2061
f 2120/2120 183/183 153/153
f 2120/2120 153/153 2122/2122
f 2120/2120 2122/2122 2059/2059
f 2060/2060 2057/2057 2072/2072
f 2060/2060 2058/2058 2057/2057
f 2073/2073 2067/2067 96/96
f 2072/2072 2057/2057 2066/2066
f 138/138 136/136 113/113
f 138/138 141/141 143/143
f 138/138 115/115 141/141
f 138/138 113/113 115/115
f 136/136 134/134 108/108
f 136/136 108/108 113/113
f 96/96 2067/2067 156/156
f 96/96 156/156 93/93
f 143/143 145/145 147/147
f 143/143 141/141 145/145
f 182/182 148/148 152/152
f 147/147 149/149 151/151
f 147/147 145/145 149/149
f 131/131 129/129 109/109
f 131/131 109/109 112/112
f 134/134 112/112 108/108
f 2066/2066 2057/2057 2065/2065
f 2066/2066 2065/2065 155/155
f 153/153 150/150 2122/2122
f 2122/2122 150/150 2123/2123
f 2122/2122 2123/2123 2059/2059
f 87/87 85/85 130/130
f 150/150 146/146 2123/2123
f 2058/2058 2046/2046 2057/2057
f 2059/2059 2123/2123 2047/2047
f 2065/2065 2057/2057 2063/2063
f 2065/2065 2063/2063 155/155
f 2057/2057 2050/2050 2063/2063
f 2057/2057 2046/2046 2050/2050
f 154/154 128/128 91/91
f 155/155 2063/2063 127/127
f 146/146 2126/2126 2123/2123
f 146/146 142/142 2126/2126
f 129/129 84/84 121/121
f 129/129 121/121 109/109
f 91/91 128/128 84/84
f 84/84 128/128 126/126
f 84/84 126/126 110/110
f 84/84 110/110 121/121
f 2123/2123 2126/2126 2124/2124
f 2123/2123 2124/2124 2047/2047
f 127/127 2064/2064 124/124
f 127/127 2063/2063 2064/2064
f 142/142 116/116 2126/2126
f 125/125 2069/2069 122/122
f 126/126 123/123 110/110
f 124/124 2064/2064 2068/2068
f 113/113 108/108 110/110
f 113/113 110/110 115/115
f 2063/2063 2050/2050 2051/2051
f 2063/2063 2051/2051 2064/2064
f 112/112 109/109 108/108
f 2126/2126 2125/2125 2124/2124
f 2126/2126 116/116 2128/2128
f 2126/2126 2128/2128 2125/2125
f 2124/2124 2125/2125 2047/2047
f 121/121 110/110 109/109
f 122/122 2069/2069 2071/2071
f 122/122 2071/2071 119/119
f 123/123 120/120 110/110
f 2068/2068 2064/2064 2070/2070
f 108/108 109/109 110/110
f 115/115 110/110 118/118
f 114/114 117/117 2127/2127
f 118/118 110/110 120/120
f 117/117 119/119 2129/2129
f 117/117 2129/2129 2127/2127
f 119/119 2071/2071 2075/2075
f 119/119 2075/2075 2129/2129
f 2125/2125 2049/2049 2047/2047
f 2125/2125 2128/2128 2056/2056
f 2125/2125 2056/2056 2049/2049
f 2046/2046 2048/2048 2050/2050
f 2050/2050 2048/2048 2051/2051
f 2070/2070 2064/2064 2051/2051
f 2070/2070 2051/2051 2052/2052
f 2070/2070 2052/2052 2074/2074
f 2128/2128 2130/2130 2056/2056
f 2051/2051 2048/2048 2052/2052
f 2055/2055 2052/2052 2048/2048
f 2056/2056 2130/2130 2054/2054
f 2129/2129 2075/2075 2053/2053
f 2201/2201 2818/2818 755/755
f 711/711 2767/2767 705/705
f 717/717 703/703 2201/2201
f 717/717 2201/2201 755/755
f 787/787 2113/2113 2115/2115
f 2115/2115 725/725 740/740
f 787/787 2115/2115 740/740
f 222/222 2772/2772 2214/2214
f 223/223 2215/2215 2220/2220