mtllib girl_fixed.mtl

usemtl girl_fixed.mat

v -0.178674 0.174769 -0.034173
v -0.178674 0.174769 -0.034173
v -0.178674 0.174769 -0.034173
v -0.178674 0.174769 -0.034173
v -0.178674 0.174769 -0.057605
v -0.178674 0.174769 -0.057605
v -0.178674 0.174769 -0.057605
v -0.178674 0.174769 -0.057605
v -0.178674 0.174769 -0.057605
v -0.178674 0.174769 -0.057605
v -0.178674 0.174769 -0.057605
v -0.178674 0.174769 -0.036125
v -0.178674 0.174769 -0.036125
v -0.178674 0.174769 -0.036125
v 0.178674 0.174769 -0.034173
v 0.178674 0.174769 -0.034173
v 0.178674 0.174769 -0.034173
v 0.178674 0.174769 -0.036125
v 0.178674 0.174769 -0.036125
v 0.178674 0.174769 -0.036125
v 0.178674 0.174769 -0.057605
v 0.178674 0.174769 -0.057605
v 0.178674 0.174769 -0.057605
v 0.178674 0.174769 -0.057605
v 0.000976 -0.141572 -0.116187
v 0.000976 -0.141572 -0.116187
v 0.000976 -0.141572 -0.116187
v 0.026362 -0.141572 -0.110329
v 0.026362 -0.141572 -0.110329
v 0.026362 -0.141572 -0.110329
v 0.000976 -0.141572 -0.118140
v 0.000976 -0.141572 -0.118140
v 0.000976 -0.141572 -0.118140
v 0.000976 -0.141572 -0.118140
v -0.026362 -0.141572 -0.110329
v -0.026362 -0.141572 -0.110329
v -0.026362 -0.141572 -0.110329
v 0.288130 0.306012 -0.034173
v 0.288130 0.306012 -0.034173
v 0.288130 0.306012 -0.034173
v 0.288130 0.306012 -0.034173
v 0.288130 0.306012 -0.034173
v 0.288130 0.306012 -0.034173
v 0.288130 0.306012 -0.057605
v 0.288130 0.306012 -0.057605
v 0.288130 0.306012 -0.057605
v 0.288130 0.306012 -0.057605
v 0.288130 0.306012 -0.057605
v 0.288130 0.306012 -0.057605
v 0.290082 0.302107 -0.034173
v 0.290082 0.302107 -0.034173
v 0.290082 0.302107 -0.034173
v 0.290082 0.302107 -0.057605
v 0.290082 0.302107 -0.057605
v 0.290082 0.302107 -0.057605
v 0.290082 0.302107 -0.057605
v 0.192343 0.196249 -0.034173
v 0.192343 0.196249 -0.034173
v 0.192343 0.196249 -0.034173
v 0.192343 0.196249 -0.057605
v 0.192343 0.196249 -0.057605
v 0.192343 0.196249 -0.057605
v 0.192343 0.196249 -0.057605
v -0.288130 0.306012 -0.034173
v -0.288130 0.306012 -0.034173
v -0.288130 0.306012 -0.034173
v -0.288130 0.306012 -0.034173
v -0.288130 0.306012 -0.034173
v -0.288130 0.306012 -0.034173
v -0.290082 0.302107 -0.034173
v -0.290082 0.302107 -0.034173
v -0.290082 0.302107 -0.034173
v -0.288130 0.306012 -0.057605
v -0.288130 0.306012 -0.057605
v -0.288130 0.306012 -0.057605
v -0.288130 0.306012 -0.057605
v -0.288130 0.306012 -0.057605
v -0.290082 0.302107 -0.057605
v -0.290082 0.302107 -0.057605
v -0.290082 0.302107 -0.057605
v -0.290082 0.302107 -0.057605
v -0.192343 0.196249 -0.034173
v -0.192343 0.196249 -0.034173
v -0.192343 0.196249 -0.034173
v 0.000976 -0.442292 0.418859
v -0.202107 -0.657091 0.377852
v 0.000976 -0.678571 0.407143
v -0.207965 -0.442292 0.385663
v 0.000976 -0.414954 0.420812
v -0.227492 -0.206012 0.391521
v 0.000976 -0.192343 0.430576
v -0.202107 -0.662950 0.375899
v 0.000976 -0.686382 0.405190
v 0.202107 -0.657091 0.377852
v 0.207965 -0.442292 0.385663
v 0.227492 -0.206012 0.391521
v 0.202107 -0.662950 0.375899
v -0.225540 -0.198201 0.389568
v -0.225540 -0.198201 0.389568
v 0.225540 -0.198201 0.389568
v 0.225540 -0.198201 0.389568
v 0.000976 -0.182580 0.426670
v 0.000976 -0.182580 0.426670
v -0.192343 -0.780113 0.311459
v -0.206012 -0.799640 0.297790
v -0.206012 -0.799640 0.297790
v -0.206012 -0.799640 0.297790
v 0.000976 -0.836742 0.321223
v 0.192343 -0.780113 0.311459
v 0.206012 -0.799640 0.297790
v 0.206012 -0.799640 0.297790
v 0.206012 -0.799640 0.297790
v 0.000976 -0.842600 0.317318
v 0.000976 -0.842600 0.317318
v -0.348561 -0.215776 0.315365
v -0.348561 -0.215776 0.315365
v 0.348561 -0.215776 0.315365
v 0.348561 -0.215776 0.315365
v -0.323176 -0.432528 0.301696
v -0.323176 -0.432528 0.301696
v -0.321223 -0.616084 0.288027
v -0.321223 -0.616084 0.288027
v -0.321223 -0.633659 0.286074
v -0.321223 -0.633659 0.286074
v -0.346608 -0.207965 0.313412
v -0.346608 -0.207965 0.313412
v -0.346608 -0.207965 0.313412
v 0.323176 -0.432528 0.301696
v 0.323176 -0.432528 0.301696
v 0.321223 -0.616084 0.288027
v 0.321223 -0.616084 0.288027
v 0.321223 -0.633659 0.286074
v 0.321223 -0.633659 0.286074
v 0.346608 -0.207965 0.313412
v 0.346608 -0.207965 0.313412
v 0.346608 -0.207965 0.313412
v -0.256886 0.323587 -0.034173
v -0.256886 0.323587 -0.034173
v -0.256886 0.323587 -0.057605
v -0.256886 0.323587 -0.057605
v -0.256886 0.323587 -0.057605
v -0.176721 0.198201 -0.165005
v -0.176721 0.198201 -0.165005
v -0.247122 0.331398 -0.057605
v -0.247122 0.331398 -0.057605
v -0.247122 0.331398 -0.057605
v -0.321223 0.502826 -0.221634
v -0.321223 0.502826 -0.221634
v -0.321223 0.502826 -0.221634
v -0.360277 0.496968 -0.057605
v -0.247122 0.331398 -0.036125
v -0.247122 0.331398 -0.036125
v -0.192343 0.196249 -0.057605
v -0.192343 0.196249 -0.057605
v -0.192343 0.196249 -0.057605
v -0.159147 0.174769 -0.161100
v -0.159147 0.174769 -0.161100
v -0.159147 0.174769 -0.161100
v -0.159147 0.174769 -0.161100
v -0.319270 0.496968 0.118140
v -0.319270 0.496968 0.118140
v -0.319270 0.496968 0.118140
v -0.319270 0.496968 0.118140
v -0.176721 0.198201 0.032220
v -0.176721 0.198201 0.032220
v -0.159147 0.174769 0.026362
v -0.159147 0.174769 0.026362
v -0.176721 0.170863 -0.034173
v -0.176721 0.170863 -0.034173
v -0.176721 0.170863 -0.034173
v -0.178674 0.172816 -0.057605
v -0.178674 0.172816 -0.057605
v -0.178674 0.172816 -0.057605
v -0.178674 0.172816 -0.057605
v -0.178674 0.172816 -0.057605
v -0.358325 0.502826 -0.057605
v -0.358325 0.502826 -0.057605
v 0.256886 0.323587 -0.034173
v 0.256886 0.323587 -0.034173
v 0.256886 0.323587 -0.057605
v 0.256886 0.323587 -0.057605
v 0.256886 0.323587 -0.057605
v 0.176721 0.198201 -0.165005
v 0.176721 0.198201 -0.165005
v 0.247122 0.331398 -0.057605
v 0.247122 0.331398 -0.057605
v 0.247122 0.331398 -0.057605
v 0.321223 0.502826 -0.221634
v 0.321223 0.502826 -0.221634
v 0.321223 0.502826 -0.221634
v 0.360277 0.496968 -0.057605
v 0.247122 0.331398 -0.036125
v 0.247122 0.331398 -0.036125
v 0.159147 0.174769 -0.161100
v 0.159147 0.174769 -0.161100
v 0.159147 0.174769 -0.161100
v 0.319270 0.496968 0.118140
v 0.319270 0.496968 0.118140
v 0.319270 0.496968 0.118140
v 0.176721 0.198201 0.032220
v 0.159147 0.174769 0.026362
v 0.159147 0.174769 0.026362
v 0.176721 0.170863 -0.034173
v 0.176721 0.170863 -0.034173
v 0.178674 0.172816 -0.057605
v 0.178674 0.172816 -0.057605
v 0.178674 0.172816 -0.057605
v 0.098613 0.198201 0.100565
v 0.098613 0.198201 0.100565
v 0.090802 0.174769 0.084943
v 0.090802 0.174769 0.084943
v 0.090802 0.174769 0.084943
v 0.188438 0.504779 0.241161
v 0.188438 0.504779 0.241161
v 0.188438 0.504779 0.241161
v 0.358325 0.502826 -0.057605
v 0.358325 0.502826 -0.057605
v 0.161100 0.168911 0.030267
v 0.161100 0.168911 0.030267
v 0.161100 0.168911 0.030267
v 0.170863 0.157194 0.000976
v 0.170863 0.157194 0.000976
v 0.170863 0.157194 0.000976
v 0.180627 0.168911 -0.057605
v 0.180627 0.168911 -0.057605
v 0.180627 0.168911 -0.057605
v 0.180627 0.168911 -0.057605
v 0.231398 -0.885560 -0.163052
v 0.165005 -0.916804 -0.002929
v -0.002929 -0.932425 -0.178674
v -0.000976 -0.950000 -0.002929
v 0.260689 -0.891418 -0.002929
v 0.248972 -0.883607 -0.157194
v 0.248972 -0.883607 -0.157194
v 0.266547 -0.889466 -0.002929
v 0.266547 -0.889466 -0.002929
v -0.004882 -0.950000 -0.002929
v -0.020504 -0.932425 -0.176721
v 0.145478 -0.895324 0.165005
v 0.000976 -0.920709 0.184532
v 0.239209 -0.873844 0.151336
v 0.248972 -0.867986 0.149383
v 0.248972 -0.867986 0.149383
v -0.145478 -0.895324 0.165005
v -0.165005 -0.916804 -0.002929
v -0.239209 -0.873844 0.151336
v -0.260689 -0.891418 -0.002929
v -0.256783 -0.877749 -0.155242
v -0.248972 -0.867986 0.149383
v -0.248972 -0.867986 0.149383
v -0.270452 -0.885560 -0.002929
v -0.270452 -0.885560 -0.002929
v -0.270452 -0.871891 -0.157194
v -0.270452 -0.871891 -0.157194
v -0.022456 -0.856269 -0.305601
v -0.022456 -0.856269 -0.305601
v -0.233350 -0.797688 -0.313412
v -0.233350 -0.797688 -0.313412
v -0.233350 -0.797688 -0.313412
v -0.233350 -0.797688 -0.313412
v 0.207965 -0.795735 -0.311459
v 0.207965 -0.795735 -0.311459
v 0.207965 -0.795735 -0.311459
v 0.213823 -0.797688 -0.303649
v 0.213823 -0.797688 -0.303649
v 0.442292 -0.340750 0.002929
v 0.442292 -0.340750 0.002929
v 0.442292 -0.340750 0.002929
v 0.401285 -0.420812 0.147431
v 0.414954 -0.516495 -0.059558
v 0.414954 -0.516495 -0.059558
v 0.414954 -0.516495 -0.059558
v 0.420812 -0.204060 0.153289
v 0.688438 0.573535 -0.051747
v 0.397379 -0.639517 0.135714
v 0.409096 -0.694193 -0.018551
v 0.395427 -0.657091 0.137667
v 0.391521 -0.674666 -0.182580
v 0.379805 -0.491110 -0.194296
v 0.383710 -0.424717 -0.145478
v 0.383710 -0.424717 -0.145478
v 0.381757 -0.522354 -0.235303
v 0.383710 -0.522354 -0.196249
v 0.340750 -0.348561 -0.223587
v 0.340750 -0.348561 -0.223587
v 0.340750 -0.348561 -0.223587
v 0.352467 -0.348561 -0.155242
v 0.352467 -0.348561 -0.155242
v 0.352467 -0.348561 -0.155242
v 0.350514 -0.567266 -0.268499
v 0.782169 0.526670 -0.061511
v 0.782169 0.526670 -0.061511
v 0.782169 0.526670 -0.061511
v 0.782169 0.526670 -0.061511
v 0.782169 0.526670 -0.061511
v 0.436434 -0.186485 -0.129856
v 0.436434 -0.186485 -0.129856
v 0.436434 -0.186485 -0.129856
v 0.682580 0.573535 -0.051747
v 0.682580 0.573535 -0.051747
v 0.418859 -0.198201 0.151336
v 0.418859 -0.198201 0.151336
v 0.303649 -0.633659 -0.307554
v 0.344656 -0.569219 -0.282169
v 0.356372 -0.496968 -0.262641
v 0.356372 -0.496968 -0.262641
v 0.293885 -0.629753 -0.329034
v 0.293885 -0.629753 -0.329034
v 0.366136 -0.498921 -0.245067
v 0.366136 -0.498921 -0.245067
v 0.366136 -0.498921 -0.245067
v 0.293885 -0.485252 -0.329034
v 0.293885 -0.485252 -0.329034
v 0.293885 -0.485252 -0.329034
v 0.807554 0.524717 -0.041984
v 0.807554 0.524717 -0.041984
v 0.807554 0.524717 -0.041984
v 0.157194 -0.641470 -0.405190
v 0.157194 -0.641470 -0.405190
v 0.291932 -0.479394 -0.323176
v 0.291932 -0.479394 -0.323176
v -0.379805 -0.491110 -0.194296
v -0.391521 -0.659044 -0.182580
v -0.414954 -0.516495 -0.059558
v -0.414954 -0.516495 -0.059558
v -0.414954 -0.516495 -0.059558
v -0.383710 -0.424717 -0.145478
v -0.383710 -0.424717 -0.145478
v -0.405190 -0.688335 -0.014645
v -0.397379 -0.639517 0.135714
v -0.401285 -0.420812 0.147431
v -0.395427 -0.657091 0.137667
v -0.442292 -0.340750 0.002929
v -0.442292 -0.340750 0.002929
v -0.442292 -0.340750 0.002929
v -0.420812 -0.204060 0.153289
v -0.688438 0.573535 -0.051747
v -0.381757 -0.522354 -0.235303
v -0.383710 -0.522354 -0.196249
v -0.383710 -0.670761 -0.182580
v -0.340750 -0.348561 -0.223587
v -0.340750 -0.348561 -0.223587
v -0.340750 -0.348561 -0.223587
v -0.352467 -0.348561 -0.155242
v -0.352467 -0.348561 -0.155242
v -0.418859 -0.198201 0.151336
v -0.418859 -0.198201 0.151336
v -0.682580 0.573535 -0.051747
v -0.682580 0.573535 -0.051747
v -0.436434 -0.186485 -0.129856
v -0.436434 -0.186485 -0.129856
v -0.436434 -0.186485 -0.129856
v -0.782169 0.526670 -0.061511
v -0.782169 0.526670 -0.061511
v -0.782169 0.526670 -0.061511
v -0.782169 0.526670 -0.061511
v -0.395427 -0.702004 -0.014645
v -0.297790 -0.826978 -0.161100
v -0.286074 -0.635612 -0.309507
v -0.286074 -0.635612 -0.309507
v -0.370041 -0.526259 -0.264594
v -0.370041 -0.526259 -0.264594
v -0.262641 -0.657091 -0.338798
v -0.262641 -0.657091 -0.338798
v -0.262641 -0.660997 -0.311459
v -0.262641 -0.660997 -0.311459
v -0.258736 -0.660997 -0.336845
v -0.258736 -0.660997 -0.336845
v -0.258736 -0.670761 -0.313412
v -0.258736 -0.670761 -0.313412
v -0.366136 -0.498921 -0.245067
v -0.366136 -0.498921 -0.245067
v -0.366136 -0.498921 -0.245067
v -0.807554 0.524717 -0.041984
v -0.807554 0.524717 -0.041984
v -0.807554 0.524717 -0.041984
v -0.807554 0.524717 -0.041984
v -0.301696 -0.483299 -0.332939
v -0.301696 -0.483299 -0.332939
v -0.301696 -0.483299 -0.332939
v -0.299743 -0.479394 -0.329034
v -0.299743 -0.479394 -0.329034
v 0.000976 0.536023 -0.393474
v 0.190391 0.520401 -0.350514
v 0.190391 0.520401 -0.350514
v 0.000976 0.215776 -0.260689
v 0.102518 0.215776 -0.239209
v 0.090802 0.174769 -0.225540
v 0.090802 0.174769 -0.225540
v 0.090802 0.174769 -0.225540
v 0.000976 0.174769 -0.243114
v 0.000976 0.174769 -0.243114
v -0.190391 0.520401 -0.350514
v -0.190391 0.520401 -0.350514
v -0.090802 0.174769 -0.225540
v -0.090802 0.174769 -0.225540
v -0.102518 0.215776 -0.239209
v -0.188438 0.526259 -0.348561
v -0.188438 0.526259 -0.348561
v 0.188438 0.526259 -0.348561
v 0.188438 0.526259 -0.348561
v 0.000976 0.541881 -0.389568
v 0.000976 0.541881 -0.389568
v -0.057605 -0.532117 -0.430576
v -0.057605 -0.532117 -0.430576
v -0.030267 -0.707862 -0.413001
v -0.112282 -0.674666 -0.397379
v -0.129856 -0.528212 -0.414954
v -0.129856 -0.528212 -0.414954
v -0.114234 -0.680524 -0.391521
v -0.116187 -0.674666 -0.393474
v -0.116187 -0.674666 -0.393474
v -0.116187 -0.674666 -0.393474
v -0.163052 -0.590699 -0.377852
v -0.163052 -0.590699 -0.377852
v -0.166958 -0.588746 -0.379805
v -0.166958 -0.588746 -0.379805
v -0.133762 -0.528212 -0.409096
v -0.133762 -0.528212 -0.409096
v -0.133762 -0.528212 -0.409096
v -0.026362 -0.707862 -0.411048
v 0.155242 -0.639517 -0.405190
v -0.055653 -0.528212 -0.426670
v -0.055653 -0.528212 -0.426670
v 0.112282 -0.526259 -0.399332
v 0.112282 -0.526259 -0.399332
v 0.112282 -0.526259 -0.399332
v 0.155242 -0.623895 -0.401285
v 0.155242 -0.623895 -0.401285
v 0.155242 -0.623895 -0.401285
v -0.174769 0.950000 -0.118140
v -0.098613 0.950000 -0.012693
v -0.090802 0.950000 -0.118140
v -0.166958 0.950000 -0.012693
v -0.161100 0.948047 -0.184532
v -0.227492 0.946095 -0.221634
v -0.149383 0.946095 -0.250925
v -0.108376 0.948047 -0.184532
v -0.118140 0.946095 -0.250925
v -0.049794 0.946095 -0.233350
v -0.049794 0.946095 -0.233350
v -0.227492 0.946095 -0.012693
v -0.211870 0.946095 0.045889
v -0.125951 0.946095 0.063464
v -0.049794 0.946095 0.045889
v -0.028314 0.946095 -0.012693
v -0.028314 0.946095 -0.012693
v -0.081038 0.942189 0.073227
v -0.081038 0.942189 0.073227
v -0.172816 0.942189 0.073227
v -0.172816 0.942189 0.073227
v -0.209918 0.942189 -0.247020
v -0.209918 0.942189 -0.247020
v -0.057605 0.942189 0.065416
v -0.057605 0.942189 0.065416
v -0.061511 0.942189 -0.252878
v -0.061511 0.942189 -0.252878
v -0.061511 0.942189 -0.252878
v -0.200154 0.942189 0.065416
v -0.200154 0.942189 0.065416
v -0.141572 0.942189 0.077133
v -0.141572 0.942189 0.077133
v -0.112282 0.942189 0.077133
v -0.112282 0.942189 0.077133
v -0.018551 0.940236 -0.102518
v -0.018551 0.940236 -0.102518
v -0.245067 0.940236 -0.073227
v -0.245067 0.940236 -0.073227
v -0.016598 0.940236 -0.073227
v -0.016598 0.940236 -0.073227
v -0.022456 0.940236 -0.129856
v -0.022456 0.940236 -0.129856
v -0.127903 0.942189 -0.258736
v -0.127903 0.942189 -0.258736
v -0.159147 0.942189 -0.256783
v -0.159147 0.942189 -0.256783
v -0.229445 0.940236 0.020504
v -0.229445 0.940236 0.020504
v -0.229445 0.940236 0.020504
v -0.235303 0.940236 -0.012693
v -0.235303 0.940236 -0.012693
v -0.217729 0.940236 0.051747
v -0.217729 0.940236 0.051747
v -0.043936 0.940236 0.051747
v -0.043936 0.940236 0.051747
v -0.043936 0.940236 0.051747
v -0.032220 0.940236 0.020504
v -0.032220 0.940236 0.020504
v -0.243114 0.940236 -0.102518
v -0.243114 0.940236 -0.102518
v -0.229445 0.940236 -0.229445
v -0.229445 0.940236 -0.229445
v -0.229445 0.940236 -0.229445
v 0.090802 0.950000 -0.118140
v 0.098613 0.950000 -0.012693
v 0.174769 0.950000 -0.118140
v 0.166958 0.950000 -0.012693
v 0.161100 0.948047 -0.184532
v 0.108376 0.948047 -0.184532
v 0.049794 0.946095 -0.233350
v 0.049794 0.946095 -0.233350
v 0.118140 0.946095 -0.250925
v 0.149383 0.946095 -0.250925
v 0.227492 0.946095 -0.221634
v 0.227492 0.946095 -0.012693
v 0.211871 0.946095 0.045889
v 0.125951 0.946095 0.063464
v 0.049794 0.946095 0.045889
v 0.028314 0.946095 -0.012693
v 0.028314 0.946095 -0.012693
v 0.081038 0.942189 0.073227
v 0.081038 0.942189 0.073227
v 0.172816 0.942189 0.073227
v 0.172816 0.942189 0.073227
v 0.209918 0.942189 -0.247020
v 0.209918 0.942189 -0.247020
v 0.057605 0.942189 0.065416
v 0.057605 0.942189 0.065416
v 0.061511 0.942189 -0.252878
v 0.061511 0.942189 -0.252878
v 0.061511 0.942189 -0.252878
v 0.200154 0.942189 0.065416
v 0.200154 0.942189 0.065416
v 0.141572 0.942189 0.077133
v 0.141572 0.942189 0.077133
v 0.112282 0.942189 0.077133
v 0.112282 0.942189 0.077133
v 0.018551 0.940236 -0.102518
v 0.018551 0.940236 -0.102518
v 0.245067 0.940236 -0.073227
v 0.245067 0.940236 -0.073227
v 0.016598 0.940236 -0.073227
v 0.016598 0.940236 -0.073227
v 0.022456 0.940236 -0.129856
v 0.022456 0.940236 -0.129856
v 0.127903 0.942189 -0.258736
v 0.127903 0.942189 -0.258736
v 0.159147 0.942189 -0.256783
v 0.159147 0.942189 -0.256783
v 0.229445 0.940236 0.020504
v 0.229445 0.940236 0.020504
v 0.229445 0.940236 0.020504
v 0.235303 0.940236 -0.012693
v 0.235303 0.940236 -0.012693
v 0.217729 0.940236 0.051747
v 0.217729 0.940236 0.051747
v 0.043936 0.940236 0.051747
v 0.043936 0.940236 0.051747
v 0.043936 0.940236 0.051747
v 0.032220 0.940236 0.020504
v 0.032220 0.940236 0.020504
v 0.243114 0.940236 -0.102518
v 0.243114 0.940236 -0.102518
v 0.229445 0.940236 -0.229445
v 0.229445 0.940236 -0.229445
v 0.229445 0.940236 -0.229445
v 0.000976 -0.079085 0.237256
v 0.000976 -0.079085 0.237256
v -0.125951 -0.081038 0.188438
v -0.125951 -0.081038 0.188438
v -0.125951 -0.081038 0.194296
v 0.000976 -0.079085 0.243114
v 0.125951 -0.081038 0.194296
v 0.125951 -0.081038 0.188438
v 0.125951 -0.081038 0.188438
v -0.194296 -0.102518 0.149383
v -0.194296 -0.102518 0.149383
v -0.327081 -0.129856 0.165005
v -0.254830 -0.123998 0.108376
v -0.254830 -0.123998 0.108376
v -0.254830 -0.123998 0.108376
v -0.618140 0.442703 0.096660
v -0.289979 -0.141572 0.264594
v -0.188438 -0.131809 0.327081
v 0.000976 -0.120092 0.362230
v -0.620092 0.354830 0.092754
v -0.620092 0.354830 0.092754
v -0.590802 0.362641 -0.010740
v -0.590802 0.362641 -0.010740
v -0.598613 0.466136 -0.016598
v -0.600565 0.393885 -0.084943
v -0.600565 0.393885 -0.084943
v -0.600565 0.393885 -0.084943
v -0.371994 -0.110329 -0.116187
v -0.371994 -0.110329 -0.116187
v 0.188438 -0.131809 0.327081
v 0.289979 -0.141572 0.264594
v 0.327081 -0.129856 0.165005
v 0.194296 -0.102518 0.149383
v 0.194296 -0.102518 0.149383
v 0.254830 -0.123998 0.108376
v 0.254830 -0.123998 0.108376
v 0.254830 -0.123998 0.108376
v 0.618140 0.442703 0.096660
v 0.620092 0.354830 0.092754
v 0.620092 0.354830 0.092754
v 0.590802 0.362641 -0.010740
v 0.590802 0.362641 -0.010740
v 0.598613 0.466136 -0.016598
v 0.600565 0.393885 -0.084943
v 0.600565 0.393885 -0.084943
v 0.600565 0.393885 -0.084943
v 0.371994 -0.110329 -0.116187
v 0.371994 -0.110329 -0.116187
v 0.211871 0.744964 -0.034173
v 0.211871 0.744964 -0.034173
v 0.180627 0.575077 0.020504
v 0.180627 0.575077 0.020504
v 0.196249 0.577030 -0.053700
v 0.196249 0.744964 0.032220
v 0.196249 0.744964 0.032220
v 0.196249 0.744964 0.032220
v 0.192343 0.504779 -0.057605
v 0.192343 0.504779 -0.057605
v 0.176721 0.504779 0.018551
v 0.176721 0.504779 0.018551
v 0.176721 0.504779 0.018551
v 0.196249 0.744964 -0.108376
v 0.196249 0.744964 -0.108376
v 0.196249 0.744964 -0.108376
v 0.180627 0.578983 -0.125951
v 0.180627 0.578983 -0.125951
v 0.176721 0.506732 -0.129856
v 0.176721 0.506732 -0.129856
v 0.176721 0.506732 -0.129856
v -0.211870 0.744964 -0.034173
v -0.211870 0.744964 -0.034173
v -0.196249 0.577030 -0.053700
v -0.180627 0.575077 0.020504
v -0.180627 0.575077 0.020504
v -0.196249 0.744964 0.032220
v -0.196249 0.744964 0.032220
v -0.196249 0.744964 0.032220
v -0.192343 0.504779 -0.057605
v -0.192343 0.504779 -0.057605
v -0.176721 0.504779 0.018551
v -0.176721 0.504779 0.018551
v -0.176721 0.504779 0.018551
v -0.196249 0.744964 -0.108376
v -0.196249 0.744964 -0.108376
v -0.196249 0.744964 -0.108376
v -0.180627 0.578983 -0.125951
v -0.180627 0.578983 -0.125951
v -0.176721 0.506732 -0.129856
v -0.176721 0.506732 -0.129856
v -0.176721 0.506732 -0.129856
v -0.026362 0.590699 -0.053700
v -0.022456 0.506732 -0.057605
v -0.022456 0.506732 -0.057605
v -0.043936 0.588746 -0.125951
v -0.043936 0.588746 -0.125951
v -0.040031 0.508684 -0.129856
v -0.040031 0.508684 -0.129856
v -0.040031 0.508684 -0.129856
v -0.057605 0.748869 -0.108376
v -0.057605 0.748869 -0.108376
v -0.057605 0.748869 -0.108376
v -0.041984 0.750822 -0.034173
v -0.041984 0.750822 -0.034173
v -0.057605 0.748869 0.032220
v -0.057605 0.748869 0.032220
v -0.057605 0.748869 0.032220
v -0.043936 0.586793 0.020504
v -0.043936 0.586793 0.020504
v -0.040031 0.506732 0.018551
v -0.040031 0.506732 0.018551
v -0.040031 0.506732 0.018551
v 0.026362 0.590699 -0.053700
v 0.043936 0.588746 -0.125951
v 0.043936 0.588746 -0.125951
v 0.022456 0.506732 -0.057605
v 0.022456 0.506732 -0.057605
v 0.040031 0.508684 -0.129856
v 0.040031 0.508684 -0.129856
v 0.040031 0.508684 -0.129856
v 0.057605 0.748869 -0.108376
v 0.057605 0.748869 -0.108376
v 0.057605 0.748869 -0.108376
v 0.041984 0.750822 -0.034173
v 0.041984 0.750822 -0.034173
v 0.057605 0.748869 0.032220
v 0.057605 0.748869 0.032220
v 0.057605 0.748869 0.032220
v 0.043936 0.586793 0.020504
v 0.043936 0.586793 0.020504
v 0.040031 0.506732 0.018551
v 0.040031 0.506732 0.018551
v 0.040031 0.506732 0.018551
v 0.000976 -0.260689 -0.348561
v 0.000976 -0.268499 -0.348561
v 0.000976 -0.268499 -0.348561
v 0.000976 -0.268499 -0.348561
v -0.020504 -0.274358 -0.348561
v -0.020504 -0.274358 -0.348561
v 0.020504 -0.274358 -0.348561
v 0.020504 -0.274358 -0.348561
v -0.041984 -0.262641 -0.346608
v 0.000976 -0.233350 -0.346608
v -0.041984 -0.235303 -0.344656
v -0.032220 -0.286074 -0.348561
v -0.032220 -0.286074 -0.348561
v 0.041984 -0.235303 -0.344656
v 0.041984 -0.262641 -0.346608
v 0.032220 -0.286074 -0.348561
v 0.032220 -0.286074 -0.348561
v -0.082991 -0.239209 -0.340750
v -0.082991 -0.264594 -0.342703
v -0.041984 -0.295838 -0.346608
v -0.123998 -0.245067 -0.334892
v -0.141572 -0.268499 -0.332939
v -0.133762 -0.297790 -0.334892
v -0.082991 -0.338798 -0.340750
v -0.022456 -0.334892 -0.344656
v -0.022456 -0.334892 -0.344656
v -0.022456 -0.334892 -0.344656
v -0.082991 -0.520401 -0.340750
v -0.082991 -0.520401 -0.340750
v -0.022456 -0.522354 -0.344656
v -0.022456 -0.522354 -0.344656
v 0.000976 -0.340750 -0.344656
v 0.000976 -0.340750 -0.344656
v 0.022456 -0.334892 -0.344656
v 0.022456 -0.334892 -0.344656
v 0.022456 -0.334892 -0.344656
v 0.022456 -0.522354 -0.344656
v 0.022456 -0.522354 -0.344656
v 0.000976 -0.522354 -0.344656
v 0.000976 -0.522354 -0.344656
v 0.082991 -0.520401 -0.340750
v 0.082991 -0.520401 -0.340750
v 0.082991 -0.338798 -0.340750
v 0.041984 -0.295838 -0.346608
v -0.127903 -0.411048 -0.330987
v -0.127903 -0.411048 -0.330987
v -0.127903 -0.366136 -0.330987
v -0.127903 -0.366136 -0.330987
v -0.133762 -0.430576 -0.330987
v -0.133762 -0.430576 -0.330987
v -0.133762 -0.430576 -0.330987
v -0.131809 -0.344656 -0.330987
v -0.131809 -0.344656 -0.330987
v -0.131809 -0.344656 -0.330987
v -0.143525 -0.334892 -0.329034
v -0.143525 -0.334892 -0.329034
v -0.110329 -0.522354 -0.334892
v -0.110329 -0.522354 -0.334892
v -0.110329 -0.522354 -0.334892
v -0.143525 -0.438386 -0.329034
v -0.143525 -0.438386 -0.329034
v -0.163052 -0.444245 -0.325128
v -0.163052 -0.444245 -0.325128
v -0.194296 -0.547739 -0.315365
v -0.194296 -0.547739 -0.315365
v -0.163052 -0.330987 -0.325128
v -0.163052 -0.330987 -0.325128
v -0.182580 -0.291932 -0.323176
v -0.163052 -0.250925 -0.327081
v -0.178674 -0.440339 -0.321223
v -0.178674 -0.440339 -0.321223
v -0.034173 -0.295838 -0.348561
v -0.034173 -0.295838 -0.348561
v -0.034173 -0.295838 -0.348561
v -0.028314 -0.295838 -0.348561
v -0.028314 -0.295838 -0.348561
v -0.028314 -0.295838 -0.348561
v -0.028314 -0.295838 -0.348561
v -0.028314 -0.295838 -0.348561
v -0.112282 -0.543834 -0.336845
v -0.112282 -0.543834 -0.336845
v -0.108376 -0.619990 -0.334892
v -0.108376 -0.619990 -0.334892
v -0.108376 -0.619990 -0.334892
v -0.180627 -0.336845 -0.319270
v -0.180627 -0.336845 -0.319270
v -0.180627 -0.336845 -0.319270
v -0.229445 -0.342703 -0.303649
v -0.163052 -0.227492 -0.323176
v -0.229445 -0.457914 -0.303649
v 0.082991 -0.239209 -0.340750
v 0.082991 -0.264594 -0.342703
v 0.133762 -0.297790 -0.334892
v -0.123998 -0.219681 -0.329034
v -0.225540 -0.297790 -0.307554
v -0.217729 -0.270452 -0.309507
v -0.188438 -0.430576 -0.317318
v -0.188438 -0.430576 -0.317318
v -0.188438 -0.430576 -0.317318
v -0.194296 -0.411048 -0.315365
v -0.194296 -0.411048 -0.315365
v -0.194296 -0.368088 -0.315365
v -0.194296 -0.368088 -0.315365
v -0.190391 -0.346608 -0.317318
v -0.190391 -0.346608 -0.317318
v -0.198201 -0.235303 -0.313412
v 0.123998 -0.245067 -0.334892
v 0.141572 -0.268499 -0.332939
v -0.082991 -0.213823 -0.332939
v -0.041984 -0.209918 -0.336845
v 0.000976 -0.206012 -0.338798
v 0.143525 -0.334892 -0.329034
v 0.143525 -0.334892 -0.329034
v 0.131809 -0.344656 -0.330987
v 0.131809 -0.344656 -0.330987
v 0.131809 -0.344656 -0.330987
v 0.127903 -0.366136 -0.330987
v 0.127903 -0.366136 -0.330987
v 0.127903 -0.411048 -0.330987
v 0.127903 -0.411048 -0.330987
v 0.133762 -0.430576 -0.330987
v 0.133762 -0.430576 -0.330987
v 0.133762 -0.430576 -0.330987
v 0.096660 -0.522354 -0.338798
v 0.096660 -0.522354 -0.338798
v 0.096660 -0.522354 -0.338798
v 0.143525 -0.438386 -0.329034
v 0.143525 -0.438386 -0.329034
v 0.163052 -0.444245 -0.325128
v 0.163052 -0.444245 -0.325128
v 0.163052 -0.330987 -0.325128
v 0.163052 -0.330987 -0.325128
v 0.163052 -0.250925 -0.327081
v 0.194296 -0.547739 -0.315365
v 0.194296 -0.547739 -0.315365
v 0.112282 -0.621942 -0.334892
v 0.112282 -0.621942 -0.334892
v 0.112282 -0.621942 -0.334892
v 0.182580 -0.291932 -0.323176
v 0.178674 -0.440339 -0.321223
v 0.178674 -0.440339 -0.321223
v 0.034173 -0.295838 -0.348561
v 0.034173 -0.295838 -0.348561
v 0.034173 -0.295838 -0.348561
v 0.028314 -0.295838 -0.348561
v 0.028314 -0.295838 -0.348561
v 0.028314 -0.295838 -0.348561
v 0.028314 -0.295838 -0.348561
v 0.028314 -0.295838 -0.348561
v 0.163052 -0.227492 -0.323176
v 0.041984 -0.209918 -0.336845
v 0.123998 -0.219681 -0.329034
v 0.082991 -0.213823 -0.332939
v 0.180627 -0.336845 -0.319270
v 0.180627 -0.336845 -0.319270
v 0.180627 -0.336845 -0.319270
v 0.229445 -0.342703 -0.303649
v 0.229445 -0.457914 -0.303649
v 0.225540 -0.297790 -0.307554
v 0.217729 -0.270452 -0.309507
v 0.188438 -0.430576 -0.317318
v 0.188438 -0.430576 -0.317318
v 0.188438 -0.430576 -0.317318
v 0.194296 -0.411048 -0.315365
v 0.194296 -0.411048 -0.315365
v 0.194296 -0.368088 -0.315365
v 0.194296 -0.368088 -0.315365
v 0.190391 -0.346608 -0.317318
v 0.190391 -0.346608 -0.317318
v 0.198201 -0.235303 -0.313412
v -0.266547 -0.475488 -0.286074
v -0.266547 -0.475488 -0.286074
v 0.266547 -0.475488 -0.286074
v 0.266547 -0.475488 -0.286074
v -0.291932 -0.475488 -0.274358
v -0.291932 -0.475488 -0.274358
v -0.291932 -0.475488 -0.274358
v 0.291932 -0.475488 -0.274358
v 0.291932 -0.475488 -0.274358
v 0.291932 -0.475488 -0.274358
v -0.041984 -0.176721 -0.323176
v -0.041984 -0.176721 -0.323176
v 0.000976 -0.172816 -0.325128
v 0.000976 -0.172816 -0.325128
v 0.041984 -0.176721 -0.323176
v 0.041984 -0.176721 -0.323176
v 0.231398 -0.243114 -0.299743
v 0.288027 -0.407143 -0.274358
v 0.288027 -0.407143 -0.274358
v 0.282169 -0.340750 -0.278263
v 0.282169 -0.340750 -0.278263
v 0.082991 -0.180627 -0.319270
v 0.082991 -0.180627 -0.319270
v 0.123998 -0.186485 -0.315365
v 0.123998 -0.186485 -0.315365
v -0.082991 -0.180627 -0.319270
v -0.082991 -0.180627 -0.319270
v -0.123998 -0.186485 -0.315365
v -0.123998 -0.186485 -0.315365
v -0.231398 -0.243114 -0.299743
v -0.288027 -0.407143 -0.274358
v -0.288027 -0.407143 -0.274358
v -0.282169 -0.340750 -0.278263
v -0.282169 -0.340750 -0.278263
v 0.163052 -0.194296 -0.309507
v 0.163052 -0.194296 -0.309507
v -0.163052 -0.194296 -0.309507
v -0.163052 -0.194296 -0.309507
v 0.270452 -0.272405 -0.282169
v 0.270452 -0.272405 -0.282169
v 0.262641 -0.250925 -0.284121
v 0.262641 -0.250925 -0.284121
v 0.276310 -0.297790 -0.280216
v 0.276310 -0.297790 -0.280216
v 0.198201 -0.204060 -0.301696
v 0.198201 -0.204060 -0.301696
v -0.270452 -0.272405 -0.282169
v -0.270452 -0.272405 -0.282169
v -0.262641 -0.250925 -0.284121
v -0.262641 -0.250925 -0.284121
v -0.276310 -0.297790 -0.280216
v -0.276310 -0.297790 -0.280216
v -0.198201 -0.204060 -0.301696
v -0.198201 -0.204060 -0.301696
v 0.252878 -0.221634 -0.284121
v 0.252878 -0.221634 -0.284121
v 0.252878 -0.221634 -0.284121
v 0.229445 -0.213823 -0.291932
v 0.229445 -0.213823 -0.291932
v -0.229445 -0.213823 -0.291932
v -0.229445 -0.213823 -0.291932
v -0.252878 -0.221634 -0.284121
v -0.252878 -0.221634 -0.284121
v -0.252878 -0.221634 -0.284121
v 0.000976 -0.223587 0.161100
v 0.000976 -0.223587 0.161100
v -0.028314 -0.221634 0.153289
v -0.028314 -0.221634 0.153289
v -0.028314 -0.221634 0.153289
v -0.182580 -0.233350 0.125951
v -0.182580 -0.233350 0.125951
v -0.182580 -0.233350 0.125951
v -0.211870 -0.237256 0.114234
v -0.211870 -0.237256 0.114234
v -0.211870 -0.237256 0.114234
v 0.028314 -0.221634 0.153289
v 0.028314 -0.221634 0.153289
v 0.028314 -0.221634 0.153289
v 0.182580 -0.233350 0.125951
v 0.182580 -0.233350 0.125951
v 0.182580 -0.233350 0.125951
v 0.211871 -0.237256 0.114234
v 0.211871 -0.237256 0.114234
v 0.211871 -0.237256 0.114234
v 0.330987 -0.131809 -0.102518
v 0.764594 0.487616 -0.081038
v 0.764594 0.487616 -0.081038
v 0.721634 0.372405 -0.020504
v 0.721634 0.372405 -0.020504
v 0.702107 0.348972 -0.012693
v 0.702107 0.348972 -0.012693
v 0.702107 0.348972 -0.012693
v 0.702107 0.348972 -0.012693
v 0.770452 0.452467 -0.051747
v 0.770452 0.452467 -0.051747
v 0.770452 0.452467 -0.051747
v 0.383710 -0.180627 -0.143525
v 0.747020 0.393885 -0.028314
v 0.747020 0.393885 -0.028314
v 0.784121 0.413412 -0.032220
v 0.784121 0.413412 -0.032220
v 0.811459 0.470041 -0.047842
v 0.811459 0.470041 -0.047842
v 0.327081 -0.338798 -0.038078
v 0.327081 -0.338798 -0.038078
v 0.327081 -0.338798 -0.038078
v 0.389568 -0.184532 -0.149383
v 0.762641 0.489568 -0.090802
v 0.762641 0.489568 -0.090802
v -0.330987 -0.131809 -0.102518
v -0.721634 0.372405 -0.020504
v -0.721634 0.372405 -0.020504
v -0.764594 0.487616 -0.081038
v -0.764594 0.487616 -0.081038
v -0.702107 0.348972 -0.012693
v -0.702107 0.348972 -0.012693
v -0.702107 0.348972 -0.012693
v -0.702107 0.348972 -0.012693
v -0.770452 0.452467 -0.051747
v -0.770452 0.452467 -0.051747
v -0.770452 0.452467 -0.051747
v -0.383710 -0.180627 -0.143525
v -0.747020 0.393885 -0.028314
v -0.747020 0.393885 -0.028314
v -0.784121 0.413412 -0.032220
v -0.784121 0.413412 -0.032220
v -0.784121 0.413412 -0.032220
v -0.811459 0.470041 -0.047842
v -0.811459 0.470041 -0.047842
v -0.327081 -0.338798 -0.038078
v -0.327081 -0.338798 -0.038078
v -0.327081 -0.338798 -0.038078
v -0.389568 -0.184532 -0.149383
v -0.762641 0.489568 -0.090802
v -0.762641 0.489568 -0.090802
v -0.071274 -0.004882 -0.194296
v -0.055653 -0.040031 -0.188438
v -0.055653 -0.040031 -0.188438
v -0.055653 -0.040031 -0.188438
v -0.075180 -0.040031 -0.182580
v -0.075180 -0.040031 -0.182580
v 0.000976 -0.004882 -0.202107
v 0.000976 -0.040031 -0.192343
v 0.000976 0.116187 -0.223587
v -0.081038 0.116187 -0.213823
v 0.055653 -0.040031 -0.188438
v 0.055653 -0.040031 -0.188438
v 0.055653 -0.040031 -0.188438
v 0.071274 -0.004882 -0.194296
v 0.071274 -0.004882 -0.194296
v 0.081038 0.116187 -0.213823
v 0.081038 0.116187 -0.213823
v 0.075180 -0.040031 -0.182580
v 0.075180 -0.040031 -0.182580
v 0.075180 -0.040031 -0.182580
v -0.108376 -0.034173 -0.163052
v -0.108376 -0.034173 -0.163052
v 0.000976 -0.082991 -0.149383
v 0.000976 -0.082991 -0.149383
v 0.000976 -0.082991 -0.149383
v 0.000976 -0.082991 -0.149383
v 0.000976 0.118140 -0.225540
v 0.000976 0.118140 -0.225540
v 0.000976 0.118140 -0.225540
v -0.082991 0.118140 -0.213823
v -0.082991 0.118140 -0.213823
v -0.100565 -0.057605 -0.155242
v -0.100565 -0.057605 -0.155242
v -0.100565 -0.057605 -0.155242
v -0.123998 0.028314 -0.163052
v -0.135714 0.114234 -0.166958
v -0.137667 0.118140 -0.166958
v -0.137667 0.118140 -0.166958
v -0.129856 -0.018551 -0.147431
v -0.129856 -0.018551 -0.147431
v -0.157194 0.112282 -0.123998
v -0.157194 0.112282 -0.123998
v -0.141572 0.034173 -0.127903
v -0.141572 0.034173 -0.127903
v -0.141572 0.034173 -0.127903
v -0.159147 0.118140 -0.120092
v -0.159147 0.118140 -0.120092
v -0.159147 0.118140 -0.120092
v -0.159147 0.118140 -0.120092
v 0.202210 0.507143 -0.075180
v 0.202210 0.516906 -0.036125
v 0.233453 0.477852 -0.036125
v 0.229548 0.473947 -0.075180
v 0.163155 0.552055 -0.063464
v 0.163155 0.555961 -0.036125
v 0.170966 0.528623 -0.092754
v 0.170966 0.528623 -0.092754
v 0.383710 0.295838 -0.104471
v 0.383710 0.295838 -0.104471
v 0.366136 0.276310 -0.100565
v 0.366136 0.276310 -0.100565
v 0.399332 0.309507 -0.102518
v 0.399332 0.309507 -0.102518
v 0.251028 0.450514 -0.096660
v 0.251028 0.450514 -0.096660
v 0.405293 0.366547 -0.061511
v 0.405293 0.366547 -0.061511
v 0.397482 0.356783 -0.088849
v 0.397482 0.356783 -0.088849
v 0.397482 0.356783 -0.088849
v 0.407246 0.370452 -0.036125
v 0.407246 0.370452 -0.036125
v 0.155344 0.546197 -0.079085
v 0.155344 0.546197 -0.079085
v 0.151439 0.555961 -0.061511
v 0.151439 0.555961 -0.061511
v 0.151439 0.555961 -0.061511
v 0.151439 0.559866 -0.034173
v 0.151439 0.559866 -0.034173
v 0.163155 0.552055 -0.010740
v 0.229548 0.473947 -0.000976
v 0.202210 0.507143 -0.000976
v 0.153392 0.555961 -0.010740
v 0.153392 0.555961 -0.010740
v 0.153392 0.555961 -0.010740
v 0.399435 0.356783 0.014645
v 0.399435 0.356783 0.014645
v 0.399435 0.356783 0.014645
v 0.249075 0.452467 0.022456
v 0.249075 0.452467 0.022456
v 0.223690 0.466136 0.024409
v 0.223690 0.466136 0.024409
v 0.206115 0.483710 0.028314
v 0.206115 0.483710 0.028314
v 0.170966 0.528623 0.016598
v 0.170966 0.528623 0.016598
v 0.192446 0.499332 0.026362
v 0.192446 0.499332 0.026362
v 0.157297 0.546197 0.004882
v 0.157297 0.546197 0.004882
v -0.202210 0.516906 -0.036125
v -0.202210 0.507143 -0.075180
v -0.233453 0.477852 -0.036125
v -0.229548 0.473947 -0.075180
v -0.163155 0.552055 -0.063464
v -0.163155 0.555961 -0.036125
v -0.170966 0.528623 -0.092754
v -0.170966 0.528623 -0.092754
v -0.383710 0.295838 -0.104471
v -0.383710 0.295838 -0.104471
v -0.366136 0.276310 -0.100565
v -0.366136 0.276310 -0.100565
v -0.399332 0.309507 -0.102518
v -0.399332 0.309507 -0.102518
v -0.251028 0.450514 -0.096660
v -0.251028 0.450514 -0.096660
v -0.405293 0.366547 -0.061511
v -0.405293 0.366547 -0.061511
v -0.397482 0.356783 -0.088849
v -0.397482 0.356783 -0.088849
v -0.397482 0.356783 -0.088849
v -0.407246 0.370452 -0.036125
v -0.407246 0.370452 -0.036125
v -0.155344 0.546197 -0.079085
v -0.155344 0.546197 -0.079085
v -0.151439 0.555961 -0.061511
v -0.151439 0.555961 -0.061511
v -0.151439 0.555961 -0.061511
v -0.151439 0.559866 -0.034173
v -0.151439 0.559866 -0.034173
v -0.163155 0.552055 -0.010740
v -0.229548 0.473947 -0.000976
v -0.202210 0.507143 -0.000976
v -0.153392 0.555961 -0.010740
v -0.153392 0.555961 -0.010740
v -0.153392 0.555961 -0.010740
v -0.399435 0.356783 0.014645
v -0.399435 0.356783 0.014645
v -0.399435 0.356783 0.014645
v -0.249075 0.452467 0.022456
v -0.249075 0.452467 0.022456
v -0.223690 0.466136 0.024409
v -0.223690 0.466136 0.024409
v -0.206115 0.483710 0.028314
v -0.206115 0.483710 0.028314
v -0.170966 0.528623 0.016598
v -0.170966 0.528623 0.016598
v -0.192446 0.499332 0.026362
v -0.192446 0.499332 0.026362
v -0.157297 0.546197 0.004882
v -0.157297 0.546197 0.004882
v -0.129856 -0.524306 -0.411048
v -0.118140 -0.522354 -0.346608
v -0.118140 -0.522354 -0.346608
v 0.114234 -0.528212 -0.393474
v 0.114234 -0.528212 -0.393474
v 0.274358 -0.469630 -0.307554
v 0.120092 -0.612179 -0.352467
v 0.120092 -0.612179 -0.352467
v 0.323176 -0.485252 -0.233350
v 0.323176 -0.485252 -0.233350
v 0.323176 -0.485252 -0.233350
v 0.309507 -0.483299 -0.219681
v 0.309507 -0.483299 -0.219681
v 0.309507 -0.483299 -0.219681
v 0.123998 -0.108376 -0.045889
v 0.100565 -0.116187 -0.012693
v 0.106423 -0.116187 -0.047842
v 0.114234 -0.108376 -0.004882
v 0.086896 -0.114234 0.014645
v 0.071274 -0.123998 -0.016598
v 0.071274 -0.123998 -0.016598
v 0.038078 -0.123998 0.022456
v 0.038078 -0.123998 0.022456
v 0.079085 -0.120092 -0.082991
v 0.079085 -0.120092 -0.082991
v 0.104471 -0.112282 -0.086896
v 0.127903 -0.098613 -0.088849
v 0.094707 -0.104471 -0.116187
v 0.053700 -0.110329 -0.127903
v 0.053700 -0.110329 -0.127903
v 0.071274 -0.110329 0.034173
v 0.084943 -0.075180 -0.168911
v 0.002929 -0.096660 -0.165005
v 0.002929 -0.096660 -0.165005
v 0.002929 -0.096660 -0.165005
v 0.067369 -0.049794 -0.209918
v 0.067369 -0.049794 -0.209918
v 0.088849 -0.055653 -0.194296
v 0.088849 -0.055653 -0.194296
v 0.088849 -0.055653 -0.194296
v 0.108376 -0.071274 -0.159147
v 0.108376 -0.071274 -0.159147
v 0.120092 -0.082991 -0.123998
v 0.120092 -0.082991 -0.123998
v 0.129856 -0.102518 -0.043936
v 0.125951 -0.100565 -0.004882
v 0.125951 -0.100565 -0.004882
v 0.163052 -0.082991 -0.043936
v 0.127903 -0.092754 -0.088849
v 0.127903 -0.092754 -0.088849
v 0.127903 -0.092754 -0.088849
v 0.157194 -0.077133 -0.082991
v 0.157194 -0.077133 -0.082991
v 0.188438 -0.059558 -0.043936
v 0.180627 -0.053700 -0.086896
v 0.180627 -0.053700 -0.086896
v 0.465827 0.370452 -0.040031
v 0.458016 0.362641 -0.092754
v 0.458016 0.362641 -0.092754
v 0.143525 -0.086896 -0.004882
v 0.157194 -0.077133 -0.004882
v 0.180627 -0.053700 -0.000976
v 0.459969 0.360689 0.010740
v 0.459969 0.360689 0.010740
v 0.458016 0.374358 -0.040031
v 0.458016 0.374358 -0.040031
v 0.450206 0.366547 -0.092754
v 0.450206 0.366547 -0.092754
v 0.450206 0.366547 -0.092754
v 0.452158 0.364594 0.010740
v 0.452158 0.364594 0.010740
v 0.452158 0.364594 0.010740
v 0.096660 -0.096660 0.036125
v 0.096660 -0.096660 0.036125
v 0.041984 -0.110329 0.045889
v 0.041984 -0.110329 0.045889
v 0.098613 -0.088849 0.028314
v 0.098613 -0.088849 0.028314
v 0.098613 -0.088849 0.028314
v 0.075180 -0.086896 0.059558
v 0.075180 -0.086896 0.059558
v 0.129856 -0.065416 0.026362
v 0.129856 -0.065416 0.026362
v 0.149383 -0.047842 0.028314
v 0.149383 -0.047842 0.028314
v 0.047842 -0.081038 0.071274
v 0.047842 -0.081038 0.071274
v 0.047842 -0.081038 0.071274
v 0.047842 -0.081038 0.071274
v -0.123998 0.746917 0.049794
v -0.123998 0.746917 0.049794
v -0.114234 0.580935 0.034173
v -0.108376 0.506732 0.034173
v -0.108376 0.506732 0.034173
v 0.123998 0.746917 0.049794
v 0.123998 0.746917 0.049794
v 0.114234 0.580935 0.034173
v 0.108376 0.506732 0.034173
v 0.108376 0.506732 0.034173
v -0.123998 0.746917 -0.123998
v -0.123998 0.746917 -0.123998
v -0.114234 0.582888 -0.141572
v -0.108376 0.506732 -0.145478
v -0.108376 0.506732 -0.145478
v 0.123998 0.746917 -0.123998
v 0.123998 0.746917 -0.123998
v 0.114234 0.582888 -0.141572
v 0.108376 0.506732 -0.145478
v 0.108376 0.506732 -0.145478
v -0.163052 -0.082991 -0.043936
v -0.129856 -0.102518 -0.043936
v -0.125951 -0.100565 -0.004882
v -0.125951 -0.100565 -0.004882
v -0.125951 -0.100565 -0.004882
v -0.114234 -0.108376 -0.004882
v -0.143525 -0.086896 -0.004882
v -0.143525 -0.086896 -0.004882
v -0.157194 -0.077133 -0.004882
v -0.157194 -0.077133 -0.004882
v -0.123998 -0.108376 -0.045889
v -0.100565 -0.116187 -0.012693
v -0.188438 -0.059558 -0.043936
v -0.180627 -0.053700 -0.000976
v -0.180627 -0.053700 -0.000976
v -0.465827 0.370452 -0.040031
v -0.459969 0.360689 0.010740
v -0.459969 0.360689 0.010740
v -0.127903 -0.098613 -0.088849
v -0.157194 -0.077133 -0.082991
v -0.106423 -0.116187 -0.047842
v -0.180627 -0.053700 -0.086896
v -0.458016 0.362641 -0.092754
v -0.104471 -0.112282 -0.086896
v -0.127903 -0.092754 -0.088849
v -0.127903 -0.092754 -0.088849
v -0.458016 0.374358 -0.040031
v -0.458016 0.374358 -0.040031
v -0.450206 0.366547 -0.092754
v -0.450206 0.366547 -0.092754
v -0.452158 0.364594 0.010740
v -0.452158 0.364594 0.010740
v -0.452158 0.364594 0.010740
v -0.094707 -0.104471 -0.116187
v -0.120092 -0.082991 -0.123998
v -0.120092 -0.082991 -0.123998
v -0.079085 -0.120092 -0.082991
v -0.079085 -0.120092 -0.082991
v -0.084943 -0.075180 -0.168911
v -0.108376 -0.071274 -0.159147
v -0.108376 -0.071274 -0.159147
v -0.088849 -0.055653 -0.194296
v -0.088849 -0.055653 -0.194296
v -0.088849 -0.055653 -0.194296
v -0.139620 -0.055653 -0.118140
v -0.139620 -0.055653 -0.118140
v -0.118140 -0.075180 -0.122045
v -0.118140 -0.075180 -0.122045
v -0.053700 -0.110329 -0.127903
v -0.053700 -0.110329 -0.127903
v -0.149383 -0.047842 -0.116187
v -0.149383 -0.047842 -0.116187
v -0.233350 0.063464 -0.131809
v -0.233350 0.063464 -0.131809
v -0.067369 -0.049794 -0.209918
v -0.067369 -0.049794 -0.209918
v -0.002929 -0.096660 -0.165005
v -0.002929 -0.096660 -0.165005
v -0.002929 -0.096660 -0.165005
v -0.071274 -0.123998 -0.016598
v -0.071274 -0.123998 -0.016598
v -0.086896 -0.114234 0.014645
v -0.038078 -0.123998 0.022456
v -0.038078 -0.123998 0.022456
v -0.096660 -0.096660 0.036125
v -0.071274 -0.110329 0.034173
v -0.071274 -0.110329 0.034173
v -0.237256 0.071274 -0.129856
v -0.237256 0.071274 -0.129856
v -0.237256 0.071274 -0.129856
v -0.075180 -0.086896 0.059558
v -0.075180 -0.086896 0.059558
v -0.075180 -0.086896 0.059558
v -0.129856 -0.008787 -0.127903
v -0.129856 -0.008787 -0.127903
v -0.098613 -0.092754 0.034173
v -0.098613 -0.092754 0.034173
v -0.036125 0.834789 -0.030267
v -0.036125 0.834789 -0.030267
v -0.036125 0.834789 -0.030267
v -0.036125 0.834789 -0.030267
v -0.049794 0.756680 0.038078
v -0.049794 0.756680 0.038078
v -0.030267 0.760586 -0.034173
v -0.055653 0.834789 0.041984
v -0.055653 0.834789 0.041984
v -0.055653 0.834789 0.041984
v -0.053700 0.830884 -0.104471
v -0.053700 0.830884 -0.104471
v -0.049794 0.756680 -0.114234
v -0.049794 0.756680 -0.114234
v -0.055653 0.825026 -0.112282
v -0.055653 0.825026 -0.112282
v -0.055653 0.825026 -0.112282
v -0.034173 0.752775 -0.034173
v -0.034173 0.752775 -0.034173
v -0.053700 0.750822 0.036125
v -0.053700 0.750822 0.036125
v -0.053700 0.750822 0.036125
v -0.053700 0.750822 -0.112282
v -0.053700 0.750822 -0.112282
v -0.053700 0.750822 -0.112282
v 0.036125 0.834789 -0.030267
v 0.036125 0.834789 -0.030267
v 0.036125 0.834789 -0.030267
v 0.036125 0.834789 -0.030267
v 0.030267 0.760586 -0.034173
v 0.049794 0.756680 0.038078
v 0.049794 0.756680 0.038078
v 0.055653 0.834789 0.041984
v 0.055653 0.834789 0.041984
v 0.055653 0.834789 0.041984
v 0.053700 0.830884 -0.104471
v 0.053700 0.830884 -0.104471
v 0.049794 0.756680 -0.114234
v 0.049794 0.756680 -0.114234
v 0.055653 0.825026 -0.112282
v 0.055653 0.825026 -0.112282
v 0.055653 0.825026 -0.112282
v 0.034173 0.752775 -0.034173
v 0.034173 0.752775 -0.034173
v 0.053700 0.750822 0.036125
v 0.053700 0.750822 0.036125
v 0.053700 0.750822 0.036125
v 0.053700 0.750822 -0.112282
v 0.053700 0.750822 -0.112282
v 0.053700 0.750822 -0.112282
v -0.143525 0.860175 -0.237256
v -0.116187 0.846506 -0.223587
v -0.116187 0.846506 -0.223587
v -0.168911 0.846506 -0.221634
v -0.168911 0.846506 -0.221634
v -0.071274 0.862127 -0.231398
v -0.071274 0.862127 -0.231398
v -0.065416 0.846506 -0.209918
v -0.065416 0.846506 -0.209918
v -0.065416 0.846506 -0.209918
v -0.204060 0.862127 -0.225540
v -0.207965 0.846506 -0.209918
v -0.207965 0.846506 -0.209918
v -0.219681 0.860175 -0.213823
v -0.219681 0.860175 -0.213823
v -0.053700 0.860175 -0.213823
v -0.053700 0.860175 -0.213823
v 0.143525 0.860175 -0.237256
v 0.168911 0.846506 -0.221634
v 0.168911 0.846506 -0.221634
v 0.116187 0.846506 -0.223587
v 0.116187 0.846506 -0.223587
v 0.071274 0.862127 -0.231398
v 0.071274 0.862127 -0.231398
v 0.065416 0.846506 -0.209918
v 0.065416 0.846506 -0.209918
v 0.065416 0.846506 -0.209918
v 0.204060 0.862127 -0.225540
v 0.207965 0.846506 -0.209918
v 0.207965 0.846506 -0.209918
v 0.219681 0.860175 -0.213823
v 0.219681 0.860175 -0.213823
v 0.053700 0.860175 -0.213823
v 0.053700 0.860175 -0.213823
v -0.221634 0.832837 -0.030267
v -0.221634 0.832837 -0.030267
v -0.206012 0.752775 -0.114234
v -0.206012 0.752775 -0.114234
v -0.223587 0.754728 -0.034173
v -0.207965 0.830884 -0.104471
v -0.207965 0.830884 -0.104471
v -0.207965 0.830884 -0.104471
v -0.206012 0.754728 0.038078
v -0.206012 0.754728 0.038078
v -0.204060 0.832837 0.041984
v -0.204060 0.832837 0.041984
v -0.204060 0.832837 0.041984
v -0.219681 0.746917 -0.034173
v -0.219681 0.746917 -0.034173
v -0.202107 0.746917 0.036125
v -0.202107 0.746917 0.036125
v -0.202107 0.746917 0.036125
v -0.202107 0.746917 -0.112282
v -0.202107 0.746917 -0.112282
v -0.202107 0.746917 -0.112282
v 0.221634 0.832837 -0.030267
v 0.221634 0.832837 -0.030267
v 0.223587 0.754728 -0.034173
v 0.206012 0.752775 -0.114234
v 0.206012 0.752775 -0.114234
v 0.207965 0.830884 -0.104471
v 0.207965 0.830884 -0.104471
v 0.207965 0.830884 -0.104471
v 0.206012 0.754728 0.038078
v 0.206012 0.754728 0.038078
v 0.204060 0.832837 0.041984
v 0.204060 0.832837 0.041984
v 0.204060 0.832837 0.041984
v 0.219681 0.746917 -0.034173
v 0.219681 0.746917 -0.034173
v 0.202107 0.746917 0.036125
v 0.202107 0.746917 0.036125
v 0.202107 0.746917 0.036125
v 0.202107 0.746917 -0.112282
v 0.202107 0.746917 -0.112282
v 0.202107 0.746917 -0.112282
v -0.704060 0.331398 0.022456
v -0.704060 0.331398 0.022456
v 0.704060 0.331398 0.022456
v 0.704060 0.331398 0.022456
v -0.360277 0.346608 -0.114234
v -0.360277 0.346608 -0.114234
v -0.313412 0.309507 -0.104471
v -0.313412 0.309507 -0.104471
v -0.352467 0.387616 -0.125951
v -0.352467 0.387616 -0.125951
v -0.352467 0.387616 -0.125951
v -0.332939 0.389568 -0.125951
v -0.332939 0.389568 -0.125951
v -0.332939 0.389568 -0.125951
v -0.301696 0.289979 -0.104471
v -0.301696 0.289979 -0.104471
v -0.211870 0.133762 -0.104471
v -0.211870 0.133762 -0.104471
v -0.211870 0.133762 -0.104471
v -0.371994 0.338798 -0.110329
v -0.371994 0.338798 -0.110329
v -0.371994 0.338798 -0.110329
v -0.387616 0.344656 -0.106423
v -0.387616 0.344656 -0.106423
v -0.137770 0.514954 -0.096660
v -0.126053 0.534481 -0.082991
v -0.126053 0.534481 -0.082991
v -0.120195 0.520812 -0.084943
v -0.120195 0.520812 -0.084943
v -0.135817 0.550103 -0.067369
v -0.135817 0.550103 -0.067369
v -0.137770 0.491521 -0.092754
v -0.137770 0.491521 -0.092754
v 0.360277 0.346608 -0.114234
v 0.360277 0.346608 -0.114234
v 0.313412 0.309507 -0.104471
v 0.313412 0.309507 -0.104471
v 0.352467 0.387616 -0.125951
v 0.352467 0.387616 -0.125951
v 0.352467 0.387616 -0.125951
v 0.332939 0.389568 -0.125951
v 0.332939 0.389568 -0.125951
v 0.332939 0.389568 -0.125951
v 0.301696 0.289979 -0.104471
v 0.301696 0.289979 -0.104471
v 0.211871 0.133762 -0.104471
v 0.211871 0.133762 -0.104471
v 0.211871 0.133762 -0.104471
v 0.371994 0.338798 -0.110329
v 0.371994 0.338798 -0.110329
v 0.371994 0.338798 -0.110329
v 0.387616 0.344656 -0.106423
v 0.387616 0.344656 -0.106423
v 0.137770 0.514954 -0.096660
v 0.126053 0.534481 -0.082991
v 0.126053 0.534481 -0.082991
v 0.120195 0.520812 -0.084943
v 0.120195 0.520812 -0.084943
v 0.135817 0.550103 -0.067369
v 0.135817 0.550103 -0.067369
v 0.137770 0.491521 -0.092754
v 0.137770 0.491521 -0.092754
v 0.000976 -0.006835 0.071274
v 0.000976 -0.047842 0.067369
v 0.075180 -0.047842 0.061511
v 0.075180 -0.006835 0.063464
v 0.000976 0.116187 0.082991
v 0.000976 0.116187 0.082991
v 0.081038 0.116187 0.071274
v 0.081038 0.116187 0.071274
v 0.073227 -0.063464 0.057605
v 0.000976 -0.063464 0.065416
v 0.045889 -0.075180 0.057605
v 0.045889 -0.075180 0.057605
v 0.045889 -0.075180 0.057605
v -0.075180 -0.047842 0.061511
v -0.075180 -0.006835 0.063464
v -0.073227 -0.063464 0.057605
v -0.081038 0.116187 0.071274
v -0.081038 0.116187 0.071274
v -0.045889 -0.075180 0.057605
v -0.045889 -0.075180 0.057605
v 0.000976 -0.073227 0.061511
v 0.000976 -0.073227 0.061511
v -0.071274 -0.081038 0.049794
v -0.071274 -0.081038 0.049794
v 0.071274 -0.081038 0.049794
v 0.071274 -0.081038 0.049794
v -0.129856 -0.065416 0.026362
v -0.114234 -0.043936 0.040031
v -0.149383 -0.047842 0.028314
v -0.120092 -0.022456 0.038078
v -0.432631 0.335303 0.047842
v -0.432631 0.335303 0.047842
v -0.198201 0.092754 0.057605
v -0.198201 0.092754 0.057605
v -0.108376 -0.008787 0.036125
v -0.116187 0.036125 0.032220
v -0.165005 0.112282 0.043936
v -0.165005 0.112282 0.043936
v -0.165005 0.112282 0.043936
v -0.139620 0.116187 0.026362
v -0.139620 0.116187 0.026362
v -0.139620 0.116187 0.026362
v -0.098613 -0.088849 0.028314
v -0.098613 -0.088849 0.028314
v 0.114234 -0.043936 0.040031
v 0.120092 -0.022456 0.038078
v 0.108376 -0.008787 0.036125
v 0.116187 0.036125 0.032220
v 0.432631 0.335303 0.047842
v 0.432631 0.335303 0.047842
v 0.198201 0.092754 0.057605
v 0.198201 0.092754 0.057605
v 0.165005 0.112282 0.043936
v 0.165005 0.112282 0.043936
v 0.165005 0.112282 0.043936
v 0.139620 0.116187 0.026362
v 0.139620 0.116187 0.026362
v 0.139620 0.116187 0.026362
v -0.299743 -0.247020 -0.104471
v -0.297790 -0.247020 -0.151336
v -0.311459 -0.270452 -0.108376
v -0.311459 -0.270452 -0.108376
v -0.311459 -0.270452 -0.108376
v -0.748972 0.399743 -0.063464
v -0.776310 0.413412 -0.057605
v -0.776310 0.413412 -0.057605
v -0.776310 0.413412 -0.057605
v -0.307554 -0.272405 -0.155242
v -0.313412 -0.274358 -0.116187
v -0.313412 -0.274358 -0.116187
v -0.313412 -0.274358 -0.116187
v -0.291932 -0.248972 -0.196249
v -0.280216 -0.229445 -0.192343
v -0.284121 -0.227492 -0.100565
v -0.729445 0.384121 -0.059558
v -0.282169 -0.227492 -0.147431
v -0.272405 -0.233350 -0.243114
v -0.260689 -0.217729 -0.243114
v -0.266547 -0.209918 -0.143525
v -0.301696 -0.272405 -0.198201
v -0.264594 -0.213823 -0.190391
v -0.709918 0.366547 -0.094707
v -0.711871 0.366547 -0.055653
v -0.247020 -0.206012 -0.247020
v -0.282169 -0.252878 -0.243114
v -0.247020 -0.200154 -0.188438
v -0.247020 -0.196249 -0.127903
v -0.229445 -0.188438 -0.192343
v -0.229445 -0.188438 -0.192343
v -0.229445 -0.184532 -0.129856
v -0.229445 -0.184532 -0.129856
v -0.698201 0.347020 -0.057605
v -0.686485 0.329445 -0.055653
v -0.686485 0.329445 -0.055653
v -0.229445 -0.196249 -0.250925
v -0.229445 -0.196249 -0.250925
v -0.315365 -0.297790 -0.157194
v -0.309507 -0.297790 -0.200154
v -0.289979 -0.274358 -0.243114
v -0.329034 -0.340750 -0.108376
v -0.329034 -0.340750 -0.108376
v -0.295838 -0.297790 -0.243114
v -0.321223 -0.330987 -0.159147
v -0.321223 -0.330987 -0.159147
v -0.321223 -0.330987 -0.159147
v -0.305601 -0.330987 -0.225540
v -0.334892 -0.426670 -0.114234
v -0.334892 -0.426670 -0.114234
v -0.334892 -0.426670 -0.114234
v -0.334892 -0.422765 -0.122045
v -0.334892 -0.422765 -0.122045
v -0.334892 -0.422765 -0.122045
v -0.313412 -0.346608 -0.198201
v -0.313412 -0.346608 -0.198201
v -0.313412 -0.346608 -0.198201
v -0.309507 -0.483299 -0.219681
v -0.309507 -0.483299 -0.219681
v -0.309507 -0.483299 -0.219681
v -0.274358 -0.469630 -0.307554
v -0.112282 -0.612179 -0.342703
v -0.112282 -0.612179 -0.342703
v -0.163052 -0.584841 -0.375899
v -0.323176 -0.485252 -0.233350
v -0.323176 -0.485252 -0.233350
v -0.323176 -0.485252 -0.233350
v -0.454008 -0.342703 -0.041984
v -0.454008 -0.342703 -0.041984
v -0.334892 -0.409096 -0.055653
v -0.334892 -0.409096 -0.055653
v -0.334892 -0.409096 -0.055653
v -0.832939 0.427081 -0.053700
v -0.832939 0.427081 -0.053700
v -0.782169 0.413412 -0.051747
v -0.782169 0.413412 -0.051747
v -0.444245 -0.411048 -0.041984
v -0.444245 -0.411048 -0.041984
v -0.413001 -0.455961 -0.045889
v -0.413001 -0.455961 -0.045889
v -0.413001 -0.455961 -0.045889
v -0.440339 -0.311459 -0.045889
v -0.440339 -0.311459 -0.045889
v -0.461819 -0.371994 -0.047842
v -0.461819 -0.371994 -0.047842
v -0.457914 -0.399332 -0.047842
v -0.457914 -0.399332 -0.047842
v -0.457914 -0.399332 -0.047842
v -0.774358 0.413412 -0.059558
v -0.774358 0.413412 -0.059558
v -0.774358 0.413412 -0.059558
v -0.774358 0.413412 -0.059558
v 0.334892 -0.409096 -0.055653
v 0.334892 -0.409096 -0.055653
v 0.334892 -0.409096 -0.055653
v 0.454008 -0.342703 -0.041984
v 0.454008 -0.342703 -0.041984
v 0.832939 0.427081 -0.053700
v 0.832939 0.427081 -0.053700
v 0.782169 0.413412 -0.051747
v 0.782169 0.413412 -0.051747
v 0.444245 -0.411048 -0.041984
v 0.444245 -0.411048 -0.041984
v 0.413001 -0.455961 -0.045889
v 0.413001 -0.455961 -0.045889
v 0.413001 -0.455961 -0.045889
v 0.440339 -0.311459 -0.045889
v 0.440339 -0.311459 -0.045889
v 0.461819 -0.371994 -0.047842
v 0.461819 -0.371994 -0.047842
v 0.457914 -0.399332 -0.047842
v 0.457914 -0.399332 -0.047842
v 0.457914 -0.399332 -0.047842
v 0.774358 0.413412 -0.059558
v 0.774358 0.413412 -0.059558
v 0.774358 0.413412 -0.059558
v 0.774358 0.413412 -0.059558
v -0.030267 0.848458 -0.075180
v -0.026362 0.848458 -0.049794
v -0.030267 0.838695 -0.051747
v -0.030267 0.838695 -0.051747
v -0.036125 0.836742 -0.090802
v -0.036125 0.836742 -0.090802
v -0.034173 0.856269 -0.104471
v -0.043936 0.940236 -0.229445
v -0.047842 0.830884 -0.120092
v -0.047842 0.830884 -0.120092
v -0.057605 0.842600 -0.155242
v -0.057605 0.842600 -0.155242
v -0.030267 0.848458 -0.012693
v -0.026362 0.940236 -0.012693
v -0.036125 0.848458 0.020504
v -0.040031 0.838695 0.018551
v -0.040031 0.838695 0.018551
v -0.045889 0.848458 0.051747
v -0.045889 0.848458 0.051747
v -0.049794 0.838695 0.047842
v -0.049794 0.838695 0.047842
v -0.059558 0.846506 0.065416
v -0.059558 0.846506 0.065416
v -0.059558 0.846506 0.065416
v 0.026362 0.848458 -0.049794
v 0.030267 0.848458 -0.075180
v 0.030267 0.838695 -0.051747
v 0.030267 0.838695 -0.051747
v 0.036125 0.836742 -0.090802
v 0.036125 0.836742 -0.090802
v 0.034173 0.856269 -0.104471
v 0.043936 0.940236 -0.229445
v 0.047842 0.830884 -0.120092
v 0.047842 0.830884 -0.120092
v 0.057605 0.842600 -0.155242
v 0.057605 0.842600 -0.155242
v 0.030267 0.848458 -0.012693
v 0.026362 0.940236 -0.012693
v 0.036125 0.848458 0.020504
v 0.040031 0.838695 0.018551
v 0.040031 0.838695 0.018551
v 0.045889 0.848458 0.051747
v 0.045889 0.848458 0.051747
v 0.049794 0.838695 0.047842
v 0.049794 0.838695 0.047842
v 0.059558 0.846506 0.065416
v 0.059558 0.846506 0.065416
v 0.059558 0.846506 0.065416
v 0.161202 0.458325 0.036125
v 0.161202 0.458325 0.036125
v 0.204162 0.430987 0.028314
v 0.157297 0.421223 0.032220
v 0.157297 0.421223 0.032220
v 0.157297 0.421223 0.032220
v 0.374049 0.315776 0.028314
v 0.374049 0.315776 0.028314
v 0.155344 0.487616 0.032220
v 0.155344 0.487616 0.032220
v 0.139723 0.514954 0.022456
v 0.182580 0.149383 0.018551
v 0.182580 0.149383 0.018551
v 0.182580 0.149383 0.018551
v 0.182682 0.401696 0.020504
v 0.182682 0.401696 0.020504
v 0.128006 0.532528 0.010740
v 0.128006 0.532528 0.010740
v 0.124101 0.520812 0.012693
v 0.124101 0.520812 0.012693
v 0.139723 0.491521 0.020504
v 0.139723 0.491521 0.020504
v 0.135817 0.550103 -0.006835
v 0.135817 0.550103 -0.006835
v -0.161202 0.458325 0.036125
v -0.161202 0.458325 0.036125
v -0.204162 0.430987 0.028314
v -0.157297 0.421223 0.032220
v -0.157297 0.421223 0.032220
v -0.157297 0.421223 0.032220
v -0.374049 0.315776 0.028314
v -0.374049 0.315776 0.028314
v -0.155344 0.487616 0.032220
v -0.155344 0.487616 0.032220
v -0.139723 0.514954 0.022456
v -0.182580 0.149383 0.018551
v -0.182580 0.149383 0.018551
v -0.182580 0.149383 0.018551
v -0.182682 0.401696 0.020504
v -0.182682 0.401696 0.020504
v -0.128006 0.532528 0.010740
v -0.128006 0.532528 0.010740
v -0.124101 0.520812 0.012693
v -0.124101 0.520812 0.012693
v -0.139723 0.491521 0.020504
v -0.139723 0.491521 0.020504
v -0.135817 0.550103 -0.006835
v -0.135817 0.550103 -0.006835
v -0.174872 0.391932 -0.034173
v -0.178777 0.395838 -0.000976
v -0.245170 0.335303 -0.034173
v -0.176721 0.161100 -0.000976
v -0.260791 0.323587 -0.034173
v -0.147533 0.407554 -0.034173
v -0.147533 0.407554 -0.034173
v -0.151439 0.417318 0.020504
v -0.151439 0.417318 0.020504
v -0.143628 0.407554 -0.063464
v -0.143628 0.407554 -0.063464
v -0.245170 0.335303 -0.055653
v -0.245170 0.335303 -0.055653
v -0.245170 0.335303 -0.055653
v -0.260791 0.323587 -0.055653
v -0.260791 0.323587 -0.055653
v -0.260791 0.323587 -0.055653
v -0.178777 0.395838 -0.086896
v -0.178777 0.395838 -0.086896
v -0.122148 0.415365 -0.090802
v -0.122148 0.415365 -0.090802
v -0.321223 0.383710 -0.082991
v -0.170863 0.157194 0.000976
v -0.170863 0.157194 0.000976
v -0.340750 0.393474 -0.098613
v -0.340750 0.393474 -0.098613
v -0.336845 0.387616 -0.079085
v -0.336845 0.387616 -0.079085
v -0.168911 0.153289 0.006835
v -0.168911 0.153289 0.006835
v -0.186485 0.141572 0.034173
v -0.186485 0.141572 0.034173
v -0.186485 0.141572 0.034173
v -0.153289 0.122045 0.016598
v -0.153289 0.122045 0.016598
v -0.153289 0.122045 0.016598
v -0.168911 0.116187 0.038078
v -0.168911 0.116187 0.038078
v -0.168911 0.116187 0.038078
v -0.139723 0.429034 -0.063464
v -0.139723 0.429034 -0.063464
v -0.139723 0.429034 -0.063464
v -0.145478 0.118140 0.026362
v -0.145478 0.118140 0.026362
v -0.350514 0.391521 -0.098613
v -0.350514 0.391521 -0.098613
v 0.174872 0.391932 -0.034173
v 0.245170 0.335303 -0.034173
v 0.178777 0.395838 -0.000976
v 0.176721 0.161100 -0.000976
v 0.176721 0.161100 -0.000976
v 0.260791 0.323587 -0.034173
v 0.147533 0.407554 -0.034173
v 0.147533 0.407554 -0.034173
v 0.151439 0.417318 0.020504
v 0.151439 0.417318 0.020504
v 0.143628 0.407554 -0.063464
v 0.143628 0.407554 -0.063464
v 0.245170 0.335303 -0.055653
v 0.245170 0.335303 -0.055653
v 0.245170 0.335303 -0.055653
v 0.260791 0.323587 -0.055653
v 0.260791 0.323587 -0.055653
v 0.260791 0.323587 -0.055653
v 0.178777 0.395838 -0.086896
v 0.178777 0.395838 -0.086896
v 0.122148 0.415365 -0.090802
v 0.122148 0.415365 -0.090802
v 0.321223 0.383710 -0.082991
v 0.340750 0.393474 -0.098613
v 0.340750 0.393474 -0.098613
v 0.336845 0.387616 -0.079085
v 0.336845 0.387616 -0.079085
v 0.168911 0.153289 0.006835
v 0.168911 0.153289 0.006835
v 0.186485 0.141572 0.034173
v 0.186485 0.141572 0.034173
v 0.186485 0.141572 0.034173
v 0.153289 0.122045 0.016598
v 0.153289 0.122045 0.016598
v 0.153289 0.122045 0.016598
v 0.168911 0.116187 0.038078
v 0.168911 0.116187 0.038078
v 0.168911 0.116187 0.038078
v 0.139723 0.429034 -0.063464
v 0.139723 0.429034 -0.063464
v 0.139723 0.429034 -0.063464
v 0.145478 0.118140 0.026362
v 0.145478 0.118140 0.026362
v 0.350514 0.391521 -0.098613
v 0.350514 0.391521 -0.098613
v -0.467677 -0.334892 -0.108376
v -0.473535 -0.387616 -0.108376
v -0.477441 -0.344656 -0.108376
v -0.477441 -0.344656 -0.108376
v -0.481346 -0.371994 -0.108376
v -0.481346 -0.371994 -0.108376
v -0.477441 -0.399332 -0.108376
v -0.477441 -0.399332 -0.108376
v -0.477441 -0.399332 -0.108376
v -0.459866 -0.422765 -0.108376
v -0.467677 -0.422765 -0.108376
v -0.467677 -0.422765 -0.108376
v -0.450103 -0.442292 -0.108376
v -0.450103 -0.442292 -0.108376
v -0.440339 -0.307554 -0.108376
v -0.467677 -0.321223 -0.108376
v -0.467677 -0.321223 -0.108376
v -0.467677 -0.321223 -0.108376
v -0.448150 -0.295838 -0.108376
v -0.448150 -0.295838 -0.108376
v -0.405190 -0.272405 -0.108376
v -0.405190 -0.272405 -0.108376
v -0.385663 -0.299743 -0.108376
v -0.385663 -0.330987 -0.104471
v -0.430576 -0.381757 -0.104471
v -0.381757 -0.379805 -0.104471
v -0.381757 -0.442292 -0.110329
v -0.428623 -0.454008 -0.108376
v -0.428623 -0.454008 -0.108376
v -0.387616 -0.457914 -0.100565
v -0.387616 -0.457914 -0.100565
v -0.387616 -0.457914 -0.100565
v -0.352467 -0.264594 -0.106423
v -0.352467 -0.264594 -0.106423
v 0.467677 -0.334892 -0.108376
v 0.477441 -0.344656 -0.108376
v 0.477441 -0.344656 -0.108376
v 0.473535 -0.387616 -0.108376
v 0.481346 -0.371994 -0.108376
v 0.481346 -0.371994 -0.108376
v 0.477441 -0.399332 -0.108376
v 0.477441 -0.399332 -0.108376
v 0.477441 -0.399332 -0.108376
v 0.459866 -0.422765 -0.108376
v 0.467677 -0.422765 -0.108376
v 0.467677 -0.422765 -0.108376
v 0.450103 -0.442292 -0.108376
v 0.450103 -0.442292 -0.108376
v 0.405190 -0.272405 -0.108376
v 0.405190 -0.272405 -0.108376
v 0.448150 -0.295838 -0.108376
v 0.448150 -0.295838 -0.108376
v 0.448150 -0.295838 -0.108376
v 0.440339 -0.307554 -0.108376
v 0.385663 -0.299743 -0.108376
v 0.467677 -0.321223 -0.108376
v 0.467677 -0.321223 -0.108376
v 0.385663 -0.330987 -0.104471
v 0.430576 -0.381757 -0.104471
v 0.381757 -0.379805 -0.104471
v 0.381757 -0.442292 -0.110329
v 0.428623 -0.454008 -0.108376
v 0.428623 -0.454008 -0.108376
v 0.329034 -0.340750 -0.108376
v 0.329034 -0.340750 -0.108376
v 0.313412 -0.274358 -0.116187
v 0.313412 -0.274358 -0.116187
v 0.313412 -0.274358 -0.116187
v 0.334892 -0.426670 -0.114234
v 0.334892 -0.426670 -0.114234
v 0.334892 -0.426670 -0.114234
v 0.387616 -0.457914 -0.100565
v 0.387616 -0.457914 -0.100565
v 0.387616 -0.457914 -0.100565
v 0.352467 -0.264594 -0.106423
v 0.352467 -0.264594 -0.106423
v -0.330987 -0.334892 -0.221634
v -0.330987 -0.334892 -0.221634
v -0.321223 -0.327081 -0.215776
v -0.321223 -0.327081 -0.215776
v -0.321223 -0.327081 -0.215776
v 0.330987 -0.334892 -0.221634
v 0.330987 -0.334892 -0.221634
v 0.321223 -0.327081 -0.215776
v 0.321223 -0.327081 -0.215776
v 0.321223 -0.327081 -0.215776
v -0.141572 0.846506 0.077133
v -0.141572 0.846506 0.077133
v -0.112282 0.846506 0.077133
v -0.112282 0.846506 0.077133
v -0.112282 0.846506 0.077133
v -0.170863 0.846506 0.073227
v -0.170863 0.846506 0.073227
v -0.082991 0.846506 0.073227
v -0.082991 0.846506 0.073227
v -0.198201 0.846506 0.065416
v -0.198201 0.846506 0.065416
v -0.215776 0.848458 0.051747
v -0.215776 0.848458 0.051747
v -0.215776 0.848458 0.051747
v -0.225540 0.848458 0.020504
v -0.225540 0.848458 0.020504
v 0.112282 0.846506 0.077133
v 0.112282 0.846506 0.077133
v 0.112282 0.846506 0.077133
v 0.141572 0.846506 0.077133
v 0.141572 0.846506 0.077133
v 0.170863 0.846506 0.073227
v 0.170863 0.846506 0.073227
v 0.082991 0.846506 0.073227
v 0.082991 0.846506 0.073227
v 0.198201 0.846506 0.065416
v 0.198201 0.846506 0.065416
v 0.215776 0.848458 0.051747
v 0.215776 0.848458 0.051747
v 0.215776 0.848458 0.051747
v 0.225540 0.848458 0.020504
v 0.225540 0.848458 0.020504
v -0.125951 0.805498 -0.129856
v -0.125951 0.805498 -0.129856
v -0.059558 0.756680 -0.122045
v -0.059558 0.756680 -0.122045
v -0.123998 0.752775 -0.133762
v -0.194296 0.752775 -0.122045
v -0.194296 0.752775 -0.122045
v -0.192343 0.815262 -0.120092
v -0.192343 0.815262 -0.120092
v -0.123998 0.746917 -0.129856
v -0.123998 0.746917 -0.129856
v 0.125951 0.805498 -0.129856
v 0.125951 0.805498 -0.129856
v 0.123998 0.752775 -0.133762
v 0.059558 0.756680 -0.122045
v 0.059558 0.756680 -0.122045
v 0.194296 0.752775 -0.122045
v 0.194296 0.752775 -0.122045
v 0.192343 0.815262 -0.120092
v 0.192343 0.815262 -0.120092
v 0.123998 0.746917 -0.129856
v 0.123998 0.746917 -0.129856
v -0.082991 0.118140 -0.217729
v 0.000976 0.118140 -0.231398
v 0.082991 0.118140 -0.213823
v 0.082991 0.118140 -0.213823
v 0.082991 0.118140 -0.217729
v 0.137667 0.118140 -0.166958
v 0.137667 0.118140 -0.166958
v 0.000976 0.122045 -0.239209
v 0.086896 0.122045 -0.223587
v 0.086896 0.122045 -0.223587
v 0.153289 0.122045 -0.166958
v 0.153289 0.122045 -0.166958
v 0.159147 0.118140 -0.120092
v 0.159147 0.118140 -0.120092
v 0.159147 0.118140 -0.120092
v -0.086896 0.122045 -0.223587
v -0.153289 0.122045 -0.166958
v -0.168911 0.122045 -0.110329
v -0.168911 0.122045 -0.110329
v 0.168911 0.122045 -0.110329
v 0.168911 0.122045 -0.110329
v 0.168911 0.122045 -0.110329
v -0.092754 0.168911 -0.231398
v -0.092754 0.168911 -0.231398
v 0.000976 0.168911 -0.248972
v 0.000976 0.168911 -0.248972
v 0.000976 0.168911 -0.248972
v -0.161100 0.168911 -0.166958
v -0.161100 0.168911 -0.166958
v -0.178674 0.149383 -0.096660
v -0.178674 0.149383 -0.096660
v -0.178674 0.149383 -0.096660
v 0.000976 0.118140 0.088849
v -0.082991 0.118140 0.077133
v 0.082991 0.118140 0.077133
v 0.000976 0.122045 0.096660
v 0.000976 0.122045 0.096660
v 0.086896 0.122045 0.082991
v 0.086896 0.122045 0.082991
v -0.086896 0.122045 0.082991
v -0.086896 0.122045 0.082991
v -0.086896 0.122045 0.082991
v 0.149383 0.122045 0.030267
v 0.149383 0.122045 0.030267
v -0.149383 0.122045 0.030267
v -0.149383 0.122045 0.030267
v 0.161100 0.168911 -0.166958
v 0.178674 0.149383 -0.096660
v 0.178674 0.149383 -0.096660
v 0.178674 0.149383 -0.096660
v 0.092754 0.168911 -0.231398
v 0.092754 0.168911 -0.231398
v 0.092754 0.168911 0.090802
v 0.092754 0.168911 0.090802
v 0.000976 0.168911 0.106423
v 0.000976 0.168911 0.106423
v -0.092754 0.168911 0.090802
v -0.092754 0.168911 0.090802
v -0.092754 0.168911 0.090802
v 0.157194 0.112282 -0.123998
v 0.141572 0.034173 -0.127903
v 0.123998 0.028314 -0.163052
v 0.135714 0.114234 -0.166958
v 0.129856 -0.018551 -0.147431
v 0.108376 -0.034173 -0.163052
v 0.139620 -0.055653 -0.118140
v 0.100565 -0.057605 -0.155242
v 0.100565 -0.057605 -0.155242
v 0.118140 -0.075180 -0.122045
v 0.118140 -0.075180 -0.122045
v 0.149383 -0.047842 -0.116187
v 0.233350 0.063464 -0.131809
v 0.237256 0.071274 -0.129856
v 0.237256 0.071274 -0.129856
v 0.129856 -0.008787 -0.127903
v 0.196249 0.088849 -0.139620
v 0.200154 0.096660 -0.137667
v 0.200154 0.096660 -0.137667
v 0.176721 0.118140 -0.118140
v 0.176721 0.118140 -0.118140
v 0.176721 0.118140 -0.118140
v -0.383710 -0.459866 -0.055653
v -0.383710 -0.459866 -0.055653
v -0.336845 -0.465725 -0.071274
v -0.336845 -0.465725 -0.071274
v -0.407143 -0.504779 -0.063464
v -0.407143 -0.504779 -0.063464
v -0.336845 -0.459866 -0.065416
v -0.336845 -0.459866 -0.065416
v -0.336845 -0.459866 -0.065416
v -0.438386 -0.344656 0.000976
v -0.329034 -0.344656 -0.036125
v -0.329034 -0.344656 -0.036125
v 0.383710 -0.459866 -0.055653
v 0.383710 -0.459866 -0.055653
v 0.407143 -0.504779 -0.063464
v 0.407143 -0.504779 -0.063464
v 0.336845 -0.465725 -0.071274
v 0.336845 -0.465725 -0.071274
v 0.336845 -0.465725 -0.071274
v 0.336845 -0.459866 -0.065416
v 0.336845 -0.459866 -0.065416
v 0.336845 -0.459866 -0.065416
v 0.329034 -0.344656 -0.036125
v 0.329034 -0.344656 -0.036125
v 0.438386 -0.344656 0.000976
v 0.334892 -0.457914 -0.079085
v 0.334892 -0.457914 -0.079085
v 0.334892 -0.457914 -0.079085
v 0.377852 -0.422765 -0.139620
v 0.334892 -0.422765 -0.122045
v 0.334892 -0.422765 -0.122045
v 0.334892 -0.422765 -0.122045
v 0.342703 -0.334892 -0.147431
v 0.342703 -0.334892 -0.147431
v 0.329034 -0.327081 -0.145478
v 0.329034 -0.327081 -0.145478
v 0.329034 -0.327081 -0.145478
v 0.000976 -0.204060 0.131809
v -0.041984 -0.206012 0.129856
v 0.000976 -0.221634 0.155242
v -0.082991 -0.207965 0.123998
v -0.123998 -0.223587 0.139620
v -0.123998 -0.223587 0.139620
v 0.000976 -0.184532 0.096660
v -0.041984 -0.186485 0.094707
v -0.082991 -0.188438 0.090802
v -0.123998 -0.211871 0.118140
v -0.123998 -0.194296 0.084943
v -0.163052 -0.217729 0.110329
v -0.163052 -0.200154 0.077133
v -0.198201 -0.223587 0.100565
v -0.123998 -0.178674 0.047842
v -0.082991 -0.174769 0.051747
v 0.000976 -0.168911 0.059558
v -0.041984 -0.170863 0.055653
v -0.163052 -0.186485 0.041984
v -0.198201 -0.207965 0.069322
v -0.198201 -0.194296 0.036125
v -0.082991 -0.161100 0.010740
v -0.123998 -0.166958 0.008787
v -0.163052 -0.176721 0.004882
v -0.026362 -0.153289 0.002929
v -0.026362 -0.153289 0.002929
v -0.198201 -0.182580 -0.002929
v 0.000976 -0.155242 0.006835
v 0.000976 -0.155242 0.006835
v 0.000976 -0.155242 0.006835
v 0.041984 -0.186485 0.094707
v 0.041984 -0.206012 0.129856
v 0.041984 -0.170863 0.055653
v 0.082991 -0.188438 0.090802
v 0.026362 -0.153289 0.002929
v 0.026362 -0.153289 0.002929
v -0.163052 -0.168911 -0.030267
v -0.118140 -0.157194 -0.040031
v -0.045889 -0.153289 -0.012693
v -0.045889 -0.153289 -0.012693
v -0.059558 -0.151336 -0.030267
v -0.059558 -0.151336 -0.030267
v 0.082991 -0.161100 0.010740
v 0.082991 -0.174769 0.051747
v 0.082991 -0.207965 0.123998
v 0.123998 -0.166958 0.008787
v 0.123998 -0.178674 0.047842
v 0.123998 -0.194296 0.084943
v -0.063464 -0.149383 -0.051747
v -0.063464 -0.149383 -0.051747
v -0.063464 -0.149383 -0.051747
v -0.163052 -0.163052 -0.075180
v -0.198201 -0.176721 -0.043936
v -0.118140 -0.153289 -0.098613
v -0.059558 -0.145478 -0.077133
v -0.059558 -0.145478 -0.077133
v -0.198201 -0.172816 -0.079085
v 0.163052 -0.200154 0.077133
v 0.123998 -0.211871 0.118140
v 0.123998 -0.223587 0.139620
v 0.123998 -0.223587 0.139620
v 0.163052 -0.217729 0.110329
v 0.163052 -0.186485 0.041984
v 0.198201 -0.207965 0.069322
v 0.198201 -0.194296 0.036125
v 0.198201 -0.223587 0.100565
v 0.198201 -0.182580 -0.002929
v 0.686485 0.329445 -0.055653
v 0.118140 -0.153289 -0.098613
v 0.163052 -0.163052 -0.133762
v 0.123998 -0.153289 -0.135714
v 0.163052 -0.163052 -0.075180
v 0.198201 -0.172816 -0.131809
v 0.198201 -0.172816 -0.079085
v 0.163052 -0.165005 -0.200154
v 0.123998 -0.157194 -0.204060
v 0.198201 -0.176721 -0.196249
v 0.229445 -0.184532 -0.129856
v 0.229445 -0.188438 -0.192343
v 0.198201 -0.184532 -0.256783
v 0.163052 -0.172816 -0.260689
v 0.229445 -0.196249 -0.250925
v 0.123998 -0.165005 -0.264594
v 0.082991 -0.149383 -0.206012
v 0.082991 -0.147431 -0.137667
v 0.082991 -0.159147 -0.266547
v 0.059558 -0.145478 -0.077133
v 0.059558 -0.145478 -0.077133
v 0.118140 -0.157194 -0.040031
v 0.045889 -0.143525 -0.096660
v 0.045889 -0.143525 -0.096660
v 0.045889 -0.143525 -0.096660
v 0.041984 -0.143525 -0.139620
v 0.041984 -0.145478 -0.207965
v 0.063464 -0.149383 -0.051747
v 0.063464 -0.149383 -0.051747
v 0.063464 -0.149383 -0.051747
v 0.198201 -0.176721 -0.043936
v 0.163052 -0.168911 -0.030267
v 0.059558 -0.151336 -0.030267
v 0.059558 -0.151336 -0.030267
v 0.000976 -0.143525 -0.207965
v 0.041984 -0.155242 -0.268499
v 0.000976 -0.151336 -0.270452
v 0.045889 -0.153289 -0.012693
v 0.045889 -0.153289 -0.012693
v -0.041984 -0.143525 -0.139620
v -0.041984 -0.145478 -0.207965
v -0.045889 -0.143525 -0.096660
v -0.045889 -0.143525 -0.096660
v -0.045889 -0.143525 -0.096660
v 0.163052 -0.176721 0.004882
v -0.082991 -0.147431 -0.137667
v -0.082991 -0.149383 -0.206012
v -0.041984 -0.155242 -0.268499
v -0.082991 -0.159147 -0.266547
v -0.123998 -0.153289 -0.135714
v -0.123998 -0.157194 -0.204060
v -0.123998 -0.165005 -0.264594
v -0.163052 -0.165005 -0.200154
v -0.163052 -0.172816 -0.260689
v -0.163052 -0.163052 -0.133762
v -0.198201 -0.172816 -0.131809
v -0.198201 -0.176721 -0.196249
v -0.198201 -0.184532 -0.256783
v 0.247020 -0.206012 -0.247020
v 0.247020 -0.206012 -0.247020
v 0.247020 -0.196249 -0.127903
v 0.698201 0.347020 -0.057605
v 0.709918 0.366547 -0.094707
v 0.709918 0.366547 -0.094707
v 0.247020 -0.200154 -0.188438
v 0.266547 -0.209918 -0.143525
v 0.266547 -0.209918 -0.143525
v 0.264594 -0.213823 -0.190391
v 0.264594 -0.213823 -0.190391
v 0.711871 0.366547 -0.055653
v 0.711871 0.366547 -0.055653
v 0.129856 -0.366136 -0.340750
v 0.129856 -0.366136 -0.340750
v 0.165005 -0.391521 -0.336845
v 0.129856 -0.411048 -0.340750
v 0.129856 -0.411048 -0.340750
v 0.135714 -0.430576 -0.338798
v 0.135714 -0.430576 -0.338798
v 0.135714 -0.430576 -0.338798
v 0.145478 -0.438386 -0.336845
v 0.145478 -0.438386 -0.336845
v 0.165005 -0.444245 -0.334892
v 0.165005 -0.444245 -0.334892
v 0.133762 -0.342703 -0.338798
v 0.133762 -0.342703 -0.338798
v 0.133762 -0.342703 -0.338798
v 0.145478 -0.332939 -0.336845
v 0.145478 -0.332939 -0.336845
v 0.165005 -0.330987 -0.332939
v 0.165005 -0.330987 -0.332939
v 0.182580 -0.334892 -0.329034
v 0.182580 -0.334892 -0.329034
v 0.182580 -0.334892 -0.329034
v 0.180627 -0.440339 -0.330987
v 0.180627 -0.440339 -0.330987
v 0.192343 -0.430576 -0.327081
v 0.192343 -0.430576 -0.327081
v 0.192343 -0.430576 -0.327081
v 0.198201 -0.368088 -0.325128
v 0.198201 -0.368088 -0.325128
v 0.198201 -0.411048 -0.325128
v 0.198201 -0.411048 -0.325128
v 0.192343 -0.344656 -0.325128
v 0.192343 -0.344656 -0.325128
v -0.129856 -0.366136 -0.340750
v -0.129856 -0.366136 -0.340750
v -0.129856 -0.411048 -0.340750
v -0.129856 -0.411048 -0.340750
v -0.165005 -0.391521 -0.336845
v -0.135714 -0.430576 -0.338798
v -0.135714 -0.430576 -0.338798
v -0.135714 -0.430576 -0.338798
v -0.145478 -0.438386 -0.336845
v -0.145478 -0.438386 -0.336845
v -0.165005 -0.444245 -0.334892
v -0.165005 -0.444245 -0.334892
v -0.133762 -0.342703 -0.338798
v -0.133762 -0.342703 -0.338798
v -0.133762 -0.342703 -0.338798
v -0.145478 -0.332939 -0.336845
v -0.145478 -0.332939 -0.336845
v -0.165005 -0.330987 -0.332939
v -0.165005 -0.330987 -0.332939
v -0.182580 -0.334892 -0.329034
v -0.182580 -0.334892 -0.329034
v -0.182580 -0.334892 -0.329034
v -0.180627 -0.440339 -0.330987
v -0.180627 -0.440339 -0.330987
v -0.192343 -0.430576 -0.327081
v -0.192343 -0.430576 -0.327081
v -0.192343 -0.430576 -0.327081
v -0.198201 -0.411048 -0.325128
v -0.198201 -0.411048 -0.325128
v -0.198201 -0.368088 -0.325128
v -0.198201 -0.368088 -0.325128
v -0.192343 -0.344656 -0.325128
v -0.192343 -0.344656 -0.325128
v -0.045889 -0.094707 -0.098613
v -0.045889 -0.094707 -0.098613
v -0.026362 -0.088849 -0.114234
v -0.026362 -0.088849 -0.114234
v -0.059558 -0.100565 -0.079085
v -0.059558 -0.100565 -0.079085
v -0.065416 -0.106423 -0.051747
v -0.065416 -0.106423 -0.051747
v -0.065416 -0.106423 -0.051747
v 0.000976 -0.084943 -0.120092
v 0.000976 -0.084943 -0.120092
v 0.000976 -0.084943 -0.120092
v -0.319270 -0.327081 -0.202107
v -0.319270 -0.327081 -0.202107
v -0.325128 -0.327081 -0.147431
v -0.325128 -0.327081 -0.147431
v -0.325128 -0.327081 -0.147431
v -0.325128 -0.327081 -0.147431
v 0.319270 -0.327081 -0.202107
v 0.319270 -0.327081 -0.202107
v 0.313412 -0.346608 -0.198201
v 0.313412 -0.346608 -0.198201
v 0.313412 -0.346608 -0.198201
v 0.325128 -0.327081 -0.147431
v 0.325128 -0.327081 -0.147431
v 0.325128 -0.327081 -0.147431
v 0.325128 -0.327081 -0.147431
v 0.424820 0.388027 -0.038078
v 0.444347 0.360689 0.006835
v 0.444347 0.360689 0.006835
v 0.450206 0.368499 -0.040031
v 0.450206 0.368499 -0.040031
v 0.420915 0.378263 0.008787
v 0.442395 0.362641 -0.088849
v 0.442395 0.362641 -0.088849
v 0.418962 0.378263 -0.086896
v 0.418962 0.378263 -0.086896
v 0.413104 0.380216 -0.084943
v 0.413104 0.380216 -0.084943
v 0.415057 0.380216 0.006835
v 0.415057 0.380216 0.006835
v 0.418962 0.388027 -0.038078
v 0.418962 0.388027 -0.038078
v 0.426773 0.333350 0.041984
v 0.426773 0.333350 0.041984
v 0.426773 0.333350 0.041984
v 0.399435 0.350925 0.043936
v 0.399435 0.350925 0.043936
v 0.399435 0.350925 0.043936
v 0.235303 0.075180 -0.122045
v 0.235303 0.075180 -0.122045
v 0.235303 0.075180 -0.122045
v 0.250925 0.102518 -0.122045
v 0.250925 0.102518 -0.122045
v 0.250925 0.102518 -0.122045
v -0.459866 -0.422765 -0.075180
v -0.448150 -0.442292 -0.092754
v -0.440339 -0.440339 -0.073227
v -0.446197 -0.422765 -0.049794
v -0.467677 -0.422765 -0.098613
v -0.467677 -0.422765 -0.098613
v -0.424717 -0.454008 -0.084943
v -0.473535 -0.399332 -0.082991
v -0.473535 -0.399332 -0.082991
v -0.334892 -0.457914 -0.079085
v -0.334892 -0.457914 -0.079085
v 0.459866 -0.422765 -0.075180
v 0.440339 -0.440339 -0.073227
v 0.448150 -0.442292 -0.092754
v 0.446197 -0.422765 -0.049794
v 0.467677 -0.422765 -0.098613
v 0.424717 -0.454008 -0.084943
v 0.473535 -0.399332 -0.082991
v 0.473535 -0.399332 -0.082991
v -0.186485 0.510637 0.239209
v -0.186485 0.510637 0.239209
v -0.186485 0.510637 0.239209
v -0.315365 0.502826 0.118140
v -0.315365 0.502826 0.118140
v -0.188438 0.504779 0.241161
v -0.188438 0.504779 0.241161
v 0.000976 0.510637 0.286074
v 0.000976 0.510637 0.286074
v 0.000976 0.510637 0.286074
v 0.000976 0.510637 0.286074
v 0.186485 0.510637 0.239209
v 0.186485 0.510637 0.239209
v 0.186485 0.510637 0.239209
v 0.315365 0.502826 0.118140
v 0.315365 0.502826 0.118140
v 0.045889 -0.094707 -0.098613
v 0.045889 -0.094707 -0.098613
v 0.026362 -0.088849 -0.114234
v 0.026362 -0.088849 -0.114234
v 0.059558 -0.100565 -0.079085
v 0.059558 -0.100565 -0.079085
v 0.065416 -0.106423 -0.051747
v 0.065416 -0.106423 -0.051747
v 0.065416 -0.106423 -0.051747
v -0.778263 0.528623 -0.096660
v -0.797790 0.548150 -0.081038
v -0.797790 0.548150 -0.081038
v -0.467677 -0.321223 -0.096660
v -0.467677 -0.321223 -0.096660
v -0.313412 -0.270452 -0.108376
v 0.313412 -0.270452 -0.108376
v 0.311459 -0.270452 -0.108376
v 0.311459 -0.270452 -0.108376
v 0.311459 -0.270452 -0.108376
v 0.311459 -0.270452 -0.108376
v 0.778263 0.528623 -0.096660
v 0.778263 0.528623 -0.096660
v -0.030267 -0.069322 -0.188438
v -0.030267 -0.069322 -0.188438
v -0.067369 -0.045889 -0.209918
v -0.067369 -0.045889 -0.209918
v -0.067369 -0.045889 -0.209918
v -0.000976 -0.092754 -0.165005
v -0.000976 -0.092754 -0.165005
v -0.000976 -0.092754 -0.165005
v 0.067369 -0.045889 -0.209918
v 0.067369 -0.045889 -0.209918
v 0.067369 -0.045889 -0.209918
v 0.030267 -0.069322 -0.188438
v 0.030267 -0.069322 -0.188438
v 0.000976 -0.092754 -0.165005
v 0.000976 -0.092754 -0.165005
v 0.000976 -0.092754 -0.165005
v -0.319270 0.510637 -0.219681
v 0.319270 0.510637 -0.219681
v 0.000976 0.510637 -0.180627
v 0.000976 0.508684 0.081038
v 0.000976 0.516495 0.286074
v 0.000976 0.516495 0.286074
v 0.000976 0.526259 -0.282169
v 0.000976 -0.289979 -0.370041
v 0.000976 -0.289979 -0.370041
v 0.000976 -0.340750 -0.366136
v 0.000976 -0.340750 -0.366136
v -0.028314 -0.295838 -0.370041
v -0.028314 -0.295838 -0.370041
v -0.028314 -0.295838 -0.370041
v -0.022456 -0.336845 -0.366136
v -0.022456 -0.336845 -0.366136
v -0.022456 -0.336845 -0.366136
v 0.028314 -0.295838 -0.370041
v 0.028314 -0.295838 -0.370041
v 0.028314 -0.295838 -0.370041
v 0.022456 -0.336845 -0.366136
v 0.022456 -0.336845 -0.366136
v 0.022456 -0.336845 -0.366136
v -0.264594 -0.674666 -0.311459
v -0.399435 0.350925 0.043936
v -0.399435 0.350925 0.043936
v -0.399435 0.350925 0.043936
v -0.426773 0.333350 0.041984
v -0.426773 0.333350 0.041984
v -0.426773 0.333350 0.041984
v -0.198201 0.096660 0.049794
v -0.198201 0.096660 0.049794
v -0.377955 0.315776 0.049794
v -0.377955 0.315776 0.049794
v 0.198201 0.096660 0.049794
v 0.198201 0.096660 0.049794
v 0.377955 0.315776 0.049794
v 0.377955 0.315776 0.049794
v 0.215776 0.125951 -0.125951
v 0.215776 0.125951 -0.125951
v 0.200154 0.100565 -0.129856
v 0.200154 0.100565 -0.129856
v 0.190391 0.143525 -0.112282
v 0.190391 0.143525 -0.112282
v 0.776310 0.413412 -0.057605
v 0.776310 0.413412 -0.057605
v 0.776310 0.413412 -0.057605
v 0.748972 0.399743 -0.063464
v 0.748972 0.399743 -0.063464
v 0.729445 0.384121 -0.059558
v 0.284121 -0.227492 -0.100565
v 0.299743 -0.247020 -0.104471
v 0.299743 -0.247020 -0.104471
v 0.282169 -0.227492 -0.147431
v 0.297790 -0.247020 -0.151336
v 0.307554 -0.272405 -0.155242
v 0.291932 -0.248972 -0.196249
v 0.301696 -0.272405 -0.198201
v 0.315365 -0.297790 -0.157194
v 0.309507 -0.297790 -0.200154
v 0.321223 -0.330987 -0.159147
v 0.321223 -0.330987 -0.159147
v 0.321223 -0.330987 -0.159147
v 0.282169 -0.252878 -0.243114
v 0.289979 -0.274358 -0.243114
v 0.272405 -0.233350 -0.243114
v 0.280216 -0.229445 -0.192343
v 0.295838 -0.297790 -0.243114
v 0.305601 -0.330987 -0.225540
v 0.260689 -0.217729 -0.243114
v 0.467677 -0.321223 -0.096660
v 0.461819 -0.323176 -0.073227
v 0.473535 -0.346608 -0.082991
v 0.797790 0.548150 -0.081038
v 0.479394 -0.371994 -0.096660
v -0.026362 -0.108376 0.006835
v -0.026362 -0.108376 0.006835
v -0.045889 -0.108376 -0.006835
v -0.045889 -0.108376 -0.006835
v -0.059558 -0.108376 -0.026362
v -0.059558 -0.108376 -0.026362
v 0.000976 -0.108376 0.012693
v 0.000976 -0.108376 0.012693
v 0.000976 -0.108376 0.012693
v -0.329034 -0.327081 -0.145478
v -0.329034 -0.327081 -0.145478
v 0.000976 -0.289979 -0.348561
v 0.000976 -0.289979 -0.348561
v -0.122148 0.536434 -0.065416
v -0.135817 0.552055 -0.034173
v -0.124101 0.536434 -0.004882
v -0.420812 0.383710 -0.034173
v -0.420812 0.381757 -0.002929
v -0.420812 0.383710 -0.067369
v -0.411048 0.383710 -0.071274
v -0.411048 0.383710 -0.034173
v -0.411048 0.381757 -0.000976
v -0.135817 0.485663 -0.084943
v -0.143628 0.466136 -0.034173
v -0.145581 0.466136 -0.092754
v -0.145581 0.466136 -0.092754
v -0.133864 0.485663 -0.034173
v -0.135817 0.485663 0.012693
v -0.147533 0.466136 0.020504
v -0.145581 0.429034 -0.034173
v -0.141675 0.454419 -0.073227
v -0.141675 0.454419 -0.073227
v -0.147533 0.427081 0.020504
v -0.143628 0.460277 -0.096660
v -0.143628 0.460277 -0.096660
v 0.122148 0.536434 -0.065416
v 0.124101 0.536434 -0.004882
v 0.135817 0.552055 -0.034173
v 0.420812 0.383710 -0.034173
v 0.420812 0.381757 -0.002929
v 0.420812 0.383710 -0.067369
v 0.411048 0.383710 -0.071274
v 0.411048 0.383710 -0.034173
v 0.411048 0.381757 -0.000976
v 0.135817 0.485663 -0.084943
v 0.145581 0.466136 -0.092754
v 0.145581 0.466136 -0.092754
v 0.143628 0.466136 -0.034173
v 0.133864 0.485663 -0.034173
v 0.135817 0.485663 0.012693
v 0.147533 0.466136 0.020504
v 0.145581 0.429034 -0.034173
v 0.141675 0.454419 -0.073227
v 0.141675 0.454419 -0.073227
v 0.147533 0.427081 0.020504
v 0.143628 0.460277 -0.096660
v 0.143628 0.460277 -0.096660
v 0.411151 0.374358 0.002929
v 0.415057 0.380216 -0.036125
v 0.393577 0.347020 0.030267
v 0.395529 0.348972 0.038078
v 0.376002 0.317729 0.040031
v 0.409198 0.374358 -0.081038
v 0.248972 0.106423 -0.116187
v 0.247020 0.108376 -0.104471
v 0.217729 0.127903 -0.116187
v 0.182580 0.151336 -0.086896
v 0.182580 0.151336 -0.086896
v 0.182580 0.151336 -0.086896
v 0.026362 -0.108376 0.006835
v 0.026362 -0.108376 0.006835
v 0.045889 -0.108376 -0.006835
v 0.045889 -0.108376 -0.006835
v 0.059558 -0.108376 -0.026362
v 0.059558 -0.108376 -0.026362
v 0.000976 -0.278263 -0.348561
v 0.000976 -0.278263 -0.348561
v 0.000976 -0.278263 -0.348561
v -0.016598 -0.282169 -0.348561
v -0.016598 -0.282169 -0.348561
v 0.016598 -0.282169 -0.348561
v 0.016598 -0.282169 -0.348561
v 0.026362 -0.289979 -0.348561
v 0.026362 -0.289979 -0.348561
v -0.026362 -0.289979 -0.348561
v -0.026362 -0.289979 -0.348561
v -0.161100 0.168911 0.030267
v -0.090802 0.174769 0.084943
v -0.090802 0.174769 0.084943
v 0.000976 0.198201 0.118140
v -0.098613 0.198201 0.100565
v 0.000976 0.174769 0.100565
v 0.000976 0.174769 0.100565
v -0.479394 -0.371994 -0.096660
v -0.473535 -0.346608 -0.082991
v -0.461819 -0.323176 -0.073227
v -0.352467 0.385663 -0.084943
v -0.358325 0.383710 -0.116187
v 0.352467 0.385663 -0.084943
v 0.358325 0.383710 -0.116187
v -0.194296 0.838695 0.059558
v -0.192343 0.834789 0.049794
v -0.125951 0.836742 0.071274
v -0.125951 0.836742 0.071274
v -0.125951 0.832837 0.063464
v -0.125951 0.832837 0.063464
v -0.209918 0.838695 0.047842
v -0.209918 0.838695 0.047842
v -0.194296 0.754728 0.045889
v -0.123998 0.754728 0.057605
v -0.059558 0.756680 0.045889
v -0.059558 0.756680 0.045889
v -0.063464 0.834789 0.049794
v -0.063464 0.834789 0.049794
v -0.123998 0.748869 0.053700
v -0.123998 0.748869 0.053700
v 0.194296 0.838695 0.059558
v 0.125951 0.836742 0.071274
v 0.125951 0.836742 0.071274
v 0.192343 0.834789 0.049794
v 0.125951 0.832837 0.063464
v 0.125951 0.832837 0.063464
v 0.209918 0.838695 0.047842
v 0.209918 0.838695 0.047842
v 0.123998 0.754728 0.057605
v 0.194296 0.754728 0.045889
v 0.059558 0.756680 0.045889
v 0.059558 0.756680 0.045889
v 0.063464 0.834789 0.049794
v 0.063464 0.834789 0.049794
v 0.123998 0.748869 0.053700
v 0.123998 0.748869 0.053700
v -0.063464 0.838695 0.059558
v 0.063464 0.838695 0.059558
v 0.000976 -0.274358 -0.358325
v 0.000976 -0.274358 -0.358325
v 0.000976 -0.274358 -0.358325
v -0.018551 -0.280216 -0.358325
v -0.018551 -0.280216 -0.358325
v -0.020504 -0.276310 -0.358325
v -0.020504 -0.276310 -0.358325
v 0.000976 -0.270452 -0.358325
v 0.000976 -0.270452 -0.358325
v 0.000976 -0.270452 -0.358325
v 0.020504 -0.276310 -0.358325
v 0.020504 -0.276310 -0.358325
v 0.018551 -0.280216 -0.358325
v 0.018551 -0.280216 -0.358325
v 0.032220 -0.288027 -0.358325
v 0.032220 -0.288027 -0.358325
v 0.028314 -0.288027 -0.358325
v 0.028314 -0.288027 -0.358325
v 0.032220 -0.295838 -0.358325
v 0.032220 -0.295838 -0.358325
v 0.032220 -0.295838 -0.358325
v 0.030267 -0.295838 -0.358325
v 0.030267 -0.295838 -0.358325
v -0.028314 -0.288027 -0.358325
v -0.028314 -0.288027 -0.358325
v -0.030267 -0.295838 -0.358325
v -0.030267 -0.295838 -0.358325
v -0.032220 -0.295838 -0.358325
v -0.032220 -0.295838 -0.358325
v -0.032220 -0.295838 -0.358325
v -0.032220 -0.288027 -0.358325
v -0.032220 -0.288027 -0.358325
v -0.444347 0.360689 0.006835
v -0.444347 0.360689 0.006835
v -0.450206 0.368499 -0.040031
v -0.450206 0.368499 -0.040031
v -0.442395 0.362641 -0.088849
v -0.442395 0.362641 -0.088849
v -0.235303 0.075180 -0.122045
v -0.235303 0.075180 -0.122045
v -0.235303 0.075180 -0.122045
v -0.200154 0.096660 -0.137667
v -0.200154 0.096660 -0.137667
v -0.200154 0.100565 -0.129856
v -0.200154 0.100565 -0.129856
v -0.176721 0.118140 -0.118140
v -0.176721 0.118140 -0.118140
v -0.176721 0.118140 -0.118140
v -0.043936 0.830884 -0.088849
v -0.106423 0.830884 -0.178674
v -0.137667 0.821120 -0.170863
v -0.137667 0.826978 -0.180627
v -0.106423 0.840647 -0.200154
v -0.075180 0.836742 -0.166958
v -0.071274 0.844553 -0.194296
v -0.127903 0.840647 -0.209918
v -0.172816 0.842600 -0.206012
v -0.139620 0.840647 -0.200154
v -0.202107 0.844553 -0.194296
v -0.176721 0.842600 -0.198201
v -0.194296 0.836742 -0.166958
v -0.213823 0.842600 -0.143525
v -0.166958 0.830884 -0.176721
v -0.106423 0.823073 -0.170863
v -0.166958 0.823073 -0.168911
v -0.077133 0.828931 -0.159147
v -0.075180 0.817215 -0.129856
v -0.194296 0.828931 -0.159147
v -0.229445 0.856269 -0.104471
v -0.235303 0.848458 -0.075180
v -0.229445 0.836742 -0.090802
v -0.233350 0.838695 -0.051747
v -0.237256 0.848458 -0.049794
v -0.231398 0.848458 -0.012693
v -0.221634 0.838695 0.018551
v -0.219681 0.830884 -0.088849
v -0.215776 0.830884 -0.120092
v -0.209918 0.825026 -0.112282
v -0.192343 0.817215 -0.129856
v -0.165005 0.807451 -0.135714
v -0.137667 0.803546 -0.137667
v -0.106423 0.807451 -0.135714
v 0.043936 0.830884 -0.088849
v 0.106423 0.830884 -0.178674
v 0.137667 0.826978 -0.180627
v 0.137667 0.821120 -0.170863
v 0.106423 0.840647 -0.200154
v 0.075180 0.836742 -0.166958
v 0.071274 0.844553 -0.194296
v 0.127903 0.840647 -0.209918
v 0.172816 0.842600 -0.206012
v 0.139620 0.840647 -0.200154
v 0.202107 0.844553 -0.194296
v 0.176721 0.842600 -0.198201
v 0.194296 0.836742 -0.166958
v 0.213823 0.842600 -0.143525
v 0.166958 0.830884 -0.176721
v 0.106423 0.823073 -0.170863
v 0.166958 0.823073 -0.168911
v 0.077133 0.828931 -0.159147
v 0.075180 0.817215 -0.129856
v 0.194296 0.828931 -0.159147
v 0.229445 0.856269 -0.104471
v 0.235303 0.848458 -0.075180
v 0.233350 0.838695 -0.051747
v 0.229445 0.836742 -0.090802
v 0.237256 0.848458 -0.049794
v 0.231398 0.848458 -0.012693
v 0.221634 0.838695 0.018551
v 0.219681 0.830884 -0.088849
v 0.215776 0.830884 -0.120092
v 0.209918 0.825026 -0.112282
v 0.192343 0.817215 -0.129856
v 0.165005 0.807451 -0.135714
v 0.137667 0.803546 -0.137667
v 0.106423 0.807451 -0.135714
v -0.250925 0.102518 -0.122045
v -0.250925 0.102518 -0.122045
v -0.250925 0.102518 -0.122045
v -0.418962 0.378263 -0.086896
v -0.413104 0.380216 -0.084943
v -0.413104 0.380216 -0.084943
v -0.424820 0.388027 -0.038078
v -0.420915 0.378263 0.008787
v -0.415057 0.380216 0.006835
v -0.415057 0.380216 0.006835
v -0.418962 0.388027 -0.038078
v -0.418962 0.388027 -0.038078
v -0.075180 -0.082991 0.057605
v -0.047842 -0.081038 0.071274
v -0.047842 -0.081038 0.071274
v -0.047842 -0.077133 0.069322
v 0.000976 -0.075180 0.073227
v 0.047842 -0.077133 0.069322
v 0.047842 -0.077133 0.069322
v 0.000976 -0.079085 0.075180
v 0.000976 -0.079085 0.075180
v 0.098613 -0.092754 0.034173
v 0.075180 -0.082991 0.057605
v -0.180627 0.168911 -0.057605
v -0.180627 0.168911 -0.057605
v -0.180627 0.168911 -0.057605
v -0.180627 0.168911 -0.057605
v -0.182580 0.151336 -0.086896
v -0.182580 0.151336 -0.086896
v -0.182580 0.151336 -0.086896
v -0.182580 0.151336 -0.086896
v -0.342703 -0.334892 -0.147431
v -0.377852 -0.422765 -0.139620
v -0.071274 -0.102518 -0.077133
v -0.041984 -0.092754 -0.118140
v -0.063464 -0.110329 -0.016598
v -0.041984 -0.110329 0.006835
v 0.041984 -0.092754 -0.118140
v 0.071274 -0.102518 -0.077133
v 0.063464 -0.110329 -0.016598
v 0.041984 -0.110329 0.006835
v 0.000976 -0.110329 0.018551
v 0.000976 -0.123998 0.028314
v -0.041984 -0.110329 0.045889
v 0.000976 -0.110329 0.049794
v -0.190391 0.143525 -0.112282
v -0.190391 0.143525 -0.112282
v -0.217729 0.127903 -0.116187
v -0.215776 0.125951 -0.125951
v -0.215776 0.125951 -0.125951
v -0.247020 0.108376 -0.104471
v -0.409198 0.374358 -0.081038
v -0.248972 0.106423 -0.116187
v -0.415057 0.380216 -0.036125
v -0.411151 0.374358 0.002929
v -0.395529 0.348972 0.038078
v -0.393577 0.347020 0.030267
v -0.376002 0.317729 0.040031
v -0.196249 0.088849 -0.139620

vt 0.000000 1.000000
vt 0.070653 0.704849
vt 0.113571 0.399115
vt 0.465980 0.029964
vt 0.000000 1.000000
vt 0.030886 0.790895
vt 0.354073 0.639982
vt 0.457923 0.029964
vt 0.711280 0.429785
vt 0.840519 0.693145
vt 0.954377 0.338551
vt 0.000000 1.000000
vt 0.113440 0.398464
vt 0.832173 0.693107
vt 0.000000 1.000000
vt 0.743509 0.798344
vt 0.883428 0.596474
vt 0.000000 1.000000
vt 0.880065 0.914684
vt 0.884079 0.596344
vt 0.000000 1.000000
vt 0.751413 0.796995
vt 0.880966 0.923181
vt 0.940129 0.517483
vt 0.441245 0.074016
vt 0.510687 0.213327
vt 0.641450 0.247380
vt 0.032677 0.445895
vt 0.449866 0.072004
vt 0.640468 0.255139
vt 0.008505 0.091682
vt 0.034467 0.436941
vt 0.441245 0.074687
vt 0.763036 0.606810
vt 0.006714 0.081942
vt 0.431961 0.072004
vt 0.502259 0.214383
vt 0.009400 0.144454
vt 0.668308 0.224955
vt 0.864190 0.916835
vt 0.880094 0.581119
vt 0.949418 0.130487
vt 0.977171 0.631038
vt 0.001343 0.144454
vt 0.708594 0.995080
vt 0.752621 0.781272
vt 0.865220 0.924832
vt 0.887874 0.579582
vt 0.969114 0.631038
vt 0.009400 0.146243
vt 0.669702 0.225850
vt 0.977171 0.632826
vt 0.001343 0.146243
vt 0.709989 0.994186
vt 0.949986 0.138722
vt 0.969114 0.632826
vt 0.675470 0.224955
vt 0.871257 0.915495
vt 0.881728 0.587991
vt 0.715756 0.995080
vt 0.751756 0.788307
vt 0.872294 0.924163
vt 0.955803 0.139094
vt 0.029096 0.260733
vt 0.098201 0.402446
vt 0.171441 0.399374
vt 0.448075 0.973614
vt 0.752462 0.752683
vt 0.832130 0.708963
vt 0.172337 0.397981
vt 0.446285 0.973614
vt 0.752462 0.754472
vt 0.096663 0.394673
vt 0.448075 0.981664
vt 0.744405 0.752683
vt 0.840176 0.708943
vt 0.938641 0.337352
vt 0.022829 0.267193
vt 0.446285 0.981664
vt 0.744405 0.754472
vt 0.939943 0.338076
vt 0.105080 0.400814
vt 0.171441 0.392218
vt 0.831739 0.701866
vt 0.464553 0.555457
vt 0.403276 0.476835
vt 0.470680 0.477365
vt 0.392848 0.548097
vt 0.463842 0.564542
vt 0.378247 0.628540
vt 0.457852 0.640824
vt 0.403454 0.475423
vt 0.470836 0.475384
vt 0.536701 0.487289
vt 0.535883 0.559309
vt 0.537746 0.641049
vt 0.536746 0.485862
vt 0.107568 0.990879
vt 0.378306 0.631417
vt 0.263955 0.990878
vt 0.537238 0.643882
vt 0.186089 0.999553
vt 0.457568 0.644454
vt 0.406696 0.430386
vt 0.275355 0.254532
vt 0.401040 0.422283
vt 0.594002 0.692495
vt 0.475353 0.417938
vt 0.540583 0.440867
vt 0.124215 0.631932
vt 0.275849 0.401885
vt 0.547435 0.433743
vt 0.274396 0.328619
vt 0.475547 0.415474
vt 0.329169 0.618884
vt 0.594002 0.907075
vt 0.339511 0.631932
vt 0.587735 0.639155
vt 0.343742 0.544364
vt 0.590423 0.831700
vt 0.351355 0.481164
vt 0.584047 0.768423
vt 0.352163 0.473375
vt 0.582849 0.760674
vt 0.063129 0.969205
vt 0.329006 0.621780
vt 0.593762 0.909930
vt 0.263740 0.635505
vt 0.584974 0.563270
vt 0.200208 0.641892
vt 0.587317 0.499652
vt 0.192395 0.643127
vt 0.587735 0.491835
vt 0.308394 0.969205
vt 0.342381 0.632175
vt 0.587443 0.642041
vt 0.086090 0.404475
vt 0.832179 0.721221
vt 0.084653 0.397042
vt 0.839947 0.317084
vt 0.840192 0.721194
vt 0.061514 0.243626
vt 0.877405 0.700134
vt 0.080517 0.398023
vt 0.835362 0.316915
vt 0.840158 0.725423
vt 0.005819 0.345919
vt 0.086392 0.486245
vt 0.897493 0.814945
vt 0.840329 0.819486
vt 0.082042 0.405007
vt 0.832946 0.725425
vt 0.026068 0.271951
vt 0.840404 0.701855
vt 0.945682 0.338211
vt 0.033572 0.754472
vt 0.052297 0.744643
vt 0.067647 0.235689
vt 0.876348 0.690072
vt 0.110424 0.600283
vt 0.541182 0.051856
vt 0.701858 0.252683
vt 0.779320 0.813126
vt 0.808456 0.700221
vt 0.816212 0.272831
vt 0.809949 0.690072
vt 0.825824 0.276319
vt 0.115003 0.398856
vt 0.828438 0.254837
vt 0.831482 0.691507
vt 0.066422 0.711653
vt 0.112752 0.391324
vt 0.353178 0.639177
vt 0.457923 0.029070
vt 0.840530 0.692390
vt 0.086742 0.543830
vt 0.840339 0.821556
vt 0.851989 0.918450
vt 0.878064 0.569018
vt 0.088433 0.577370
vt 0.853038 0.926395
vt 0.885503 0.567583
vt 0.197218 0.243627
vt 0.878676 0.960665
vt 0.093018 0.577540
vt 0.848816 0.926894
vt 0.884521 0.563450
vt 0.252910 0.345922
vt 0.303676 0.442828
vt 0.767185 0.995080
vt 0.755412 0.938933
vt 0.847872 0.919735
vt 0.877530 0.564974
vt 0.191084 0.235689
vt 0.888541 0.958355
vt 0.938675 0.553689
vt 0.325196 0.557372
vt 0.620859 0.663680
vt 0.753979 0.877614
vt 0.869702 0.892266
vt 0.184382 0.017442
vt 0.879914 0.892083
vt 0.881589 0.913785
vt 0.883688 0.597906
vt 0.751510 0.797639
vt 0.881737 0.923105
vt 0.891226 0.595656
vt 0.836269 0.372582
vt 0.879405 0.858347
vt 0.155416 0.027913
vt 0.844673 0.367185
vt 0.888541 0.862500
vt 0.559884 0.669499
vt 0.737262 0.437835
vt 0.767382 0.817979
vt 0.325425 0.496137
vt 0.753357 0.939204
vt 0.184870 0.019926
vt 0.882161 0.890930
vt 0.905622 0.613305
vt 0.873299 0.605456
vt 0.886354 0.901518
vt 0.911390 0.622988
vt 0.570600 0.046959
vt 0.751738 0.799092
vt 0.883354 0.923721
vt 0.942290 0.517442
vt 0.444242 0.406800
vt 0.388668 0.383854
vt 0.446171 0.326495
vt 0.388604 0.327584
vt 0.388715 0.417785
vt 0.096240 0.791307
vt 0.442437 0.412986
vt 0.100243 0.738629
vt 0.388721 0.419946
vt 0.388636 0.326460
vt 0.445616 0.321760
vt 0.331096 0.377570
vt 0.326640 0.328424
vt 0.334112 0.410904
vt 0.107159 0.686563
vt 0.334194 0.414945
vt 0.330872 0.278542
vt 0.388582 0.272017
vt 0.333730 0.245075
vt 0.388604 0.237941
vt 0.442096 0.239948
vt 0.333789 0.241008
vt 0.539145 0.675521
vt 0.388589 0.233900
vt 0.486413 0.670394
vt 0.433154 0.671687
vt 0.443908 0.234849
vt 0.496075 0.320239
vt 0.560877 0.386987
vt 0.283348 0.419946
vt 0.373683 0.686936
vt 0.504476 0.244924
vt 0.582544 0.316918
vt 0.111224 0.851272
vt 0.504476 0.401958
vt 0.575697 0.465452
vt 0.112000 0.847917
vt 0.501734 0.404034
vt 0.298686 0.746193
vt 0.350492 0.006708
vt 0.379141 0.141771
vt 0.270227 0.694983
vt 0.236832 0.765839
vt 0.287825 0.021818
vt 0.513429 0.000447
vt 0.345524 0.693278
vt 0.352054 0.766336
vt 0.196670 0.699339
vt 0.179058 0.748580
vt 0.191480 0.698725
vt 0.179822 0.801514
vt 0.239219 0.814821
vt 0.264881 0.801412
vt 0.469840 0.000447
vt 0.225347 0.828354
vt 0.228033 0.814541
vt 0.289413 0.836161
vt 0.887645 0.997764
vt 0.999552 0.065090
vt 0.293308 0.811322
vt 0.443161 0.009096
vt 0.887645 0.973907
vt 0.205980 0.840577
vt 0.250804 0.303996
vt 0.315980 0.771436
vt 0.425974 0.148065
vt 0.916565 0.504995
vt 0.951012 0.152864
vt 0.348577 0.796020
vt 0.369851 0.823283
vt 0.462601 0.141771
vt 0.354073 0.766464
vt 0.371083 0.852818
vt 0.341054 0.917432
vt 0.347742 0.693629
vt 0.176443 0.853900
vt 0.204193 0.845110
vt 0.231751 0.843814
vt 0.786899 0.112123
vt 0.176503 0.862585
vt 0.633807 0.509705
vt 0.233020 0.835905
vt 0.780215 0.109159
vt 0.999552 0.012075
vt 0.226852 0.877064
vt 0.687108 0.516547
vt 0.820579 0.117621
vt 0.307301 0.764511
vt 0.406558 0.146054
vt 0.955180 0.163011
vt 0.145212 0.906530
vt 0.636900 0.451483
vt 0.229951 0.876722
vt 0.818987 0.115178
vt 0.410962 0.808399
vt 0.422998 0.753459
vt 0.357654 0.002236
vt 0.437332 0.035331
vt 0.460080 0.805077
vt 0.425158 0.833603
vt 0.481035 0.039690
vt 0.478173 0.748725
vt 0.526539 0.764871
vt 0.530987 0.838192
vt 0.527086 0.759942
vt 0.422113 0.002236
vt 0.433751 0.875224
vt 0.479855 0.866603
vt 0.532767 0.913120
vt 0.459820 0.919726
vt 0.396894 0.795150
vt 0.410985 0.797286
vt 0.423073 0.749047
vt 0.391610 0.859216
vt 0.524931 0.035331
vt 0.857860 0.825134
vt 0.416422 0.862105
vt 0.506960 0.050867
vt 0.030472 0.917431
vt 0.532419 0.915327
vt 0.000448 0.852816
vt 0.459696 0.921735
vt 0.001682 0.823281
vt 0.430172 0.916312
vt 0.433751 0.958609
vt 0.032677 0.015593
vt 0.081688 0.671650
vt 0.427452 0.922015
vt 0.454674 0.883846
vt 0.478371 0.743654
vt 0.431455 0.689622
vt 0.341540 0.419946
vt 0.367962 0.745524
vt 0.386045 0.792499
vt 0.666672 0.252683
vt 0.357067 0.734946
vt 0.630358 0.304200
vt 0.330814 0.424987
vt 0.366656 0.733777
vt 0.357839 0.732695
vt 0.628963 0.305614
vt 0.327217 0.425313
vt 0.366294 0.730445
vt 0.390642 0.803702
vt 0.646967 0.126565
vt 0.910922 0.825134
vt 0.039240 0.006708
vt 0.429464 0.902616
vt 0.461575 0.875201
vt 0.518296 0.395129
vt 0.351388 0.807886
vt 0.636079 0.164480
vt 0.687108 0.282422
vt 0.352110 0.809855
vt 0.637883 0.163635
vt 0.129690 0.380929
vt 0.195113 0.370426
vt 0.250866 0.408318
vt 0.129692 0.262786
vt 0.164886 0.259940
vt 0.081021 0.831260
vt 0.160675 0.245265
vt 0.938923 0.586077
vt 0.062406 0.806208
vt 0.129692 0.247610
vt 0.063615 0.370424
vt 0.121932 0.434082
vt 0.050966 0.776540
vt 0.098056 0.245265
vt 0.093846 0.259941
vt 0.063938 0.372626
vt 0.123869 0.435167
vt 0.194793 0.372628
vt 0.249493 0.410064
vt 0.129693 0.383274
vt 0.184169 0.408318
vt 0.680803 0.381727
vt 0.942256 0.819452
vt 0.621829 0.387615
vt 0.632456 0.359883
vt 0.682809 0.356672
vt 0.947357 0.794498
vt 0.629252 0.358412
vt 0.346016 0.942308
vt 0.631849 0.357830
vt 0.645430 0.258945
vt 0.644148 0.225674
vt 0.657746 0.337166
vt 0.642958 0.224378
vt 0.658665 0.335800
vt 0.346016 0.993292
vt 0.682587 0.354270
vt 0.949535 0.792934
vt 0.621489 0.388429
vt 0.637717 0.450928
vt 0.682090 0.383896
vt 0.944161 0.820143
vt 0.677222 0.440812
vt 0.954700 0.877030
vt 0.961437 0.343049
vt 0.643330 0.451999
vt 0.891625 0.116963
vt 0.955685 0.379696
vt 0.099078 0.206717
vt 0.061430 0.183128
vt 0.097196 0.178082
vt 0.062980 0.206436
vt 0.121411 0.200571
vt 0.135504 0.222387
vt 0.143819 0.195126
vt 0.120243 0.182580
vt 0.143135 0.184441
vt 0.135605 0.161465
vt 0.487616 0.076476
vt 0.064335 0.227137
vt 0.044010 0.223097
vt 0.036042 0.194185
vt 0.040321 0.167791
vt 0.059809 0.159090
vt 0.410071 0.076476
vt 0.031537 0.179033
vt 0.246643 0.078460
vt 0.033622 0.210464
vt 0.246644 0.046998
vt 0.143995 0.216018
vt 0.953953 0.934551
vt 0.033653 0.170795
vt 0.246650 0.086883
vt 0.142699 0.164982
vt 0.495524 0.078856
vt 0.952140 0.883448
vt 0.036891 0.219687
vt 0.246650 0.037303
vt 0.031551 0.199862
vt 0.246644 0.057735
vt 0.030886 0.189819
vt 0.246643 0.067723
vt 0.090258 0.153424
vt 0.441217 0.078030
vt 0.085384 0.232111
vt 0.890938 0.257899
vt 0.080217 0.153399
vt 0.431178 0.078057
vt 0.099679 0.154115
vt 0.450667 0.078099
vt 0.146374 0.187564
vt 0.952104 0.906204
vt 0.146374 0.198382
vt 0.952555 0.916939
vt 0.052922 0.229111
vt 0.247514 0.018336
vt 0.893017 0.290702
vt 0.064451 0.230480
vt 0.892308 0.279039
vt 0.041807 0.225771
vt 0.247358 0.029714
vt 0.037790 0.165422
vt 0.247365 0.093470
vt 0.387298 0.079265
vt 0.048268 0.160553
vt 0.398710 0.078875
vt 0.095342 0.230874
vt 0.889999 0.247765
vt 0.138590 0.223728
vt 0.885900 0.203488
vt 0.956598 0.943202
vt 0.739094 0.208322
vt 0.703328 0.203277
vt 0.740976 0.179688
vt 0.704878 0.179969
vt 0.763309 0.185834
vt 0.762141 0.203824
vt 0.676215 0.091682
vt 0.777503 0.224940
vt 0.785033 0.201964
vt 0.785717 0.191278
vt 0.777402 0.164017
vt 0.706233 0.159267
vt 0.685908 0.163307
vt 0.677940 0.192219
vt 0.682219 0.218613
vt 0.701707 0.227314
vt 0.753760 0.091682
vt 0.592263 0.484157
vt 0.673435 0.207372
vt 0.592483 0.515619
vt 0.675520 0.175940
vt 0.668602 0.040639
vt 0.785893 0.170387
vt 0.592211 0.475734
vt 0.675551 0.215609
vt 0.617453 0.042451
vt 0.668308 0.094062
vt 0.784597 0.221422
vt 0.592557 0.525315
vt 0.678789 0.166718
vt 0.592408 0.504882
vt 0.673449 0.186543
vt 0.592338 0.494894
vt 0.672784 0.196586
vt 0.722614 0.093235
vt 0.732156 0.232980
vt 0.504765 0.296361
vt 0.727281 0.154293
vt 0.722115 0.233005
vt 0.732654 0.093263
vt 0.713164 0.093305
vt 0.741577 0.232290
vt 0.640230 0.042487
vt 0.788272 0.198840
vt 0.650974 0.042035
vt 0.788272 0.188023
vt 0.502686 0.329164
vt 0.593544 0.544276
vt 0.694819 0.157293
vt 0.503395 0.317500
vt 0.706349 0.155925
vt 0.593310 0.532899
vt 0.683705 0.160634
vt 0.592873 0.469141
vt 0.679688 0.220983
vt 0.776534 0.094470
vt 0.690166 0.225851
vt 0.765122 0.094080
vt 0.505704 0.286226
vt 0.737238 0.155530
vt 0.509802 0.241950
vt 0.677261 0.037997
vt 0.780488 0.162677
vt 0.186089 0.924708
vt 0.765982 0.502236
vt 0.141475 0.910053
vt 0.810801 0.498112
vt 0.141650 0.912060
vt 0.186088 0.926723
vt 0.229874 0.912051
vt 0.230050 0.910044
vt 0.721862 0.498112
vt 0.115248 0.899794
vt 0.834935 0.487909
vt 0.069708 0.911355
vt 0.091548 0.888417
vt 0.856312 0.477569
vt 0.899284 0.220977
vt 0.061141 0.888631
vt 0.085913 0.943917
vt 0.122198 0.960908
vt 0.186084 0.969247
vt 0.090651 0.882739
vt 0.899758 0.226401
vt 0.081779 0.846752
vt 0.901235 0.263208
vt 0.047506 0.852106
vt 0.065147 0.824050
vt 0.386322 0.987925
vt 0.910137 0.288462
vt 0.036014 0.820662
vt 0.414637 0.983806
vt 0.249320 0.960906
vt 0.285610 0.943916
vt 0.301818 0.911354
vt 0.256278 0.899788
vt 0.697734 0.487909
vt 0.279979 0.888413
vt 0.676365 0.477569
vt 0.906446 0.361406
vt 0.310387 0.888630
vt 0.280877 0.882736
vt 0.906920 0.366830
vt 0.289752 0.846749
vt 0.908397 0.403637
vt 0.324025 0.852105
vt 0.306386 0.824048
vt 0.491943 0.189158
vt 0.917299 0.428891
vt 0.335519 0.820662
vt 0.487820 0.160868
vt 0.782924 0.057225
vt 0.897572 0.487277
vt 0.725119 0.035135
vt 0.880684 0.037749
vt 0.724762 0.060639
vt 0.783796 0.034436
vt 0.821397 0.037120
vt 0.906008 0.510225
vt 0.270160 0.507188
vt 0.699902 0.060572
vt 0.270022 0.533621
vt 0.700964 0.034436
vt 0.905079 0.037120
vt 0.781063 0.082637
vt 0.899947 0.460210
vt 0.942256 0.933363
vt 0.723607 0.085420
vt 0.941562 0.875615
vt 0.260149 0.484132
vt 0.698747 0.085353
vt 0.942256 0.850661
vt 0.108796 0.062591
vt 0.920523 0.729507
vt 0.050635 0.066006
vt 0.050992 0.040502
vt 0.932674 0.689377
vt 0.109669 0.039803
vt 0.897555 0.737934
vt 0.933303 0.630143
vt 0.025775 0.065938
vt 0.142008 0.532793
vt 0.026837 0.039803
vt 0.152266 0.557147
vt 0.933303 0.713750
vt 0.106936 0.088004
vt 0.939570 0.118515
vt 0.947615 0.731879
vt 0.049480 0.090787
vt 0.938877 0.176264
vt 0.024620 0.090720
vt 0.142415 0.507657
vt 0.939570 0.201218
vt 0.180873 0.074648
vt 0.151917 0.074356
vt 0.198590 0.521445
vt 0.179364 0.099732
vt 0.891226 0.176755
vt 0.151746 0.099517
vt 0.187935 0.498479
vt 0.892141 0.204383
vt 0.234974 0.096761
vt 0.891409 0.121067
vt 0.953579 0.781342
vt 0.236582 0.070997
vt 0.927832 0.790128
vt 0.237690 0.047853
vt 0.885133 0.632680
vt 0.903519 0.787397
vt 0.181525 0.048747
vt 0.884960 0.689168
vt 0.153945 0.047853
vt 0.197802 0.548050
vt 0.885865 0.716905
vt 0.311580 0.083593
vt 0.310071 0.108676
vt 0.893912 0.875124
vt 0.213564 0.518455
vt 0.282625 0.083301
vt 0.214595 0.493152
vt 0.282453 0.108461
vt 0.894827 0.847496
vt 0.365681 0.105706
vt 0.894094 0.930812
vt 0.949454 0.454251
vt 0.367290 0.079942
vt 0.958248 0.479975
vt 0.368398 0.056798
vt 0.823936 0.085248
vt 0.955515 0.504266
vt 0.312232 0.057692
vt 0.880475 0.085420
vt 0.224492 0.542718
vt 0.284652 0.056798
vt 0.908236 0.084516
vt 0.625327 0.784110
vt 0.534020 0.421254
vt 0.628043 0.784134
vt 0.878693 0.488298
vt 0.630146 0.776682
vt 0.870932 0.488819
vt 0.541021 0.421735
vt 0.630020 0.790943
vt 0.626148 0.769177
vt 0.615831 0.784026
vt 0.616653 0.769093
vt 0.634256 0.772644
vt 0.865148 0.488629
vt 0.616394 0.798293
vt 0.625890 0.798377
vt 0.546719 0.421574
vt 0.634058 0.795053
vt 0.618158 0.754845
vt 0.626974 0.754923
vt 0.637691 0.769279
vt 0.620352 0.740603
vt 0.628564 0.734563
vt 0.638715 0.737369
vt 0.652787 0.755151
vt 0.260967 0.839515
vt 0.432856 0.041592
vt 0.651222 0.776190
vt 0.715933 0.755709
vt 0.973648 0.810267
vt 0.716405 0.776766
vt 0.972587 0.830881
vt 0.269381 0.839445
vt 0.653186 0.784357
vt 0.277077 0.839515
vt 0.388093 0.200805
vt 0.651083 0.791808
vt 0.716267 0.792385
vt 0.972880 0.846146
vt 0.716333 0.784915
vt 0.972740 0.838845
vt 0.715423 0.813430
vt 0.974667 0.866702
vt 0.652276 0.812872
vt 0.637433 0.798479
vt 0.504850 0.028179
vt 0.678100 0.739755
vt 0.489297 0.028175
vt 0.662483 0.739617
vt 0.026410 0.212433
vt 0.511638 0.028652
vt 0.684908 0.737778
vt 0.031782 0.157871
vt 0.481876 0.028487
vt 0.655026 0.738193
vt 0.026913 0.159956
vt 0.651677 0.734089
vt 0.319158 0.991675
vt 0.716728 0.746209
vt 0.975380 0.800892
vt 0.022071 0.212614
vt 0.687664 0.734407
vt 0.014956 0.212979
vt 0.689782 0.727635
vt 0.660298 0.201508
vt 0.725917 0.717088
vt 0.019416 0.160406
vt 0.650400 0.727286
vt 0.636891 0.720376
vt 0.622551 0.727040
vt 0.009271 0.212968
vt 0.688493 0.722190
vt 0.637657 0.771995
vt 0.648612 0.987030
vt 0.861683 0.488299
vt 0.123098 0.879696
vt 0.419224 0.041524
vt 0.637639 0.774032
vt 0.650627 0.987127
vt 0.669890 0.570215
vt 0.320949 0.984506
vt 0.724192 0.745596
vt 0.323438 0.958399
vt 0.666517 0.239309
vt 0.750671 0.747188
vt 0.012981 0.157871
vt 0.652523 0.721193
vt 0.998657 0.122114
vt 0.654793 0.704236
vt 0.614424 0.726968
vt 0.694854 0.704590
vt 0.617647 0.812566
vt 0.626464 0.812644
vt 0.637892 0.830402
vt 0.611556 0.740525
vt 0.639143 0.705455
vt 0.629603 0.708087
vt 0.004369 0.212433
vt 0.685149 0.718765
vt 0.998657 0.088144
vt 0.678387 0.716668
vt 0.998429 0.095156
vt 0.663449 0.716536
vt 0.998242 0.109868
vt 0.655958 0.717828
vt 0.998017 0.117372
vt 0.617300 0.714770
vt 0.619589 0.826844
vt 0.627694 0.833028
vt 0.609372 0.754767
vt 0.607868 0.769015
vt 0.606367 0.783943
vt 0.645630 0.931072
vt 0.650794 0.833912
vt 0.236576 0.884480
vt 0.647717 0.926208
vt 0.654215 0.829867
vt 0.243997 0.884168
vt 0.661696 0.828575
vt 0.259550 0.884172
vt 0.677313 0.828713
vt 0.266338 0.884645
vt 0.684085 0.830811
vt 0.998657 0.288462
vt 0.716070 0.818190
vt 0.975380 0.871389
vt 0.982543 0.342129
vt 0.686781 0.834230
vt 0.998476 0.284127
vt 0.688779 0.841039
vt 0.998111 0.277018
vt 0.645180 0.938562
vt 0.649397 0.840690
vt 0.621548 0.840444
vt 0.724722 0.852223
vt 0.855746 0.095649
vt 0.750671 0.823929
vt 0.893017 0.088998
vt 0.982543 0.377200
vt 0.635768 0.847361
vt 0.687394 0.846460
vt 0.998122 0.271338
vt 0.550134 0.421259
vt 0.637447 0.795763
vt 0.999254 0.894902
vt 0.103402 0.879696
vt 0.388162 0.214425
vt 0.637465 0.793725
vt 0.669890 0.550539
vt 0.999552 0.896648
vt 0.613421 0.840372
vt 0.607609 0.798215
vt 0.610794 0.826767
vt 0.608862 0.812488
vt 0.647717 0.944991
vt 0.651411 0.846821
vt 0.856312 0.616706
vt 0.653382 0.863816
vt 0.693443 0.864171
vt 0.637756 0.862320
vt 0.628263 0.859520
vt 0.683990 0.849825
vt 0.856312 0.650675
vt 0.998657 0.266440
vt 0.677192 0.851803
vt 0.856083 0.643664
vt 0.662254 0.851671
vt 0.855897 0.628952
vt 0.654787 0.850246
vt 0.855672 0.621448
vt 0.616081 0.852620
vt 0.656886 0.164878
vt 0.701173 0.691743
vt 0.699533 0.877128
vt 0.819126 0.099014
vt 0.325617 0.158766
vt 0.655062 0.154639
vt 0.701313 0.682916
vt 0.699518 0.885957
vt 0.743363 0.987007
vt 0.808940 0.100824
vt 0.596397 0.768914
vt 0.776962 0.677827
vt 0.594897 0.783841
vt 0.761887 0.678444
vt 0.596139 0.798114
vt 0.747466 0.677483
vt 0.618768 0.864190
vt 0.675765 0.884389
vt 0.742446 0.963613
vt 0.652676 0.882147
vt 0.742998 0.940681
vt 0.597392 0.812387
vt 0.733055 0.675838
vt 0.599324 0.826666
vt 0.718632 0.674139
vt 0.597903 0.754666
vt 0.791360 0.676517
vt 0.600087 0.740424
vt 0.805745 0.675154
vt 0.620191 0.703250
vt 0.302441 0.159964
vt 0.677537 0.684064
vt 0.279642 0.159685
vt 0.654412 0.685896
vt 0.601951 0.840271
vt 0.704892 0.671710
vt 0.602954 0.726867
vt 0.819442 0.673044
vt 0.628926 0.877862
vt 0.743752 0.916558
vt 0.621471 0.875080
vt 0.744405 0.908598
vt 0.637746 0.879978
vt 0.743237 0.925657
vt 0.605280 0.852525
vt 0.692520 0.668557
vt 0.255478 0.159272
vt 0.630590 0.689761
vt 0.247371 0.158766
vt 0.623087 0.692411
vt 0.264641 0.159648
vt 0.639445 0.687802
vt 0.606499 0.714675
vt 0.831763 0.670180
vt 0.611316 0.871595
vt 0.673284 0.661687
vt 0.744331 0.897836
vt 0.608630 0.863421
vt 0.681528 0.664737
vt 0.610042 0.703840
vt 0.842722 0.666615
vt 0.236447 0.159043
vt 0.612872 0.695716
vt 0.850940 0.663757
vt 0.763806 0.506708
vt 0.765987 0.446777
vt 0.607431 0.602415
vt 0.774071 0.509619
vt 0.776329 0.446902
vt 0.607431 0.656082
vt 0.828061 0.519500
vt 0.830798 0.440911
vt 0.838271 0.523615
vt 0.841141 0.438730
vt 0.937780 0.205277
vt 0.339749 0.521914
vt 0.754180 0.509387
vt 0.756335 0.446902
vt 0.339749 0.468247
vt 0.699792 0.518005
vt 0.701871 0.440911
vt 0.689424 0.521881
vt 0.691530 0.438730
vt 0.944942 0.345707
vt 0.481038 0.175631
vt 0.256979 0.289621
vt 0.435305 0.163548
vt 0.449304 0.206205
vt 0.651613 0.900892
vt 0.456016 0.214222
vt 0.649508 0.892218
vt 0.676028 0.567170
vt 0.944942 0.392702
vt 0.245748 0.278009
vt 0.431587 0.177718
vt 0.977654 0.146418
vt 0.466145 0.155822
vt 0.441045 0.199626
vt 0.653886 0.911364
vt 0.427453 0.194969
vt 0.655059 0.925626
vt 0.412420 0.171966
vt 0.973971 0.161277
vt 0.350492 0.048748
vt 0.403488 0.193034
vt 0.657419 0.945271
vt 0.465088 0.155358
vt 0.260524 0.290074
vt 0.437434 0.159333
vt 0.399860 0.977030
vt 0.240921 0.252912
vt 0.369259 0.945324
vt 0.086911 0.655717
vt 0.411954 0.931337
vt 0.231626 0.255367
vt 0.361235 0.952030
vt 0.850940 0.569208
vt 0.937780 0.252272
vt 0.076544 0.643344
vt 0.397772 0.927623
vt 0.540770 0.411722
vt 0.419687 0.962150
vt 0.251923 0.250289
vt 0.375844 0.937073
vt 0.050629 0.253578
vt 0.266607 0.248765
vt 0.380505 0.923493
vt 0.403529 0.908473
vt 0.537087 0.396862
vt 0.031471 0.250848
vt 0.382442 0.899549
vt 0.412364 0.043381
vt 0.420152 0.961094
vt 0.090427 0.656469
vt 0.416173 0.933465
vt 0.830749 0.168343
vt 0.011191 0.300020
vt 0.602059 0.598896
vt 0.836496 0.180419
vt 0.599560 0.593671
vt 0.829433 0.181070
vt 0.855348 0.166863
vt 0.855753 0.179155
vt 0.853858 0.124827
vt 0.825733 0.126487
vt 0.819547 0.984347
vt 0.863463 0.504920
vt 0.874374 0.179127
vt 0.062525 0.516542
vt 0.879405 0.166657
vt 0.028458 0.540168
vt 0.881379 0.124478
vt 0.070820 0.507172
vt 0.824777 0.986844
vt 0.881379 0.179390
vt 0.579304 0.167823
vt 0.816033 0.180924
vt 0.011191 0.327818
vt 0.601434 0.091083
vt 0.835721 0.504920
vt 0.856452 0.199911
vt 0.072963 0.629249
vt 0.636237 0.599550
vt 0.853823 0.123882
vt 0.640896 0.628522
vt 0.825069 0.125821
vt 0.587384 0.171804
vt 0.597910 0.579151
vt 0.818094 0.189645
vt 0.808441 0.160112
vt 0.801571 0.131096
vt 0.648719 0.652074
vt 0.800908 0.129756
vt 0.570266 0.173584
vt 0.806231 0.177083
vt 0.785684 0.135241
vt 0.960764 0.036921
vt 0.550358 0.172232
vt 0.794891 0.160999
vt 0.936063 0.025544
vt 0.059534 0.640261
vt 0.654879 0.668543
vt 0.783796 0.133611
vt 0.963003 0.038014
vt 0.032273 0.136017
vt 0.029983 0.122349
vt 0.046991 0.122130
vt 0.046947 0.135826
vt 0.011785 0.132185
vt 0.010808 0.122614
vt 0.019112 0.142376
vt 0.172634 0.131506
vt 0.037975 0.146243
vt 0.167577 0.150229
vt 0.047125 0.144744
vt 0.167540 0.159253
vt 0.030836 0.145654
vt 0.168724 0.143247
vt 0.058023 0.143201
vt 0.169750 0.169806
vt 0.118558 0.129902
vt 0.572427 0.008358
vt 0.118621 0.139514
vt 0.178603 0.228301
vt 0.562730 0.011637
vt 0.118132 0.121004
vt 0.581170 0.007808
vt 0.010953 0.137697
vt 0.174791 0.122540
vt 0.007692 0.131574
vt 0.178603 0.116709
vt 0.641326 0.119410
vt 0.006714 0.122004
vt 0.650970 0.118834
vt 0.011510 0.113722
vt 0.046559 0.109841
vt 0.031885 0.110032
vt 0.007968 0.113783
vt 0.216204 0.218491
vt 0.659250 0.117606
vt 0.118621 0.103259
vt 0.216204 0.108387
vt 0.597808 0.014974
vt 0.056441 0.101501
vt 0.206443 0.168213
vt 0.046471 0.100980
vt 0.204258 0.177659
vt 0.037822 0.099732
vt 0.204894 0.186125
vt 0.018539 0.104082
vt 0.209879 0.205180
vt 0.030704 0.100510
vt 0.206138 0.193050
vt 0.011055 0.108281
vt 0.212527 0.213264
vt 0.355608 0.201708
vt 0.341927 0.199419
vt 0.355827 0.184714
vt 0.342118 0.184758
vt 0.345763 0.219889
vt 0.355342 0.220866
vt 0.335563 0.212569
vt 0.512107 0.121796
vt 0.331692 0.193723
vt 0.530847 0.126848
vt 0.333192 0.184581
vt 0.539879 0.126886
vt 0.332282 0.200855
vt 0.523858 0.125702
vt 0.334737 0.173692
vt 0.550442 0.124677
vt 0.035217 0.687210
vt 0.348048 0.113212
vt 0.032067 0.696939
vt 0.338428 0.113148
vt 0.608988 0.115832
vt 0.039995 0.679832
vt 0.356954 0.113637
vt 0.340246 0.220720
vt 0.503133 0.119640
vt 0.346374 0.223979
vt 0.497297 0.115832
vt 0.962722 0.385957
vt 0.355953 0.224955
vt 0.972366 0.386533
vt 0.364243 0.220164
vt 0.368127 0.185146
vt 0.367936 0.199807
vt 0.330594 0.111360
vt 0.364181 0.223703
vt 0.980647 0.387761
vt 0.055629 0.670536
vt 0.220390 0.111360
vt 0.374714 0.113148
vt 0.280271 0.121112
vt 0.376475 0.175273
vt 0.289725 0.123295
vt 0.376996 0.185234
vt 0.298198 0.122659
vt 0.378245 0.193876
vt 0.317271 0.117679
vt 0.373891 0.213141
vt 0.305130 0.121417
vt 0.377466 0.200988
vt 0.325362 0.115034
vt 0.369688 0.220618
vt 0.949153 0.794825
vt 0.323705 0.992376
vt 0.971287 0.798358
vt 0.956736 0.877907
vt 0.963009 0.344051
vt 0.819878 0.106765
vt 0.891084 0.096094
vt 0.975837 0.374081
vt 0.076817 0.520125
vt 0.790736 0.095969
vt 0.985228 0.019671
vt 0.082811 0.522959
vt 0.723721 0.991503
vt 0.791747 0.088998
vt 0.857664 0.412585
vt 0.866539 0.423373
vt 0.855498 0.418711
vt 0.870490 0.418897
vt 0.874709 0.429658
vt 0.557514 0.059481
vt 0.862879 0.433118
vt 0.542813 0.069746
vt 0.873862 0.446780
vt 0.580779 0.059481
vt 0.841594 0.424775
vt 0.842683 0.415709
vt 0.843979 0.406601
vt 0.832027 0.415149
vt 0.596124 0.069549
vt 0.823752 0.427266
vt 0.880612 0.435813
vt 0.812032 0.409382
vt 0.608326 0.088581
vt 0.804157 0.437406
vt 0.935989 0.576423
vt 0.794539 0.407541
vt 0.930179 0.545642
vt 0.802823 0.403255
vt 0.826500 0.995080
vt 0.935989 0.538014
vt 0.817605 0.402556
vt 0.841713 0.993368
vt 0.830902 0.403571
vt 0.854892 0.989417
vt 0.858954 0.410029
vt 0.871912 0.414253
vt 0.881379 0.617621
vt 0.862381 0.397353
vt 0.072963 0.467707
vt 0.843949 0.404595
vt 0.867055 0.984347
vt 0.063018 0.462773
vt 0.849158 0.393991
vt 0.865479 0.386244
vt 0.052062 0.461775
vt 0.850972 0.382490
vt 0.878799 0.346079
vt 0.010263 0.455765
vt 0.861244 0.340582
vt 0.873902 0.406763
vt 0.875234 0.401187
vt 0.879574 0.390794
vt 0.459198 0.948889
vt 0.895580 0.351842
vt 0.879660 0.343222
vt 0.942256 0.648820
vt 0.007261 0.455725
vt 0.861957 0.337657
vt 0.946463 0.630978
vt 0.457028 0.950932
vt 0.896598 0.349013
vt 0.945486 0.666224
vt 0.875191 0.634139
vt 0.884262 0.426640
vt 0.533349 0.066876
vt 0.883278 0.446241
vt 0.523221 0.919946
vt 0.879165 0.632993
vt 0.885144 0.422632
vt 0.874217 0.645675
vt 0.892416 0.434673
vt 0.511930 0.926798
vt 0.887713 0.409171
vt 0.504691 0.931685
vt 0.890690 0.400457
vt 0.519846 0.062745
vt 0.661100 0.590787
vt 0.875933 0.656082
vt 0.896598 0.444224
vt 0.894406 0.764467
vt 0.908220 0.631095
vt 0.909507 0.688908
vt 0.176080 0.557815
vt 0.909572 0.714637
vt 0.822349 0.062181
vt 0.932564 0.513371
vt 0.880214 0.060895
vt 0.248293 0.543385
vt 0.905966 0.060830
vt 0.914505 0.120301
vt 0.956285 0.756982
vt 0.915787 0.177217
vt 0.164140 0.497874
vt 0.915914 0.203562
vt 0.917191 0.931577
vt 0.925072 0.451547
vt 0.918472 0.874662
vt 0.236338 0.483448
vt 0.918600 0.848316
vt 0.581612 0.216840
vt 0.594551 0.215100
vt 0.596984 0.228496
vt 0.607012 0.919946
vt 0.666517 0.658766
vt 0.601760 0.227717
vt 0.589276 0.229666
vt 0.612510 0.924954
vt 0.583338 0.230350
vt 0.616771 0.928393
vt 0.597242 0.214159
vt 0.606709 0.224406
vt 0.570194 0.218047
vt 0.572040 0.232904
vt 0.624080 0.936795
vt 0.528389 0.223013
vt 0.530613 0.240638
vt 0.651396 0.969003
vt 0.593128 0.199777
vt 0.580360 0.203497
vt 0.603576 0.212823
vt 0.569222 0.203287
vt 0.526618 0.204753
vt 0.602308 0.199696
vt 0.591146 0.199483
vt 0.602059 0.551431
vt 0.525416 0.223272
vt 0.942150 0.994186
vt 0.523648 0.204653
vt 0.924292 0.989983
vt 0.527645 0.241064
vt 0.653089 0.971466
vt 0.959569 0.990958
vt 0.603170 0.189027
vt 0.591861 0.186366
vt 0.596984 0.563583
vt 0.572757 0.116726
vt 0.611417 0.199825
vt 0.600124 0.168368
vt 0.592624 0.173001
vt 0.593030 0.576750
vt 0.591316 0.591949
vt 0.595283 0.158386
vt 0.672784 0.235689
vt 0.578405 0.188305
vt 0.910027 0.007909
vt 0.588371 0.186236
vt 0.599207 0.564555
vt 0.590373 0.111130
vt 0.616264 0.182416
vt 0.573998 0.189381
vt 0.914189 0.006414
vt 0.526346 0.186549
vt 0.963166 0.004919
vt 0.600630 0.150716
vt 0.680419 0.241493
vt 0.607299 0.095840
vt 0.628917 0.164276
vt 0.711227 0.235689
vt 0.550286 0.110315
vt 0.616826 0.222070
vt 0.611835 0.233391
vt 0.539012 0.096299
vt 0.628917 0.234779
vt 0.607478 0.242423
vt 0.531024 0.107368
vt 0.617144 0.240200
vt 0.523277 0.186740
vt 0.911118 0.978032
vt 0.967323 0.005695
vt 0.518478 0.107164
vt 0.614046 0.251789
vt 0.652747 0.633058
vt 0.564499 0.178531
vt 0.921808 0.020330
vt 0.605874 0.242754
vt 0.657974 0.644072
vt 0.238255 0.399781
vt 0.416687 0.114937
vt 0.776634 0.256909
vt 0.918979 0.956619
vt 0.262351 0.373289
vt 0.995357 0.746422
vt 0.236978 0.374184
vt 0.263653 0.400268
vt 0.942539 0.967595
vt 0.968288 0.745588
vt 0.212358 0.398864
vt 0.793631 0.238480
vt 0.209042 0.373276
vt 0.741719 0.007695
vt 0.209587 0.396901
vt 0.738818 0.031204
vt 0.795013 0.235569
vt 0.236992 0.371204
vt 0.928170 0.792934
vt 0.262065 0.370751
vt 0.902299 0.788979
vt 0.997762 0.745651
vt 0.209358 0.370751
vt 0.741270 0.005212
vt 0.955140 0.782588
vt 0.062708 0.770242
vt 0.619069 0.295371
vt 0.747145 0.130143
vt 0.989705 0.628354
vt 0.088327 0.768967
vt 0.089224 0.794316
vt 0.997147 0.512075
vt 0.062220 0.795617
vt 0.970079 0.512909
vt 0.978719 0.651893
vt 0.063626 0.744368
vt 0.602072 0.276942
vt 0.089237 0.741055
vt 0.809666 0.080054
vt 0.065591 0.741600
vt 0.600690 0.274031
vt 0.786136 0.077155
vt 0.091310 0.768980
vt 0.961056 0.479637
vt 0.091764 0.794031
vt 0.957098 0.505485
vt 0.999552 0.512846
vt 0.091764 0.741371
vt 0.812151 0.079605
vt 0.950701 0.452692
vt 0.981239 0.910828
vt 0.822656 0.203488
vt 0.987558 0.901321
vt 0.839630 0.207220
vt 0.988125 0.919694
vt 0.489127 0.106648
vt 0.980702 0.886168
vt 0.479934 0.112478
vt 0.805323 0.204194
vt 0.989705 0.883316
vt 0.982290 0.931672
vt 0.852042 0.212591
vt 0.989705 0.933873
vt 0.858196 0.211126
vt 0.984552 0.937981
vt 0.480567 0.106239
vt 0.985193 0.878801
vt 0.644858 0.013378
vt 0.556073 0.245682
vt 0.653731 0.006497
vt 0.573047 0.241950
vt 0.635342 0.007064
vt 0.620176 0.013914
vt 0.674705 0.121854
vt 0.590379 0.242655
vt 0.617321 0.004919
vt 0.683897 0.127684
vt 0.665720 0.012328
vt 0.543661 0.251052
vt 0.667923 0.004919
vt 0.537507 0.249588
vt 0.672035 0.010067
vt 0.612802 0.009427
vt 0.683265 0.121444
vt 0.007610 0.969351
vt 0.852935 0.275875
vt 0.035925 0.998658
vt 0.685640 0.005550
vt 0.034915 0.970723
vt 0.008547 0.995246
vt 0.683527 0.032648
vt 0.845960 0.250641
vt 0.035242 0.945469
vt 0.994581 0.690802
vt 0.007936 0.944097
vt 0.852718 0.301906
vt 0.967516 0.691962
vt 0.037722 0.970719
vt 0.920189 0.726744
vt 0.038048 0.946146
vt 0.895915 0.736036
vt 0.997762 0.691990
vt 0.038048 0.997972
vt 0.686350 0.003131
vt 0.948756 0.729644
vt 0.379826 0.674866
vt 0.542768 0.314336
vt 0.378452 0.647585
vt 0.350492 0.646576
vt 0.811813 0.024025
vt 0.353908 0.673929
vt 0.549742 0.289102
vt 0.784691 0.021914
vt 0.403730 0.647259
vt 0.996371 0.567695
vt 0.405103 0.674539
vt 0.542985 0.340368
vt 0.969307 0.566535
vt 0.378457 0.644781
vt 0.894808 0.487610
vt 0.403052 0.644454
vt 0.904108 0.511863
vt 0.999552 0.566507
vt 0.351179 0.644454
vt 0.814235 0.024734
vt 0.897710 0.459069
vt 0.844916 0.556769
vt 0.935857 0.239489
vt 0.682351 0.554875
vt 0.943019 0.379918
vt 0.522864 0.144452
vt 0.975682 0.762152
vt 0.543159 0.147910
vt 0.891685 0.314401
vt 0.009400 0.393832
vt 0.513677 0.156007
vt 0.961056 0.766599
vt 0.015441 0.391324
vt 0.517555 0.161449
vt 0.862578 0.314435
vt 0.550787 0.146579
vt 0.899467 0.314534
vt 0.042374 0.713361
vt 0.611012 0.135133
vt 0.961056 0.314435
vt 0.522282 0.139502
vt 0.939570 0.422483
vt 0.980752 0.761628
vt 0.517287 0.136519
vt 0.941203 0.416853
vt 0.506589 0.132614
vt 0.498309 0.129335
vt 0.953950 0.397670
vt 0.499470 0.134417
vt 0.952925 0.403105
vt 0.495524 0.121591
vt 0.960067 0.391554
vt 0.510231 0.139714
vt 0.948521 0.414391
vt 0.149958 0.142253
vt 0.514626 0.205647
vt 0.146496 0.162530
vt 0.775739 0.734358
vt 0.138393 0.133075
vt 0.500000 0.201200
vt 0.888716 0.492397
vt 0.132945 0.136949
vt 0.775704 0.705277
vt 0.891226 0.498433
vt 0.147829 0.170151
vt 0.775604 0.742133
vt 0.159285 0.230322
vt 0.555470 0.029842
vt 0.775704 0.803667
vt 0.154912 0.141672
vt 0.519696 0.206172
vt 0.618174 0.082884
vt 0.157897 0.136681
vt 0.619806 0.088513
vt 0.161806 0.125993
vt 0.165088 0.117720
vt 0.632553 0.107697
vt 0.160002 0.118880
vt 0.631529 0.102262
vt 0.172839 0.114937
vt 0.638670 0.113813
vt 0.154700 0.129631
vt 0.627125 0.090976
vt 0.555319 0.953970
vt 0.556727 0.940136
vt 0.531870 0.937351
vt 0.530214 0.951100
vt 0.011771 0.681030
vt 0.551037 0.995678
vt 0.016095 0.709761
vt 0.523815 0.992508
vt 0.532988 0.932052
vt 0.557269 0.934846
vt 0.542504 0.928954
vt 0.666517 0.592930
vt 0.881379 0.654349
vt 0.582273 0.942490
vt 0.581160 0.956306
vt 0.582208 0.937097
vt 0.016095 0.651599
vt 0.578988 0.998193
vt 0.573529 0.932188
vt 0.657960 0.623201
vt 0.557632 0.931314
vt 0.661260 0.607499
vt 0.582588 0.930656
vt 0.657439 0.632460
vt 0.533841 0.925606
vt 0.878818 0.645303
vt 0.604106 0.935783
vt 0.597522 0.943894
vt 0.610404 0.942305
vt 0.600015 0.951482
vt 0.639576 0.982533
vt 0.973290 0.980090
vt 0.626803 0.991660
vt 0.978962 0.965282
vt 0.595898 0.956267
vt 0.597926 0.971728
vt 0.139396 0.422395
vt 0.614454 0.998072
vt 0.977443 0.951252
vt 0.032667 0.630576
vt 0.142793 0.412471
vt 0.603989 0.999553
vt 0.593987 0.927146
vt 0.660507 0.644346
vt 0.516736 0.935815
vt 0.512837 0.942667
vt 0.515860 0.948130
vt 0.510713 0.962766
vt 0.467863 0.964588
vt 0.956365 0.679933
vt 0.478413 0.976180
vt 0.971186 0.685599
vt 0.489140 0.985041
vt 0.860127 0.622277
vt 0.985228 0.684082
vt 0.032667 0.730783
vt 0.499075 0.988686
vt 0.870061 0.625671
vt 0.252039 0.223507
vt 0.251430 0.206863
vt 0.096710 0.629249
vt 0.261226 0.222017
vt 0.986124 0.455725
vt 0.253011 0.237982
vt 0.053491 0.244430
vt 0.263812 0.239931
vt 0.986124 0.473614
vt 0.261027 0.205279
vt 0.099821 0.629745
vt 0.262701 0.219235
vt 0.987914 0.312970
vt 0.251006 0.190759
vt 0.243116 0.192174
vt 0.243670 0.224807
vt 0.244643 0.239283
vt 0.243061 0.208163
vt 0.243055 0.173902
vt 0.236431 0.173859
vt 0.235341 0.209427
vt 0.259970 0.189904
vt 0.236029 0.192708
vt 0.235726 0.226704
vt 0.236683 0.240489
vt 0.230834 0.172302
vt 0.250737 0.173812
vt 0.229351 0.193148
vt 0.228532 0.214647
vt 0.223275 0.191477
vt 0.843340 0.632438
vt 0.222471 0.213667
vt 0.843652 0.610659
vt 0.229735 0.239489
vt 0.223705 0.239892
vt 0.843981 0.584612
vt 0.225407 0.170594
vt 0.843021 0.652741
vt 0.270399 0.204329
vt 0.269342 0.188953
vt 0.258828 0.173628
vt 0.286727 0.221181
vt 0.985744 0.289662
vt 0.267328 0.173349
vt 0.019248 0.920924
vt 0.282126 0.203172
vt 0.670098 0.199016
vt 0.279688 0.179217
vt 0.315933 0.217630
vt 0.476057 0.059447
vt 0.987914 0.260208
vt 0.314575 0.214940
vt 0.478908 0.058673
vt 0.670098 0.165027
vt 0.011980 0.748820
vt 0.020143 0.936046
vt 0.286049 0.188821
vt 0.023724 0.794572
vt 0.330797 0.178481
vt 0.666517 0.137683
vt 0.649195 0.165661
vt 0.326003 0.961482
vt 0.662938 0.237662
vt 0.645187 0.223857
vt 0.017730 0.797406
vt 0.659733 0.136758
vt 0.903319 0.839445
vt 0.055499 0.008308
vt 0.510415 0.381613
vt 0.007610 0.243739
vt 0.388355 0.036649
vt 0.554611 0.365894
vt 0.033585 0.245229
vt 0.552923 0.392015
vt 0.051474 0.246501
vt 0.554611 0.409920
vt 0.006714 0.574139
vt 0.517498 0.359100
vt 0.009172 0.592716
vt 0.378388 0.006603
vt 0.530637 0.345707
vt 0.043804 0.010144
vt 0.513018 0.393055
vt 0.066109 0.009037
vt 0.508953 0.371162
vt 0.009140 0.568055
vt 0.075337 0.006708
vt 0.511786 0.362156
vt 0.054163 0.243739
vt 0.079351 0.629740
vt 0.554327 0.413685
vt 0.985228 0.472857
vt 0.325600 0.047871
vt 0.664343 0.969593
vt 0.991495 0.192246
vt 0.910027 0.482044
vt 0.947300 0.176526
vt 0.662776 0.943220
vt 0.989808 0.166124
vt 0.661839 0.924873
vt 0.991495 0.148220
vt 0.137422 0.067572
vt 0.954383 0.199039
vt 0.137422 0.086340
vt 0.308988 0.021177
vt 0.967522 0.212433
vt 0.911313 0.493886
vt 0.949902 0.165085
vt 0.911631 0.471432
vt 0.945837 0.186978
vt 0.134227 0.061843
vt 0.910175 0.462816
vt 0.948670 0.195983
vt 0.247770 0.264252
vt 0.664441 0.922202
vt 0.864369 0.010148
vt 0.991212 0.144454
vt 0.432282 0.109632
vt 0.423530 0.109495
vt 0.424242 0.113074
vt 0.777873 0.249664
vt 0.437780 0.113845
vt 0.785572 0.239340
vt 0.442484 0.107152
vt 0.485503 0.078729
vt 0.448299 0.116726
vt 0.792977 0.232033
vt 0.461035 0.113840
vt 0.798122 0.220833
vt 0.410826 0.109744
vt 0.410236 0.078569
vt 0.399340 0.110103
vt 0.399811 0.113742
vt 0.932705 0.966764
vt 0.279130 0.092819
vt 0.388142 0.110501
vt 0.389157 0.114222
vt 0.942642 0.970773
vt 0.279767 0.086223
vt 0.381826 0.112811
vt 0.949523 0.973614
vt 0.740302 0.124701
vt 0.731549 0.124838
vt 0.617829 0.288126
vt 0.739590 0.128279
vt 0.610131 0.277802
vt 0.726052 0.129051
vt 0.721348 0.122358
vt 0.678329 0.093935
vt 0.602726 0.270494
vt 0.715532 0.131932
vt 0.597580 0.259295
vt 0.702797 0.129046
vt 0.753006 0.124950
vt 0.753595 0.093775
vt 0.764491 0.125309
vt 0.764021 0.128948
vt 0.979550 0.642068
vt 0.624323 0.469576
vt 0.775689 0.125707
vt 0.774674 0.129428
vt 0.975537 0.651996
vt 0.625000 0.476167
vt 0.782005 0.128017
vt 0.972695 0.658871
vt 0.188248 0.192370
vt 0.671889 0.073670
vt 0.190617 0.175008
vt 0.177708 0.185208
vt 0.668257 0.061467
vt 0.844673 0.528530
vt 0.199195 0.105676
vt 0.600868 0.031999
vt 0.194820 0.200182
vt 0.671889 0.083682
vt 0.199348 0.210268
vt 0.184913 0.104204
vt 0.596151 0.045619
vt 0.865847 0.606573
vt 0.177892 0.173767
vt 0.850992 0.538097
vt 0.202280 0.217813
vt 0.664415 0.103024
vt 0.198089 0.216613
vt 0.664177 0.098386
vt 0.192360 0.206502
vt 0.666118 0.086882
vt 0.210426 0.221377
vt 0.659459 0.110949
vt 0.304450 0.139291
vt 0.993286 0.431697
vt 0.287071 0.136924
vt 0.045566 0.437835
vt 0.297281 0.149821
vt 0.989654 0.443900
vt 0.071088 0.678013
vt 0.217677 0.128353
vt 0.312268 0.132724
vt 0.993286 0.421685
vt 0.322364 0.128200
vt 0.079200 0.689773
vt 0.123678 0.416681
vt 0.216204 0.142622
vt 0.055141 0.431522
vt 0.285829 0.149638
vt 0.329915 0.125271
vt 0.985812 0.402342
vt 0.328713 0.129459
vt 0.985573 0.406980
vt 0.318594 0.135182
vt 0.987514 0.418485
vt 0.333483 0.117133
vt 0.980855 0.394418
vt 0.050715 0.412819
vt 0.053522 0.424010
vt 0.080854 0.406072
vt 0.120084 0.409506
vt 0.087339 0.404612
vt 0.040231 0.415184
vt 0.965688 0.445886
vt 0.043592 0.433686
vt 0.984897 0.444662
vt 0.036792 0.405860
vt 0.955607 0.444845
vt 0.079235 0.398968
vt 0.833930 0.315295
vt 0.920861 0.336903
vt 0.086003 0.397452
vt 0.841092 0.315295
vt 0.927513 0.337436
vt 0.047045 0.395100
vt 0.891179 0.323720
vt 0.027032 0.398779
vt 0.870764 0.325740
vt 0.025442 0.402153
vt 0.122560 0.409235
vt 0.832669 0.267002
vt 0.016737 0.400783
vt 0.963266 0.779445
vt 0.021525 0.405926
vt 0.969517 0.783926
vt 0.124604 0.410572
vt 0.833945 0.269205
vt 0.081021 0.683946
vt 0.126441 0.422048
vt 0.340852 0.427333
vt 0.036258 0.625671
vt 0.136722 0.412171
vt 0.844673 0.275301
vt 0.136900 0.421330
vt 0.340645 0.438415
vt 0.974704 0.951311
vt 0.031314 0.410680
vt 0.956175 0.437366
vt 0.980752 0.786673
vt 0.032663 0.628474
vt 0.140953 0.413459
vt 0.013653 0.402011
vt 0.964987 0.776161
vt 0.869712 0.533675
vt 0.876465 0.563787
vt 0.858511 0.536480
vt 0.873028 0.602982
vt 0.970904 0.120304
vt 0.877926 0.570266
vt 0.644292 0.059481
vt 0.867345 0.523200
vt 0.663501 0.060705
vt 0.848827 0.526558
vt 0.634210 0.060522
vt 0.876677 0.519765
vt 0.094449 0.579159
vt 0.753073 0.763508
vt 0.883576 0.562169
vt 0.087287 0.579159
vt 0.752536 0.770154
vt 0.885093 0.568931
vt 0.766352 0.733853
vt 0.887447 0.530008
vt 0.764317 0.713455
vt 0.883764 0.510013
vt 0.880387 0.508425
vt 0.502210 0.188355
vt 0.881759 0.499727
vt 0.508461 0.183874
vt 0.876611 0.504511
vt 0.871961 0.607498
vt 0.912346 0.620686
vt 0.125991 0.389766
vt 0.601904 0.043598
vt 0.860474 0.609333
vt 0.036258 0.735689
vt 0.870360 0.619605
vt 0.922560 0.613644
vt 0.125783 0.400848
vt 0.861193 0.619783
vt 0.985169 0.681345
vt 0.519696 0.181127
vt 0.634779 0.068001
vt 0.871853 0.514291
vt 0.032663 0.732886
vt 0.869071 0.623832
vt 0.503931 0.191639
vt 0.880529 0.496646
vt 0.937981 0.285006
vt 0.938524 0.266818
vt 0.060854 0.031855
vt 0.935110 0.281222
vt 0.070364 0.030452
vt 0.935094 0.271750
vt 0.031780 0.563059
vt 0.079698 0.028287
vt 0.937753 0.262652
vt 0.944904 0.255536
vt 0.031782 0.571782
vt 0.942230 0.255161
vt 0.031780 0.580779
vt 0.949192 0.249372
vt 0.946022 0.295601
vt 0.052082 0.032648
vt 0.099821 0.689713
vt 0.937320 0.289648
vt 0.098819 0.678752
vt 0.942780 0.299206
vt 0.097383 0.662051
vt 0.956359 0.309224
vt 0.964368 0.300875
vt 0.965863 0.290258
vt 0.952937 0.270862
vt 0.969561 0.273865
vt 0.972605 0.252650
vt 0.031250 0.589160
vt 0.957114 0.246422
vt 0.027338 0.602941
vt 0.462327 0.042616
vt 0.971316 0.247050
vt 0.096048 0.643630
vt 0.974029 0.314401
vt 0.926343 0.071881
vt 0.923471 0.075665
vt 0.935094 0.478300
vt 0.926886 0.090069
vt 0.923456 0.085138
vt 0.934382 0.468813
vt 0.112355 0.059481
vt 0.926115 0.094235
vt 0.932926 0.460197
vt 0.933266 0.101351
vt 0.112548 0.068259
vt 0.930591 0.101726
vt 0.113627 0.077303
vt 0.937554 0.107516
vt 0.267188 0.295365
vt 0.944721 0.047664
vt 0.268129 0.310823
vt 0.931142 0.057681
vt 0.934242 0.497731
vt 0.934383 0.061286
vt 0.952730 0.056013
vt 0.925682 0.067239
vt 0.935094 0.487148
vt 0.954225 0.066630
vt 0.941299 0.086025
vt 0.957923 0.083023
vt 0.960967 0.104237
vt 0.115219 0.085581
vt 0.945476 0.110465
vt 0.681892 0.945765
vt 0.974105 0.067226
vt 0.268129 0.263120
vt 0.684193 0.921927
vt 0.976276 0.043917
vt 0.472889 0.020295
vt 0.685051 0.975233
vt 0.976276 0.096679
vt 0.120846 0.098793
vt 0.488088 0.005127
vt 0.959677 0.109837
vt 0.265388 0.276810
vt 0.962391 0.042487
vt 0.528577 0.039858
vt 0.852609 0.827622
vt 0.003133 0.745094
vt 0.530439 0.044289
vt 0.849150 0.830802
vt 0.881906 0.997669
vt 0.997062 0.070336
vt 0.062220 0.572438
vt 0.877436 0.996238
vt 0.993879 0.073792
vt 0.279761 0.057736
vt 0.960104 0.715974
vt 0.279760 0.067724
vt 0.961692 0.725769
vt 0.965854 0.964826
vt 0.279761 0.047660
vt 0.959266 0.706000
vt 0.279760 0.077800
vt 0.957290 0.970168
vt 0.279767 0.037964
vt 0.959428 0.696440
vt 0.279124 0.030369
vt 0.860174 0.304562
vt 0.960710 0.689177
vt 0.279296 0.019209
vt 0.861095 0.292860
vt 0.625122 0.494667
vt 0.963483 0.532728
vt 0.981490 0.675187
vt 0.625191 0.504655
vt 0.961895 0.542523
vt 0.625262 0.514732
vt 0.961056 0.552497
vt 0.625051 0.484590
vt 0.976144 0.666630
vt 0.625336 0.524427
vt 0.961219 0.562057
vt 0.535528 0.343023
vt 0.624752 0.532026
vt 0.962500 0.569320
vt 0.534608 0.331321
vt 0.625000 0.543186
vt 0.714089 0.023753
vt 0.819121 0.237686
vt 0.737427 0.007376
vt 0.958371 0.780144
vt 0.714964 0.005542
vt 0.690484 0.005478
vt 0.952575 0.732073
vt 0.690992 0.027061
vt 0.840219 0.243890
vt 0.715014 0.003131
vt 0.958371 0.756730
vt 0.576582 0.276147
vt 0.793594 0.052448
vt 0.811821 0.053323
vt 0.809986 0.075765
vt 0.948256 0.449463
vt 0.811885 0.028865
vt 0.900142 0.455254
vt 0.555484 0.282351
vt 0.790283 0.029372
vt 0.814235 0.053373
vt 0.924820 0.449463
vt 0.639601 0.628286
vt 0.634261 0.599849
vt 0.026391 0.539692
vt 0.632299 0.571169
vt 0.630918 0.571704
vt 0.014642 0.519584
vt 0.640186 0.542358
vt 0.631365 0.600288
vt 0.627932 0.571134
vt 0.958371 0.586253
vt 0.636997 0.536446
vt 0.957500 0.556566
vt 0.006194 0.505263
vt 0.653534 0.525153
vt 0.983438 0.248490
vt 0.637123 0.629290
vt 0.645725 0.656260
vt 0.054398 0.640305
vt 0.654054 0.673377
vt 0.654879 0.519231
vt 0.958371 0.536567
vt 0.988574 0.248534
vt 0.048151 0.777309
vt 0.621915 0.633882
vt 0.059910 0.807554
vt 0.615488 0.602808
vt 0.946011 0.618515
vt 0.049482 0.745412
vt 0.631828 0.663142
vt 0.043420 0.643560
vt 0.053336 0.720193
vt 0.647905 0.682021
vt 0.009605 0.681030
vt 0.013928 0.650898
vt 0.013928 0.710462
vt 0.006714 0.681030
vt 0.919921 0.551494
vt 0.011758 0.711863
vt 0.919226 0.581135
vt 0.011758 0.649496
vt 0.844101 0.307851
vt 0.922560 0.521302
vt 0.031214 0.734287
vt 0.921573 0.608900
vt 0.031214 0.627073
vt 0.844127 0.280137
vt 0.941177 0.555069
vt 0.556294 0.042856
vt 0.948911 0.530797
vt 0.999552 0.251789
vt 0.078840 0.833184
vt 0.941791 0.586922
vt 0.155601 0.030859
vt 0.902865 0.582312
vt 0.123834 0.029345
vt 0.903542 0.550592
vt 0.092659 0.020166
vt 0.827909 0.308026
vt 0.906429 0.518336
vt 0.008542 0.504894
vt 0.033592 0.494502
vt 0.041842 0.505375
vt 0.016002 0.519253
vt 0.053047 0.492919
vt 0.062032 0.497652
vt 0.059679 0.477708
vt 0.069465 0.493419
vt 0.839310 0.988492
vt 0.069465 0.479810
vt 0.853919 0.987197
vt 0.055344 0.475950
vt 0.008156 0.473522
vt 0.005163 0.473396
vt 0.958425 0.617817
vt 0.047382 0.488815
vt 0.007784 0.488762
vt 0.004829 0.489148
vt 0.973724 0.614043
vt 0.002238 0.501054
vt 0.985228 0.619774
vt 0.988231 0.244506
vt 0.011676 0.603048
vt 0.374589 0.016652
vt 0.368634 0.032762
vt 0.455845 0.061983
vt 0.360541 0.006056
vt 0.441417 0.038202
vt 0.013731 0.619266
vt 0.371180 0.032740
vt 0.455741 0.064848
vt 0.420455 0.003358
vt 0.029360 0.251491
vt 0.410826 0.042107
vt 0.136290 0.096927
vt 0.307609 0.031777
vt 0.291511 0.024832
vt 0.509129 0.002847
vt 0.093449 0.389535
vt 0.305531 0.048738
vt 0.492660 0.024597
vt 0.095345 0.386852
vt 0.136361 0.113310
vt 0.308002 0.048120
vt 0.348704 0.047877
vt 0.656753 0.947433
vt 0.349139 0.008181
vt 0.089973 0.386852
vt 0.131840 0.114937
vt 0.488891 0.024371
vt 0.469897 0.003354
vt 0.470122 0.019307
vt 0.508953 0.177549
vt 0.687714 0.973878
vt 0.439223 0.014061
vt 0.881702 0.971825
vt 0.436437 0.018731
vt 0.502686 0.144487
vt 0.876318 0.971931
vt 0.763794 0.517513
vt 0.778863 0.518319
vt 0.763792 0.508815
vt 0.793229 0.520484
vt 0.604745 0.635372
vt 0.807607 0.514744
vt 0.763755 0.530370
vt 0.778824 0.531175
vt 0.793198 0.532657
vt 0.807582 0.522595
vt 0.807539 0.534714
vt 0.821227 0.525328
vt 0.821185 0.537446
vt 0.833492 0.528728
vt 0.807466 0.548145
vt 0.793104 0.546718
vt 0.763682 0.543802
vt 0.778742 0.545291
vt 0.821109 0.550139
vt 0.833447 0.540108
vt 0.833380 0.552117
vt 0.793001 0.561464
vt 0.807360 0.562152
vt 0.820999 0.563408
vt 0.628684 0.913735
vt 0.773122 0.564186
vt 0.833273 0.566124
vt 0.636771 0.914580
vt 0.763525 0.562651
vt 0.822528 0.034436
vt 0.749329 0.530832
vt 0.749368 0.517975
vt 0.749247 0.544948
vt 0.734894 0.531977
vt 0.754602 0.563970
vt 0.830151 0.033599
vt 0.820886 0.575938
vt 0.805139 0.579501
vt 0.619765 0.913877
vt 0.779910 0.569738
vt 0.611875 0.913404
vt 0.784643 0.576004
vt 0.734697 0.560784
vt 0.734800 0.546039
vt 0.734924 0.519805
vt 0.720247 0.561137
vt 0.720353 0.547130
vt 0.720426 0.533699
vt 0.477619 0.213327
vt 0.605566 0.913085
vt 0.785928 0.583599
vt 0.820716 0.591834
vt 0.833121 0.580652
vt 0.804894 0.600130
vt 0.485228 0.214426
vt 0.784464 0.592584
vt 0.832984 0.593073
vt 0.706635 0.536111
vt 0.720469 0.521580
vt 0.337064 0.488958
vt 0.720494 0.513729
vt 0.706677 0.523993
vt 0.706559 0.548805
vt 0.694203 0.538486
vt 0.694136 0.550495
vt 0.694249 0.527106
vt 0.694030 0.564502
vt 0.682788 0.582734
vt 0.721896 0.599163
vt 0.705897 0.611020
vt 0.719667 0.612135
vt 0.706166 0.590499
vt 0.693498 0.609919
vt 0.693740 0.591451
vt 0.705579 0.634221
vt 0.719328 0.635967
vt 0.693177 0.632383
vt 0.682458 0.608781
vt 0.682146 0.630560
vt 0.692849 0.653369
vt 0.705251 0.655208
vt 0.681827 0.650863
vt 0.719001 0.656954
vt 0.733773 0.637037
vt 0.734100 0.613151
vt 0.733433 0.657969
vt 0.640388 0.271939
vt 0.742622 0.592097
vt 0.722141 0.578534
vt 0.034467 0.453936
vt 0.640346 0.263512
vt 0.747346 0.599047
vt 0.748520 0.614112
vt 0.748193 0.637998
vt 0.641450 0.279517
vt 0.741342 0.583079
vt 0.853690 0.032942
vt 0.693878 0.579030
vt 0.706336 0.574603
vt 0.742801 0.575517
vt 0.847222 0.033260
vt 0.762610 0.638220
vt 0.747853 0.658929
vt 0.762273 0.659890
vt 0.747671 0.569362
vt 0.839197 0.033736
vt 0.778015 0.614455
vt 0.777688 0.638341
vt 0.008505 0.073792
vt 0.493752 0.214492
vt 0.779584 0.599423
vt 0.706449 0.562073
vt 0.792404 0.613830
vt 0.792077 0.637716
vt 0.777348 0.659273
vt 0.791737 0.658648
vt 0.806781 0.613150
vt 0.806441 0.636982
vt 0.806114 0.657969
vt 0.820129 0.635556
vt 0.819801 0.656543
vt 0.820447 0.612354
vt 0.832741 0.611542
vt 0.832420 0.634005
vt 0.832092 0.654992
vt 0.675610 0.649151
vt 0.731377 0.892218
vt 0.676220 0.607698
vt 0.676531 0.583019
vt 0.669428 0.595609
vt 0.677542 0.896050
vt 0.675917 0.628794
vt 0.669203 0.612709
vt 0.694569 0.895813
vt 0.669649 0.629025
vt 0.711054 0.896724
vt 0.663951 0.896898
vt 0.669595 0.581874
vt 0.204566 0.887435
vt 0.243995 0.887742
vt 0.192438 0.896271
vt 0.204566 0.903038
vt 0.259548 0.887746
vt 0.202449 0.909820
vt 0.266338 0.887535
vt 0.995476 0.288459
vt 0.199016 0.912534
vt 0.995295 0.284123
vt 0.192294 0.914580
vt 0.994181 0.277169
vt 0.203107 0.879290
vt 0.235900 0.887371
vt 0.644441 0.926355
vt 0.199016 0.875900
vt 0.642354 0.931219
vt 0.192151 0.875224
vt 0.642346 0.938604
vt 0.185943 0.876580
vt 0.643756 0.944975
vt 0.852518 0.615832
vt 0.186745 0.913220
vt 0.994192 0.271489
vt 0.182511 0.909822
vt 0.852250 0.650716
vt 0.994521 0.266100
vt 0.180394 0.888110
vt 0.851835 0.628992
vt 0.180394 0.903035
vt 0.852021 0.643704
vt 0.182367 0.879964
vt 0.852571 0.620746
vt 0.489295 0.031749
vt 0.720233 0.769368
vt 0.504848 0.031753
vt 0.720233 0.784970
vt 0.732361 0.778203
vt 0.026407 0.215611
vt 0.511638 0.031543
vt 0.722350 0.791752
vt 0.022068 0.215792
vt 0.725782 0.794466
vt 0.015108 0.216905
vt 0.732504 0.796512
vt 0.031634 0.161144
vt 0.481200 0.031378
vt 0.721692 0.761222
vt 0.026765 0.163229
vt 0.725782 0.757832
vt 0.019374 0.163238
vt 0.732648 0.757156
vt 0.012998 0.161829
vt 0.738855 0.758512
vt 0.994863 0.122987
vt 0.009423 0.216894
vt 0.738054 0.795152
vt 0.004029 0.216565
vt 0.742288 0.791754
vt 0.994596 0.088104
vt 0.744405 0.784967
vt 0.994367 0.095115
vt 0.744405 0.770042
vt 0.994181 0.109827
vt 0.742431 0.761896
vt 0.994917 0.118073
vt 0.495753 0.232237
vt 0.581012 0.103348
vt 0.504881 0.233534
vt 0.587721 0.098176
vt 0.487110 0.230750
vt 0.573400 0.106352
vt 0.478446 0.229027
vt 0.563850 0.107188
vt 0.604745 0.897693
vt 0.513429 0.233900
vt 0.591462 0.089711
vt 0.620859 0.244633
vt 0.007503 0.743331
vt 0.527899 0.048315
vt 0.020143 0.916368
vt 0.023724 0.733900
vt 0.514124 0.061280
vt 0.665352 0.198575
vt 0.066590 0.574201
vt 0.876054 0.991699
vt 0.071067 0.568712
vt 0.500895 0.925313
vt 0.713931 0.945884
vt 0.082811 0.583632
vt 0.481200 0.925313
vt 0.504206 0.144001
vt 0.875112 0.972805
vt 0.457024 0.131654
vt 0.473009 0.120788
vt 0.948518 0.664926
vt 0.456658 0.120304
vt 0.945630 0.648898
vt 0.473316 0.131166
vt 0.439632 0.120841
vt 0.949442 0.632391
vt 0.439941 0.130873
vt 0.563581 0.000447
vt 0.440397 0.133150
vt 0.565057 0.002108
vt 0.472999 0.133431
vt 0.596139 0.005027
vt 0.456975 0.133721
vt 0.581251 0.000447
vt 0.152641 0.401163
vt 0.489374 0.120358
vt 0.958481 0.677922
vt 0.152641 0.389535
vt 0.490152 0.131883
vt 0.607669 0.017629
vt 0.423712 0.120358
vt 0.959962 0.620457
vt 0.984526 0.218694
vt 0.423008 0.131538
vt 0.551231 0.012037
vt 0.995798 0.218694
vt 0.020123 0.573706
vt 0.026373 0.581134
vt 0.019258 0.582556
vt 0.010792 0.576811
vt 0.028376 0.571784
vt 0.087287 0.022774
vt 0.023027 0.589796
vt 0.021897 0.564329
vt 0.077855 0.019656
vt 0.018455 0.620304
vt 0.459652 0.062127
vt 0.124187 0.068862
vt 0.126180 0.077523
vt 0.119002 0.076999
vt 0.133760 0.070747
vt 0.115881 0.068025
vt 0.123401 0.085186
vt 0.121186 0.059804
vt 0.923793 0.460817
vt 0.163702 0.631410
vt 0.434646 0.051431
vt 0.602587 0.055336
vt 0.112704 0.599565
vt 0.542425 0.049642
vt 0.602276 0.057692
vt 0.696956 0.313625
vt 0.368970 0.051431
vt 0.494628 0.661449
vt 0.668308 0.049642
vt 0.708672 0.378820
vt 0.287928 0.606589
vt 0.303939 0.051431
vt 0.559576 0.667125
vt 0.322815 0.557586
vt 0.619621 0.661449
vt 0.585096 0.074511
vt 0.622583 0.261506
vt 0.590130 0.081249
vt 0.621300 0.252513
vt 0.578588 0.069597
vt 0.624048 0.270053
vt 0.569648 0.066195
vt 0.625733 0.278673
vt 0.854521 0.017542
vt 0.093824 0.670391
vt 0.041190 0.023117
vt 0.089291 0.680112
vt 0.051715 0.028622
vt 0.095719 0.690072
vt 0.096727 0.629928
vt 0.265310 0.263206
vt 0.017457 0.413685
vt 0.265270 0.262522
vt 0.681484 0.920471
vt 0.865264 0.027281
vt 0.263470 0.303907
vt 0.929037 0.505814
vt 0.004029 0.311418
vt 0.696509 0.240836
vt 0.004134 0.294723
vt 0.593599 0.601521
vt 0.679911 0.242844
vt 0.004668 0.326541
vt 0.607236 0.094281
vt 0.711280 0.237321
vt 0.816920 0.992800
vt 0.868845 0.511882
vt 0.928827 0.545135
vt 0.851914 0.512075
vt 0.930838 0.561718
vt 0.607827 0.090031
vt 0.836553 0.511453
vt 0.934355 0.576476
vt 0.089005 0.487170
vt 0.301618 0.444686
vt 0.198210 0.478780
vt 0.215631 0.566184
vt 0.229265 0.634615
vt 0.368970 0.054114
vt 0.191381 0.444508
vt 0.075021 0.590787
vt 0.662249 0.560029
vt 0.077540 0.608676
vt 0.269382 0.847449
vt 0.085497 0.591375
vt 0.418532 0.033542
vt 0.662041 0.570212
vt 0.085497 0.606138
vt 0.260971 0.847496
vt 0.432824 0.033542
vt 0.065801 0.594204
vt 0.396150 0.215116
vt 0.662041 0.550537
vt 0.069876 0.608382
vt 0.277081 0.847496
vt 0.396150 0.200836
vt 0.326584 0.422873
vt 0.063649 0.664132
vt 0.367502 0.427102
vt 0.706804 0.148961
vt 0.367502 0.438730
vt 0.707557 0.137432
vt 0.971278 0.977976
vt 0.353124 0.438627
vt 0.976259 0.964027
vt 0.075553 0.672001
vt 0.353438 0.427572
vt 0.138263 0.401060
vt 0.972442 0.682899
vt 0.138577 0.390005
vt 0.608326 0.031998
vt 0.548344 0.026402
vt 0.996921 0.233287
vt 0.974739 0.616839
vt 0.986173 0.233807
vt 0.551739 0.037546
vt 0.998758 0.244798
vt 0.017457 0.431574
vt 0.663790 0.922870
vt 0.865264 0.009392
vt 0.006714 0.428262
vt 0.665945 0.912384
vt 0.664894 0.904400
vt 0.679166 0.903543
vt 0.007863 0.413946
vt 0.680218 0.911526
vt 0.695590 0.903137
vt 0.696641 0.911121
vt 0.698015 0.920546
vt 0.712568 0.911028
vt 0.713231 0.919805
vt 0.698786 0.929804
vt 0.714001 0.929063
vt 0.485760 0.926208
vt 0.508953 0.143560
vt 0.699756 0.941518
vt 0.729361 0.911230
vt 0.729389 0.919181
vt 0.729441 0.903760
vt 0.711362 0.903400
vt 0.729525 0.927612
vt 0.723530 0.939775
vt 0.729658 0.897429
vt 0.931050 0.487233
vt 0.922328 0.487411
vt 0.925883 0.478274
vt 0.924730 0.497284
vt 0.930152 0.469116
vt 0.546979 0.092561
vt 0.629317 0.897585
vt 0.550211 0.099434
vt 0.620877 0.897689
vt 0.555704 0.104560
vt 0.612522 0.897953
vt 0.546493 0.083477
vt 0.637869 0.897693
vt 0.821397 0.017542
vt 0.512683 0.060898
vt 0.663832 0.198089
vt 0.112910 0.881783
vt 0.670098 0.560031
vt 0.960187 0.398207
vt 0.971531 0.392571
vt 0.980319 0.400614
vt 0.969840 0.404922
vt 0.979972 0.406159
vt 0.959049 0.403627
vt 0.957547 0.406532
vt 0.969466 0.408072
vt 0.980126 0.409228
vt 0.951398 0.416373
vt 0.967722 0.425688
vt 0.947791 0.423448
vt 0.978662 0.769908
vt 0.968449 0.418274
vt 0.984197 0.419671
vt 0.986697 0.427704
vt 0.966385 0.438453
vt 0.953960 0.428297
vt 0.979750 0.777024
vt 0.984936 0.441103
vt 0.946260 0.425403
vt 0.976206 0.769222
vt 0.638790 0.107160
vt 0.658922 0.104753
vt 0.650135 0.112796
vt 0.648444 0.100445
vt 0.658575 0.099208
vt 0.637652 0.101740
vt 0.636150 0.098834
vt 0.648069 0.097295
vt 0.658729 0.096138
vt 0.630001 0.088993
vt 0.517606 0.197891
vt 0.626394 0.081919
vt 0.646326 0.079679
vt 0.647052 0.087093
vt 0.662800 0.085695
vt 0.665301 0.077663
vt 0.644988 0.066914
vt 0.518694 0.190776
vt 0.632563 0.077070
vt 0.663539 0.064264
vt 0.515150 0.198577
vt 0.624863 0.079964
vt 0.594573 0.007309
vt 0.581610 0.003515
vt 0.602713 0.019409
vt 0.605445 0.018747
vt 0.604922 0.031444
vt 0.566127 0.004668
vt 0.553176 0.013602
vt 0.557036 0.014964
vt 0.551787 0.026596
vt 0.559894 0.042327
vt 0.762564 0.803472
vt 0.970904 0.150716
vt 0.549396 0.075551
vt 0.829499 0.017442
vt 0.554413 0.069878
vt 0.838051 0.017541
vt 0.561113 0.066489
vt 0.846556 0.017802
vt 0.112910 0.885957
vt 0.663193 0.987030
vt 0.999254 0.908528
vt 0.119023 0.884566
vt 0.657022 0.987659
vt 0.107477 0.884566
vt 0.998833 0.903042
vt 0.104081 0.881783
vt 0.999087 0.898474
vt 0.122419 0.881783
vt 0.652719 0.987543
vt 0.828106 0.277135
vt 0.093779 0.017442
vt 0.825125 0.307192
vt 0.823132 0.341511
vt 0.815234 0.308094
vt 0.124301 0.026512
vt 0.832611 0.338397
vt 0.069601 0.026450
vt 0.060134 0.023113
vt 0.051063 0.020369
vt 0.969685 0.778188
vt 0.964714 0.768691
vt 0.508628 0.189612
vt 0.503658 0.199108
vt 0.962918 0.697157
vt 0.966623 0.696785
vt 0.964798 0.720587
vt 0.967323 0.958921
vt 0.965414 0.956619
vt 0.967702 0.719951
vt 0.855982 0.303497
vt 0.964354 0.690846
vt 0.994211 0.695545
vt 0.994710 0.719772
vt 0.898577 0.787377
vt 0.995098 0.742147
vt 0.946364 0.967423
vt 0.968067 0.741818
vt 0.893017 0.764657
vt 0.997158 0.719697
vt 0.964709 0.561340
vt 0.966588 0.537910
vt 0.987401 0.676655
vt 0.968414 0.561712
vt 0.969492 0.538546
vt 0.989705 0.674747
vt 0.539720 0.341959
vt 0.966145 0.567651
vt 0.996500 0.538725
vt 0.996002 0.562952
vt 0.955495 0.509203
vt 0.996888 0.516350
vt 0.969858 0.516679
vt 0.978891 0.655714
vt 0.932754 0.514758
vt 0.998948 0.538800
vt 0.948742 0.970110
vt 0.976201 0.658090
vt 0.661628 0.534328
vt 0.663832 0.990957
vt 0.995408 0.909213
vt 0.656832 0.991503
vt 0.663694 0.527552
vt 0.662317 0.526874
vt 0.870549 0.484869
vt 0.534413 0.417263
vt 0.660251 0.534328
vt 0.878310 0.484347
vt 0.541414 0.417745
vt 0.662317 0.541104
vt 0.663694 0.540427
vt 0.995076 0.902730
vt 0.547113 0.417584
vt 0.666449 0.545170
vt 0.666449 0.543815
vt 0.995331 0.898162
vt 0.549786 0.417263
vt 0.669203 0.545170
vt 0.995884 0.895340
vt 0.669203 0.544492
vt 0.995983 0.895922
vt 0.652529 0.991387
vt 0.666449 0.524164
vt 0.649810 0.990795
vt 0.669203 0.523486
vt 0.649138 0.990763
vt 0.669203 0.522809
vt 0.862053 0.484347
vt 0.666449 0.522809
vt 0.864765 0.484679
vt 0.723958 0.137822
vt 0.958270 0.987929
vt 0.740336 0.137299
vt 0.942228 0.990815
vt 0.757380 0.137797
vt 0.925706 0.987007
vt 0.058446 0.610465
vt 0.773323 0.137432
vt 0.913761 0.976496
vt 0.907341 0.962747
vt 0.965190 0.021186
vt 0.056799 0.625578
vt 0.910140 0.961732
vt 0.054742 0.636277
vt 0.913077 0.951252
vt 0.967323 0.033792
vt 0.788228 0.241262
vt 0.816340 0.218432
vt 0.825818 0.224153
vt 0.826559 0.220507
vt 0.817856 0.210744
vt 0.805140 0.219131
vt 0.805953 0.209687
vt 0.825512 0.209035
vt 0.840098 0.212699
vt 0.828780 0.212884
vt 0.849591 0.217766
vt 0.841064 0.215483
vt 0.845574 0.227194
vt 0.852479 0.235883
vt 0.836227 0.222976
vt 0.815952 0.221981
vt 0.835170 0.226457
vt 0.805669 0.222743
vt 0.803218 0.232479
vt 0.844043 0.230652
vt 0.860278 0.249328
vt 0.859047 0.259866
vt 0.854273 0.254959
vt 0.856406 0.268037
vt 0.859921 0.268407
vt 0.860572 0.281206
vt 0.857297 0.292454
vt 0.850432 0.255662
vt 0.849769 0.244651
vt 0.846705 0.247288
vt 0.840887 0.240675
vt 0.831854 0.237766
vt 0.823314 0.235860
vt 0.813646 0.233946
vt 0.607475 0.279724
vt 0.579363 0.256894
vt 0.569144 0.258969
vt 0.569885 0.262615
vt 0.577847 0.249206
vt 0.590563 0.257592
vt 0.589749 0.248148
vt 0.570191 0.247497
vt 0.555604 0.251161
vt 0.566923 0.251345
vt 0.546112 0.256228
vt 0.554639 0.253944
vt 0.550129 0.265655
vt 0.543224 0.274345
vt 0.559476 0.261438
vt 0.579751 0.260443
vt 0.560533 0.264919
vt 0.590033 0.261205
vt 0.592485 0.270941
vt 0.551660 0.269113
vt 0.535425 0.287790
vt 0.536656 0.298328
vt 0.539297 0.306499
vt 0.541430 0.293421
vt 0.535782 0.306869
vt 0.535131 0.319668
vt 0.538406 0.330915
vt 0.545270 0.294123
vt 0.545933 0.283112
vt 0.548997 0.285749
vt 0.554816 0.279137
vt 0.563849 0.276228
vt 0.572389 0.274322
vt 0.582057 0.272407
vt 0.025515 0.706533
vt 0.047175 0.610465
vt 0.773948 0.148604
vt 0.757046 0.147794
vt 0.025657 0.689541
vt 0.756783 0.150076
vt 0.739997 0.148642
vt 0.723674 0.148201
vt 0.046649 0.666110
vt 0.723998 0.150465
vt 0.034134 0.675496
vt 0.740055 0.150716
vt 0.654280 0.632837
vt 0.515219 0.096747
vt 0.652193 0.622573
vt 0.653730 0.622681
vt 0.657178 0.606448
vt 0.662583 0.591268
vt 0.877450 0.655837
vt 0.515926 0.079185
vt 0.655676 0.606062
vt 0.876836 0.633803
vt 0.875723 0.645583
vt 0.033572 0.791145
vt 0.065092 0.710971
vt 0.354073 0.637299
vt 0.709912 0.431574
vt 0.029096 0.292039
vt 0.055038 0.716973
vt 0.697851 0.429785
vt 0.960861 0.327480
vt 0.509764 0.056452
vt 0.480694 0.042637
vt 0.572004 0.110037
vt 0.587663 0.103651
vt 0.552366 0.105472
vt 0.546054 0.097555
vt 0.591552 0.076001
vt 0.578244 0.065687
vt 0.558166 0.064693
vt 0.549907 0.070517
vt 0.544519 0.083195
vt 0.538979 0.082392
vt 0.529219 0.096261
vt 0.530161 0.081128
vt 0.044214 0.636569
vt 0.046371 0.720821
vt 0.037579 0.714465
vt 0.035396 0.717151
vt 0.046051 0.625058
vt 0.031348 0.703470
vt 0.028504 0.690147
vt 0.027923 0.705832
vt 0.036810 0.676986
vt 0.047549 0.668697
vt 0.063215 0.666578
vt 0.062111 0.669172
vt 0.073083 0.674430
vt 0.962223 0.020483

vn 0.848550 0.524069 -0.072896
vn 0.848550 0.524069 -0.072896
vn 0.848550 0.524069 -0.072896
vn 0.848550 0.524069 -0.072896
vn -0.479995 0.185698 0.857392
vn -0.479995 0.185698 0.857392
vn -0.479995 0.185698 0.857392
vn -0.479995 0.185698 0.857392
vn -0.479995 0.185698 0.857392
vn -0.479995 0.185698 0.857392
vn -0.479995 0.185698 0.857392
vn -0.523886 -0.842978 -0.122197
vn -0.523886 -0.842978 -0.122197
vn -0.523886 -0.842978 -0.122197
vn -0.885183 0.460791 -0.064199
vn -0.885183 0.460791 -0.064199
vn -0.885183 0.460791 -0.064199
vn 0.523886 -0.842978 -0.122197
vn 0.523886 -0.842978 -0.122197
vn 0.523886 -0.842978 -0.122197
vn 0.479995 0.185698 0.857392
vn 0.479995 0.185698 0.857392
vn 0.479995 0.185698 0.857392
vn 0.479995 0.185698 0.857392
vn 0.005400 0.735597 0.677398
vn 0.005400 0.735597 0.677398
vn 0.005400 0.735597 0.677398
vn 0.321708 -0.587514 0.742517
vn 0.321708 -0.587514 0.742517
vn 0.321708 -0.587514 0.742517
vn 0.000900 0.999787 0.020600
vn 0.000900 0.999787 0.020600
vn 0.000900 0.999787 0.020600
vn 0.000900 0.999787 0.020600
vn -0.314098 -0.591896 0.742295
vn -0.314098 -0.591896 0.742295
vn -0.314098 -0.591896 0.742295
vn -0.721591 0.547993 -0.423095
vn -0.721591 0.547993 -0.423095
vn -0.721591 0.547993 -0.423095
vn -0.721591 0.547993 -0.423095
vn -0.721591 0.547993 -0.423095
vn -0.721591 0.547993 -0.423095
vn 0.176394 -0.010500 0.984264
vn 0.176394 -0.010500 0.984264
vn 0.176394 -0.010500 0.984264
vn 0.176394 -0.010500 0.984264
vn 0.176394 -0.010500 0.984264
vn 0.176394 -0.010500 0.984264
vn 0.000000 0.000000 1.000000
vn 0.000000 0.000000 1.000000
vn 0.000000 0.000000 1.000000
vn -0.426589 0.304692 -0.851578
vn -0.426589 0.304692 -0.851578
vn -0.426589 0.304692 -0.851578
vn -0.426589 0.304692 -0.851578
vn 0.108604 -0.017401 -0.993933
vn 0.108604 -0.017401 -0.993933
vn 0.108604 -0.017401 -0.993933
vn -0.747219 0.367209 0.553914
vn -0.747219 0.367209 0.553914
vn -0.747219 0.367209 0.553914
vn -0.747219 0.367209 0.553914
vn -0.752678 -0.101097 -0.650581
vn -0.752678 -0.101097 -0.650581
vn -0.752678 -0.101097 -0.650581
vn -0.752678 -0.101097 -0.650581
vn -0.752678 -0.101097 -0.650581
vn -0.752678 -0.101097 -0.650581
vn 0.000000 0.000000 1.000000
vn 0.000000 0.000000 1.000000
vn 0.000000 0.000000 1.000000
vn -0.121003 -0.007200 0.992626
vn -0.121003 -0.007200 0.992626
vn -0.121003 -0.007200 0.992626
vn -0.121003 -0.007200 0.992626
vn -0.121003 -0.007200 0.992626
vn -0.426589 -0.304692 0.851578
vn -0.426589 -0.304692 0.851578
vn -0.426589 -0.304692 0.851578
vn -0.426589 -0.304692 0.851578
vn -0.108604 -0.017401 -0.993933
vn -0.108604 -0.017401 -0.993933
vn -0.108604 -0.017401 -0.993933
vn 0.000700 -0.058200 -0.998305
vn -0.393489 -0.168395 -0.903775
vn 0.000800 -0.152500 -0.988303
vn -0.378693 -0.059899 -0.923582
vn 0.000700 -0.054800 -0.998497
vn -0.372110 0.129403 -0.919124
vn 0.000700 0.170396 -0.985375
vn -0.402100 -0.366600 -0.839000
vn 0.000800 -0.373596 -0.927591
vn 0.394194 -0.168297 -0.903486
vn 0.379397 -0.059900 -0.923293
vn 0.372695 0.129398 -0.918888
vn 0.402802 -0.366502 -0.838705
vn -0.329204 0.527007 -0.783510
vn -0.329204 0.527007 -0.783510
vn 0.329914 0.527123 -0.783134
vn 0.329914 0.527123 -0.783134
vn 0.000800 0.555692 -0.831388
vn 0.000800 0.555692 -0.831388
vn -0.174804 -0.481711 -0.858719
vn -0.447520 -0.613627 -0.650529
vn -0.447520 -0.613627 -0.650529
vn -0.447520 -0.613627 -0.650529
vn 0.000900 -0.523277 -0.852162
vn 0.175798 -0.481396 -0.858693
vn 0.448191 -0.613288 -0.650387
vn 0.448191 -0.613288 -0.650387
vn 0.448191 -0.613288 -0.650387
vn 0.001100 -0.732002 -0.681302
vn 0.001100 -0.732002 -0.681302
vn -0.758010 0.099501 -0.644609
vn -0.758010 0.099501 -0.644609
vn 0.758010 0.099501 -0.644609
vn 0.758010 0.099501 -0.644609
vn -0.761997 -0.087100 -0.641697
vn -0.761997 -0.087100 -0.641697
vn -0.767716 -0.058501 -0.638114
vn -0.767716 -0.058501 -0.638114
vn -0.763293 -0.242298 -0.598895
vn -0.763293 -0.242298 -0.598895
vn -0.643377 0.531081 -0.551380
vn -0.643377 0.531081 -0.551380
vn -0.643377 0.531081 -0.551380
vn 0.761997 -0.087100 -0.641697
vn 0.761997 -0.087100 -0.641697
vn 0.767716 -0.058501 -0.638114
vn 0.767716 -0.058501 -0.638114
vn 0.763293 -0.242298 -0.598895
vn 0.763293 -0.242298 -0.598895
vn 0.643377 0.531081 -0.551380
vn 0.643377 0.531081 -0.551380
vn 0.643377 0.531081 -0.551380
vn -0.507625 -0.550427 -0.662833
vn -0.507625 -0.550427 -0.662833
vn -0.691425 -0.613622 0.381314
vn -0.691425 -0.613622 0.381314
vn -0.691425 -0.613622 0.381314
vn -0.732800 -0.524400 0.433600
vn -0.732800 -0.524400 0.433600
vn -0.828029 -0.395814 0.397114
vn -0.828029 -0.395814 0.397114
vn -0.828029 -0.395814 0.397114
vn -0.865543 -0.073795 0.495368
vn -0.865543 -0.073795 0.495368
vn -0.865543 -0.073795 0.495368
vn -0.996936 -0.078003 0.005900
vn -0.548694 0.352896 -0.757892
vn -0.548694 0.352896 -0.757892
vn -0.644284 -0.041099 0.763681
vn -0.644284 -0.041099 0.763681
vn -0.644284 -0.041099 0.763681
vn -0.889703 -0.005900 0.456502
vn -0.889703 -0.005900 0.456502
vn -0.889703 -0.005900 0.456502
vn -0.889703 -0.005900 0.456502
vn -0.872613 0.010100 -0.488307
vn -0.872613 0.010100 -0.488307
vn -0.872613 0.010100 -0.488307
vn -0.872613 0.010100 -0.488307
vn -0.705418 -0.547114 -0.450612
vn -0.705418 -0.547114 -0.450612
vn -0.852098 -0.067600 -0.518999
vn -0.852098 -0.067600 -0.518999
vn -0.179508 0.571627 -0.800637
vn -0.179508 0.571627 -0.800637
vn -0.179508 0.571627 -0.800637
vn -0.455094 0.254197 -0.853389
vn -0.455094 0.254197 -0.853389
vn -0.455094 0.254197 -0.853389
vn -0.455094 0.254197 -0.853389
vn -0.455094 0.254197 -0.853389
vn -0.643308 0.765510 -0.012200
vn -0.643308 0.765510 -0.012200
vn 0.507625 -0.550427 -0.662833
vn 0.507625 -0.550427 -0.662833
vn 0.691425 -0.613622 0.381314
vn 0.691425 -0.613622 0.381314
vn 0.691425 -0.613622 0.381314
vn 0.732800 -0.524400 0.433600
vn 0.732800 -0.524400 0.433600
vn 0.828029 -0.395814 0.397114
vn 0.828029 -0.395814 0.397114
vn 0.828029 -0.395814 0.397114
vn 0.865543 -0.073795 0.495368
vn 0.865543 -0.073795 0.495368
vn 0.865543 -0.073795 0.495368
vn 0.996936 -0.078003 0.005900
vn 0.548694 0.352896 -0.757892
vn 0.548694 0.352896 -0.757892
vn 0.889703 -0.005900 0.456502
vn 0.889703 -0.005900 0.456502
vn 0.889703 -0.005900 0.456502
vn 0.872613 0.010100 -0.488307
vn 0.872613 0.010100 -0.488307
vn 0.872613 0.010100 -0.488307
vn 0.705418 -0.547114 -0.450612
vn 0.852098 -0.067600 -0.518999
vn 0.852098 -0.067600 -0.518999
vn 0.179508 0.571627 -0.800637
vn 0.179508 0.571627 -0.800637
vn -0.448313 -0.198206 -0.871625
vn -0.448313 -0.198206 -0.871625
vn -0.448313 -0.198206 -0.871625
vn 0.362982 -0.530174 -0.766263
vn 0.362982 -0.530174 -0.766263
vn 0.436098 0.090900 -0.895296
vn 0.436098 0.090900 -0.895296
vn 0.436098 0.090900 -0.895296
vn 0.482971 -0.032098 -0.875048
vn 0.482971 -0.032098 -0.875048
vn 0.482971 -0.032098 -0.875048
vn 0.643308 0.765510 -0.012200
vn 0.643308 0.765510 -0.012200
vn 0.807902 0.199000 -0.554701
vn 0.807902 0.199000 -0.554701
vn 0.807902 0.199000 -0.554701
vn 0.454485 0.714077 -0.532483
vn 0.454485 0.714077 -0.532483
vn 0.454485 0.714077 -0.532483
vn -0.993170 -0.104497 0.051898
vn -0.993170 -0.104497 0.051898
vn -0.993170 -0.104497 0.051898
vn -0.993170 -0.104497 0.051898
vn 0.222109 -0.915036 0.336713
vn 0.223303 -0.974413 -0.025600
vn 0.088504 -0.941040 0.326514
vn 0.097401 -0.994908 -0.025900
vn 0.288293 -0.956677 -0.040699
vn 0.496890 -0.822184 0.277695
vn 0.496890 -0.822184 0.277695
vn 0.598858 -0.799544 -0.045797
vn 0.598858 -0.799544 -0.045797
vn -0.098098 -0.994681 -0.031399
vn -0.135395 -0.943967 0.300989
vn 0.228603 -0.917312 -0.326004
vn 0.002400 -0.938741 -0.344615
vn 0.396081 -0.859460 -0.323185
vn 0.668508 -0.674908 -0.312404
vn 0.668508 -0.674908 -0.312404
vn -0.228501 -0.916804 -0.327502
vn -0.230812 -0.972651 -0.026001
vn -0.396081 -0.859460 -0.323185
vn -0.392193 -0.919284 -0.033199
vn -0.288789 -0.889865 0.353186
vn -0.668868 -0.674468 -0.312585
vn -0.668868 -0.674468 -0.312585
vn -0.685117 -0.726618 -0.051401
vn -0.685117 -0.726618 -0.051401
vn -0.597277 -0.752871 0.276489
vn -0.597277 -0.752871 0.276489
vn -0.013599 -0.751962 0.659066
vn -0.013599 -0.751962 0.659066
vn -0.480414 -0.550416 0.682820
vn -0.480414 -0.550416 0.682820
vn -0.480414 -0.550416 0.682820
vn -0.480414 -0.550416 0.682820
vn 0.489210 -0.506510 0.710015
vn 0.489210 -0.506510 0.710015
vn 0.489210 -0.506510 0.710015
vn 0.593994 -0.542095 0.594394
vn 0.593994 -0.542095 0.594394
vn 0.925105 -0.245701 0.289502
vn 0.925105 -0.245701 0.289502
vn 0.925105 -0.245701 0.289502
vn 0.948174 -0.085998 -0.305892
vn 0.990564 0.057298 0.124496
vn 0.990564 0.057298 0.124496
vn 0.990564 0.057298 0.124496
vn 0.928907 0.145801 -0.340403
vn 0.981518 -0.137502 0.133102
vn 0.962753 -0.049098 -0.265887
vn 0.938503 -0.344901 -0.016000
vn 0.903183 -0.298894 -0.308094
vn 0.887560 -0.301786 0.348084
vn 0.998990 -0.044900 -0.001700
vn 0.927380 0.365792 -0.078498
vn 0.927380 0.365792 -0.078498
vn 0.894520 0.074302 0.440810
vn 0.978594 0.088499 -0.185799
vn 0.597518 0.382912 0.704522
vn 0.597518 0.382912 0.704522
vn 0.597518 0.382912 0.704522
vn 0.881258 0.464278 -0.088496
vn 0.881258 0.464278 -0.088496
vn 0.881258 0.464278 -0.088496
vn 0.847607 -0.142601 0.511104
vn 0.956089 0.166198 0.241397
vn 0.956089 0.166198 0.241397
vn 0.956089 0.166198 0.241397
vn 0.956089 0.166198 0.241397
vn 0.956089 0.166198 0.241397
vn 0.679302 0.028600 0.733302
vn 0.679302 0.028600 0.733302
vn 0.679302 0.028600 0.733302
vn 0.918187 0.390795 0.064899
vn 0.918187 0.390795 0.064899
vn 0.760532 0.574524 -0.302513
vn 0.760532 0.574524 -0.302513
vn 0.711607 -0.399404 0.578006
vn 0.837086 -0.170297 0.519891
vn 0.717602 0.567301 0.404001
vn 0.717602 0.567301 0.404001
vn 0.554614 -0.532614 0.639316
vn 0.554614 -0.532614 0.639316
vn 0.631793 0.332096 0.700392
vn 0.631793 0.332096 0.700392
vn 0.631793 0.332096 0.700392
vn 0.342989 0.474685 0.810575
vn 0.342989 0.474685 0.810575
vn 0.342989 0.474685 0.810575
vn 0.749882 -0.581986 -0.314593
vn 0.749882 -0.581986 -0.314593
vn 0.749882 -0.581986 -0.314593
vn -0.008600 -0.307111 0.951635
vn -0.008600 -0.307111 0.951635
vn 0.192299 0.830295 0.523097
vn 0.192299 0.830295 0.523097
vn -0.999035 -0.043902 -0.001200
vn -0.729707 -0.231702 0.643306
vn -0.991089 0.050399 0.123299
vn -0.991089 0.050399 0.123299
vn -0.991089 0.050399 0.123299
vn -0.927380 0.365792 -0.078498
vn -0.927380 0.365792 -0.078498
vn -0.933988 -0.357295 -0.002500
vn -0.964536 -0.053802 -0.258410
vn -0.948174 -0.085998 -0.305892
vn -0.907011 -0.300604 -0.294904
vn -0.925105 -0.245701 0.289502
vn -0.925105 -0.245701 0.289502
vn -0.925105 -0.245701 0.289502
vn -0.928907 0.145801 -0.340403
vn -0.981518 -0.137502 0.133102
vn -0.943781 0.025399 0.329593
vn -0.985655 0.075997 -0.150693
vn -0.807130 -0.403015 0.431416
vn -0.597518 0.382912 0.704522
vn -0.597518 0.382912 0.704522
vn -0.597518 0.382912 0.704522
vn -0.881258 0.464278 -0.088496
vn -0.881258 0.464278 -0.088496
vn -0.760532 0.574524 -0.302513
vn -0.760532 0.574524 -0.302513
vn -0.918187 0.390795 0.064899
vn -0.918187 0.390795 0.064899
vn -0.679302 0.028600 0.733302
vn -0.679302 0.028600 0.733302
vn -0.679302 0.028600 0.733302
vn -0.956089 0.166198 0.241397
vn -0.956089 0.166198 0.241397
vn -0.956089 0.166198 0.241397
vn -0.956089 0.166198 0.241397
vn -0.827414 -0.561410 -0.014300
vn -0.817172 -0.518682 0.251392
vn -0.780190 -0.407395 0.474694
vn -0.780190 -0.407395 0.474694
vn -0.871719 -0.054101 0.487011
vn -0.871719 -0.054101 0.487011
vn -0.539705 -0.515705 0.665407
vn -0.539705 -0.515705 0.665407
vn -0.631598 -0.350199 0.691697
vn -0.631598 -0.350199 0.691697
vn -0.601794 -0.483595 0.635594
vn -0.601794 -0.483595 0.635594
vn -0.788392 -0.160398 0.593894
vn -0.788392 -0.160398 0.593894
vn -0.636011 0.457808 0.621211
vn -0.636011 0.457808 0.621211
vn -0.636011 0.457808 0.621211
vn -0.749882 -0.581986 -0.314593
vn -0.749882 -0.581986 -0.314593
vn -0.749882 -0.581986 -0.314593
vn -0.749882 -0.581986 -0.314593
vn -0.394202 0.443002 0.805204
vn -0.394202 0.443002 0.805204
vn -0.394202 0.443002 0.805204
vn -0.188702 0.855607 0.482004
vn -0.188702 0.855607 0.482004
vn 0.001100 0.111397 0.993775
vn 0.493008 0.004200 0.870015
vn 0.493008 0.004200 0.870015
vn 0.001700 -0.387489 0.921873
vn 0.410514 -0.408114 0.815427
vn 0.449606 0.219603 0.865811
vn 0.449606 0.219603 0.865811
vn 0.449606 0.219603 0.865811
vn 0.002100 0.203994 0.978970
vn 0.002100 0.203994 0.978970
vn -0.492112 0.004200 0.870522
vn -0.492112 0.004200 0.870522
vn -0.447699 0.220000 0.866698
vn -0.447699 0.220000 0.866698
vn -0.408981 -0.407982 0.816263
vn -0.314393 0.814382 0.487789
vn -0.314393 0.814382 0.487789
vn 0.315311 0.814429 0.487118
vn 0.315311 0.814429 0.487118
vn 0.000900 0.891609 0.452805
vn 0.000900 0.891609 0.452805
vn 0.292791 0.274691 0.915870
vn 0.292791 0.274691 0.915870
vn 0.115204 -0.311511 0.943233
vn -0.470007 -0.322305 0.821713
vn -0.512406 0.260403 0.818310
vn -0.512406 0.260403 0.818310
vn -0.392487 -0.388087 0.833872
vn -0.568989 -0.235895 0.787785
vn -0.568989 -0.235895 0.787785
vn -0.568989 -0.235895 0.787785
vn 0.336901 0.067700 0.939103
vn 0.336901 0.067700 0.939103
vn 0.127197 0.001900 0.991876
vn 0.127197 0.001900 0.991876
vn -0.951042 0.266212 0.157007
vn -0.951042 0.266212 0.157007
vn -0.951042 0.266212 0.157007
vn 0.276294 -0.332892 0.901579
vn 0.139903 -0.072302 0.987522
vn 0.170000 0.741201 0.649401
vn 0.170000 0.741201 0.649401
vn 0.456396 0.695394 0.555095
vn 0.456396 0.695394 0.555095
vn 0.456396 0.695394 0.555095
vn 0.343806 0.440307 0.829414
vn 0.343806 0.440307 0.829414
vn 0.343806 0.440307 0.829414
vn -0.032701 0.999421 0.009400
vn 0.023099 0.999469 -0.022999
vn 0.033000 0.999390 0.011400
vn -0.026899 0.999376 -0.022899
vn -0.005800 0.999518 0.030501
vn -0.522017 0.838528 0.156105
vn -0.026400 0.959109 0.281803
vn 0.003600 0.999537 0.030201
vn 0.020999 0.963360 0.267389
vn 0.475309 0.828315 0.296606
vn 0.475309 0.828315 0.296606
vn -0.344919 0.936851 -0.057803
vn -0.296284 0.933949 -0.199889
vn 0.001200 0.986461 -0.163993
vn 0.297200 0.936800 -0.184600
vn 0.599768 0.793557 -0.102694
vn 0.599768 0.793557 -0.102694
vn 0.176797 0.609290 -0.772987
vn 0.176797 0.609290 -0.772987
vn -0.158899 0.611794 -0.774893
vn -0.158899 0.611794 -0.774893
vn -0.381593 0.456592 0.803686
vn -0.381593 0.456592 0.803686
vn 0.426996 0.565395 -0.705693
vn 0.426996 0.565395 -0.705693
vn 0.415992 0.412192 0.810585
vn 0.415992 0.412192 0.810585
vn 0.415992 0.412192 0.810585
vn -0.363998 0.569897 -0.736697
vn -0.363998 0.569897 -0.736697
vn -0.054700 0.599901 -0.798202
vn -0.054700 0.599901 -0.798202
vn 0.054500 0.598596 -0.799195
vn 0.054500 0.598596 -0.799195
vn 0.850402 0.517301 0.096000
vn 0.850402 0.517301 0.096000
vn -0.851402 0.524101 -0.020800
vn -0.851402 0.524101 -0.020800
vn 0.864576 0.502486 -0.003900
vn 0.864576 0.502486 -0.003900
vn 0.882140 0.444820 0.154807
vn 0.882140 0.444820 0.154807
vn 0.017001 0.391713 0.919930
vn 0.017001 0.391713 0.919930
vn -0.130396 0.391087 0.911070
vn -0.130396 0.391087 0.911070
vn -0.854623 0.466413 -0.228206
vn -0.854623 0.466413 -0.228206
vn -0.854623 0.466413 -0.228206
vn -0.892826 0.424512 -0.150504
vn -0.892826 0.424512 -0.150504
vn -0.742391 0.408795 -0.530794
vn -0.742391 0.408795 -0.530794
vn 0.774987 0.409693 -0.481192
vn 0.774987 0.409693 -0.481192
vn 0.774987 0.409693 -0.481192
vn 0.876284 0.405493 -0.260195
vn 0.876284 0.405493 -0.260195
vn -0.922491 0.377296 0.081599
vn -0.922491 0.377296 0.081599
vn -0.838100 0.242000 0.488900
vn -0.838100 0.242000 0.488900
vn -0.838100 0.242000 0.488900
vn -0.033000 0.999390 0.011400
vn -0.023099 0.999469 -0.022999
vn 0.032701 0.999421 0.009400
vn 0.026899 0.999376 -0.022899
vn 0.005800 0.999518 0.030501
vn -0.003600 0.999537 0.030201
vn -0.475309 0.828315 0.296606
vn -0.475309 0.828315 0.296606
vn -0.020999 0.963360 0.267389
vn 0.026400 0.959109 0.281803
vn 0.522017 0.838528 0.156105
vn 0.344919 0.936851 -0.057803
vn 0.296311 0.933936 -0.199908
vn -0.001200 0.986461 -0.163993
vn -0.297200 0.936800 -0.184600
vn -0.599768 0.793557 -0.102694
vn -0.599768 0.793557 -0.102694
vn -0.176797 0.609290 -0.772987
vn -0.176797 0.609290 -0.772987
vn 0.158899 0.611794 -0.774893
vn 0.158899 0.611794 -0.774893
vn 0.381593 0.456592 0.803686
vn 0.381593 0.456592 0.803686
vn -0.426996 0.565395 -0.705693
vn -0.426996 0.565395 -0.705693
vn -0.415992 0.412192 0.810585
vn -0.415992 0.412192 0.810585
vn -0.415992 0.412192 0.810585
vn 0.363998 0.569897 -0.736697
vn 0.363998 0.569897 -0.736697
vn 0.054700 0.599901 -0.798202
vn 0.054700 0.599901 -0.798202
vn -0.054500 0.598596 -0.799195
vn -0.054500 0.598596 -0.799195
vn -0.850402 0.517301 0.096000
vn -0.850402 0.517301 0.096000
vn 0.851402 0.524101 -0.020800
vn 0.851402 0.524101 -0.020800
vn -0.864576 0.502486 -0.003900
vn -0.864576 0.502486 -0.003900
vn -0.882140 0.444820 0.154807
vn -0.882140 0.444820 0.154807
vn -0.017001 0.391713 0.919930
vn -0.017001 0.391713 0.919930
vn 0.130396 0.391087 0.911070
vn 0.130396 0.391087 0.911070
vn 0.854623 0.466413 -0.228206
vn 0.854623 0.466413 -0.228206
vn 0.854623 0.466413 -0.228206
vn 0.892826 0.424512 -0.150504
vn 0.892826 0.424512 -0.150504
vn 0.742391 0.408795 -0.530794
vn 0.742391 0.408795 -0.530794
vn -0.774987 0.409693 -0.481192
vn -0.774987 0.409693 -0.481192
vn -0.774987 0.409693 -0.481192
vn -0.876284 0.405493 -0.260195
vn -0.876284 0.405493 -0.260195
vn 0.922491 0.377296 0.081599
vn 0.922491 0.377296 0.081599
vn 0.838100 0.242000 0.488900
vn 0.838100 0.242000 0.488900
vn 0.838100 0.242000 0.488900
vn -0.000900 0.909872 0.414887
vn -0.000900 0.909872 0.414887
vn 0.056998 0.881576 0.468587
vn 0.056998 0.881576 0.468587
vn -0.153700 0.981202 -0.116700
vn 0.000600 0.980642 -0.195808
vn 0.154100 0.981199 -0.116200
vn -0.058601 0.880820 0.469811
vn -0.058601 0.880820 0.469811
vn 0.078300 0.774504 0.627704
vn 0.078300 0.774504 0.627704
vn -0.395207 0.895516 -0.204604
vn 0.388891 0.902478 0.185196
vn 0.388891 0.902478 0.185196
vn 0.388891 0.902478 0.185196
vn -0.318690 0.915570 -0.245292
vn -0.413385 0.839269 -0.353187
vn -0.239594 0.846579 -0.475288
vn 0.000800 0.843245 -0.537529
vn 0.609824 0.776031 -0.160906
vn 0.609824 0.776031 -0.160906
vn 0.605398 0.787498 0.115500
vn 0.605398 0.787498 0.115500
vn -0.373516 0.924439 -0.076803
vn 0.509182 0.575579 0.639877
vn 0.509182 0.575579 0.639877
vn 0.509182 0.575579 0.639877
vn -0.144891 0.758251 0.635659
vn -0.144891 0.758251 0.635659
vn 0.240299 0.846598 -0.474899
vn 0.413385 0.839269 -0.353187
vn 0.395207 0.895516 -0.204604
vn -0.078797 0.774474 0.627679
vn -0.078797 0.774474 0.627679
vn -0.388891 0.902478 0.185196
vn -0.388891 0.902478 0.185196
vn -0.388891 0.902478 0.185196
vn 0.318690 0.915570 -0.245292
vn -0.609824 0.776031 -0.160906
vn -0.609824 0.776031 -0.160906
vn -0.605398 0.787498 0.115500
vn -0.605398 0.787498 0.115500
vn 0.373516 0.924439 -0.076803
vn -0.509182 0.575579 0.639877
vn -0.509182 0.575579 0.639877
vn -0.509182 0.575579 0.639877
vn 0.144891 0.758251 0.635659
vn 0.144891 0.758251 0.635659
vn 0.721288 -0.692488 -0.014300
vn 0.721288 -0.692488 -0.014300
vn 0.700811 -0.088701 -0.707811
vn 0.700811 -0.088701 -0.707811
vn 0.997282 -0.073199 0.008400
vn 0.437196 -0.750694 -0.495296
vn 0.437196 -0.750694 -0.495296
vn 0.437196 -0.750694 -0.495296
vn 0.675059 0.737755 -0.003500
vn 0.675059 0.737755 -0.003500
vn 0.395512 0.837426 -0.377212
vn 0.395512 0.837426 -0.377212
vn 0.395512 0.837426 -0.377212
vn 0.486386 -0.725379 0.487086
vn 0.486386 -0.725379 0.487086
vn 0.486386 -0.725379 0.487086
vn 0.704991 0.005900 0.709191
vn 0.704991 0.005900 0.709191
vn 0.372387 0.857171 0.355788
vn 0.372387 0.857171 0.355788
vn 0.372387 0.857171 0.355788
vn -0.721240 -0.692538 -0.014301
vn -0.721240 -0.692538 -0.014301
vn -0.997282 -0.073199 0.008400
vn -0.700811 -0.088701 -0.707811
vn -0.700811 -0.088701 -0.707811
vn -0.437196 -0.750694 -0.495296
vn -0.437196 -0.750694 -0.495296
vn -0.437196 -0.750694 -0.495296
vn -0.675059 0.737755 -0.003500
vn -0.675059 0.737755 -0.003500
vn -0.397989 0.838277 -0.372690
vn -0.397989 0.838277 -0.372690
vn -0.397989 0.838277 -0.372690
vn -0.486386 -0.725379 0.487086
vn -0.486386 -0.725379 0.487086
vn -0.486386 -0.725379 0.487086
vn -0.704991 0.005900 0.709191
vn -0.704991 0.005900 0.709191
vn -0.372387 0.857171 0.355788
vn -0.372387 0.857171 0.355788
vn -0.372387 0.857171 0.355788
vn 0.997467 0.070798 0.006900
vn 0.625569 0.780161 -0.003500
vn 0.625569 0.780161 -0.003500
vn 0.692499 0.100400 0.714399
vn 0.692499 0.100400 0.714399
vn 0.348190 0.869275 0.350890
vn 0.348190 0.869275 0.350890
vn 0.348190 0.869275 0.350890
vn 0.574419 -0.647322 0.501017
vn 0.574419 -0.647322 0.501017
vn 0.574419 -0.647322 0.501017
vn 0.775897 -0.630698 -0.014300
vn 0.775897 -0.630698 -0.014300
vn 0.520501 -0.686601 -0.507601
vn 0.520501 -0.686601 -0.507601
vn 0.520501 -0.686601 -0.507601
vn 0.705208 0.011400 -0.708908
vn 0.705208 0.011400 -0.708908
vn 0.369586 0.859867 -0.352186
vn 0.369586 0.859867 -0.352186
vn 0.369586 0.859867 -0.352186
vn -0.997467 0.070798 0.006900
vn -0.692499 0.100400 0.714399
vn -0.692499 0.100400 0.714399
vn -0.625121 0.780526 -0.001800
vn -0.625121 0.780526 -0.001800
vn -0.345795 0.869987 0.351495
vn -0.345795 0.869987 0.351495
vn -0.345795 0.869987 0.351495
vn -0.574419 -0.647322 0.501017
vn -0.574419 -0.647322 0.501017
vn -0.574419 -0.647322 0.501017
vn -0.775897 -0.630698 -0.014300
vn -0.775897 -0.630698 -0.014300
vn -0.520501 -0.686601 -0.507601
vn -0.520501 -0.686601 -0.507601
vn -0.520501 -0.686601 -0.507601
vn -0.705208 0.011400 -0.708908
vn -0.705208 0.011400 -0.708908
vn -0.361312 0.861929 -0.355712
vn -0.361312 0.861929 -0.355712
vn -0.361312 0.861929 -0.355712
vn 0.001100 0.049598 0.998769
vn 0.006800 0.556809 0.830613
vn 0.006800 0.556809 0.830613
vn 0.006800 0.556809 0.830613
vn -0.304716 0.528828 0.792142
vn -0.304716 0.528828 0.792142
vn 0.313704 0.527207 0.789710
vn 0.313704 0.527207 0.789710
vn -0.083600 0.049000 0.995294
vn 0.001300 0.179897 0.983685
vn -0.081702 0.184506 0.979430
vn -0.593803 0.295702 0.748304
vn -0.593803 0.295702 0.748304
vn 0.083002 0.184504 0.979321
vn 0.084404 0.048602 0.995246
vn 0.593803 0.295702 0.748304
vn 0.593803 0.295702 0.748304
vn -0.128695 0.179193 0.975360
vn -0.126900 0.024900 0.991603
vn -0.152701 -0.045900 0.987206
vn -0.179595 0.133996 0.974572
vn -0.205092 0.033699 0.978162
vn -0.191302 -0.037600 0.980811
vn -0.129798 -0.026699 0.991181
vn -0.423283 -0.369185 0.827366
vn -0.423283 -0.369185 0.827366
vn -0.423283 -0.369185 0.827366
vn -0.083799 0.586792 0.805390
vn -0.083799 0.586792 0.805390
vn -0.016400 0.698106 0.715806
vn -0.016400 0.698106 0.715806
vn 0.006600 -0.657300 0.753600
vn 0.006600 -0.657300 0.753600
vn 0.430102 -0.367702 0.824504
vn 0.430102 -0.367702 0.824504
vn 0.430102 -0.367702 0.824504
vn 0.018099 0.689377 0.724176
vn 0.018099 0.689377 0.724176
vn 0.000000 0.681459 0.731856
vn 0.000000 0.681459 0.731856
vn 0.105399 0.668294 0.736393
vn 0.105399 0.668294 0.736393
vn 0.129798 -0.026699 0.991181
vn 0.152701 -0.045900 0.987206
vn 0.497322 -0.091404 0.862738
vn 0.497322 -0.091404 0.862738
vn 0.519112 0.050401 0.853219
vn 0.519112 0.050401 0.853219
vn 0.377710 -0.319309 0.869124
vn 0.377710 -0.319309 0.869124
vn 0.377710 -0.319309 0.869124
vn 0.409319 0.263412 0.873540
vn 0.409319 0.263412 0.873540
vn 0.409319 0.263412 0.873540
vn 0.180400 0.596600 0.782000
vn 0.180400 0.596600 0.782000
vn -0.494586 0.433887 0.753078
vn -0.494586 0.433887 0.753078
vn -0.494586 0.433887 0.753078
vn 0.150302 -0.580306 0.800409
vn 0.150302 -0.580306 0.800409
vn -0.155905 -0.650622 0.743225
vn -0.155905 -0.650622 0.743225
vn 0.442009 0.704614 0.555111
vn 0.442009 0.704614 0.555111
vn -0.261195 0.625288 0.735386
vn -0.261195 0.625288 0.735386
vn -0.292214 -0.014201 0.956247
vn -0.263402 0.097901 0.959706
vn -0.512896 -0.570795 0.641195
vn -0.512896 -0.570795 0.641195
vn -0.420685 -0.273590 0.864969
vn -0.420685 -0.273590 0.864969
vn -0.420685 -0.273590 0.864969
vn -0.136997 -0.237895 0.961581
vn -0.136997 -0.237895 0.961581
vn -0.136997 -0.237895 0.961581
vn -0.136997 -0.237895 0.961581
vn -0.136997 -0.237895 0.961581
vn -0.887621 -0.007600 0.460511
vn -0.887621 -0.007600 0.460511
vn -0.439422 0.875845 0.199510
vn -0.439422 0.875845 0.199510
vn -0.439422 0.875845 0.199510
vn -0.564598 0.540698 0.623598
vn -0.564598 0.540698 0.623598
vn -0.564598 0.540698 0.623598
vn -0.381001 -0.026200 0.924203
vn -0.256191 0.266490 0.929166
vn -0.381600 -0.007000 0.924301
vn 0.128695 0.179193 0.975360
vn 0.126900 0.024900 0.991603
vn 0.191302 -0.037600 0.980811
vn -0.174706 0.306410 0.935730
vn -0.405891 0.008800 0.913879
vn -0.396000 0.072300 0.915400
vn -0.770687 -0.335094 0.541991
vn -0.770687 -0.335094 0.541991
vn -0.770687 -0.335094 0.541991
vn -0.875976 -0.105897 0.470587
vn -0.875976 -0.105897 0.470587
vn -0.886290 0.070099 0.457795
vn -0.886290 0.070099 0.457795
vn -0.783914 0.338606 0.520409
vn -0.783914 0.338606 0.520409
vn -0.353911 0.210306 0.911328
vn 0.179595 0.133996 0.974572
vn 0.205092 0.033699 0.978162
vn -0.128799 0.335498 0.933194
vn -0.094703 0.334210 0.937729
vn 0.001700 0.330711 0.943731
vn -0.180400 0.596600 0.782000
vn -0.180400 0.596600 0.782000
vn -0.409319 0.263412 0.873540
vn -0.409319 0.263412 0.873540
vn -0.409319 0.263412 0.873540
vn -0.519112 0.050401 0.853219
vn -0.519112 0.050401 0.853219
vn -0.497322 -0.091404 0.862738
vn -0.497322 -0.091404 0.862738
vn -0.378304 -0.315904 0.870110
vn -0.378304 -0.315904 0.870110
vn -0.378304 -0.315904 0.870110
vn 0.492296 0.401697 0.772194
vn 0.492296 0.401697 0.772194
vn 0.492296 0.401697 0.772194
vn -0.147001 -0.575605 0.804407
vn -0.147001 -0.575605 0.804407
vn 0.159409 -0.648837 0.744043
vn 0.159409 -0.648837 0.744043
vn 0.261195 0.625288 0.735386
vn 0.261195 0.625288 0.735386
vn 0.263402 0.097901 0.959706
vn -0.389902 0.616203 0.684303
vn -0.389902 0.616203 0.684303
vn 0.391591 0.873081 0.290494
vn 0.391591 0.873081 0.290494
vn 0.391591 0.873081 0.290494
vn 0.292214 -0.014201 0.956247
vn 0.512896 -0.570795 0.641195
vn 0.512896 -0.570795 0.641195
vn 0.420685 -0.273590 0.864969
vn 0.420685 -0.273590 0.864969
vn 0.420685 -0.273590 0.864969
vn 0.144103 -0.240004 0.960017
vn 0.144103 -0.240004 0.960017
vn 0.144103 -0.240004 0.960017
vn 0.144103 -0.240004 0.960017
vn 0.144103 -0.240004 0.960017
vn 0.256191 0.266490 0.929166
vn 0.096400 0.334098 0.937596
vn 0.174706 0.306410 0.935730
vn 0.128799 0.335498 0.933194
vn 0.564598 0.540698 0.623598
vn 0.564598 0.540698 0.623598
vn 0.564598 0.540698 0.623598
vn 0.381001 -0.026200 0.924203
vn 0.381600 -0.007000 0.924301
vn 0.405891 0.008800 0.913879
vn 0.396000 0.072300 0.915400
vn 0.770687 -0.335094 0.541991
vn 0.770687 -0.335094 0.541991
vn 0.770687 -0.335094 0.541991
vn 0.875976 -0.105897 0.470587
vn 0.875976 -0.105897 0.470587
vn 0.886290 0.070099 0.457795
vn 0.886290 0.070099 0.457795
vn 0.783914 0.338606 0.520409
vn 0.783914 0.338606 0.520409
vn 0.353911 0.210306 0.911328
vn -0.060798 0.639275 0.766571
vn -0.060798 0.639275 0.766571
vn 0.060798 0.639275 0.766571
vn 0.060798 0.639275 0.766571
vn -0.601415 0.728318 0.328408
vn -0.601415 0.728318 0.328408
vn -0.601415 0.728318 0.328408
vn 0.609569 0.712664 0.347182
vn 0.609569 0.712664 0.347182
vn 0.609569 0.712664 0.347182
vn -0.114196 0.705176 0.699776
vn -0.114196 0.705176 0.699776
vn 0.002200 0.718217 0.695816
vn 0.002200 0.718217 0.695816
vn 0.116498 0.704887 0.699687
vn 0.116498 0.704887 0.699687
vn 0.433199 0.165900 0.885898
vn 0.748800 0.019800 0.662500
vn 0.748800 0.019800 0.662500
vn 0.718417 0.037201 0.694617
vn 0.718417 0.037201 0.694617
vn 0.147403 0.704712 0.694012
vn 0.147403 0.704712 0.694012
vn 0.199401 0.690503 0.695302
vn 0.199401 0.690503 0.695302
vn -0.147403 0.704712 0.694012
vn -0.147403 0.704712 0.694012
vn -0.199401 0.690503 0.695302
vn -0.199401 0.690503 0.695302
vn -0.433199 0.165900 0.885898
vn -0.748800 0.019800 0.662500
vn -0.748800 0.019800 0.662500
vn -0.718417 0.037201 0.694617
vn -0.718417 0.037201 0.694617
vn 0.281601 0.671203 0.685703
vn 0.281601 0.671203 0.685703
vn -0.281601 0.671203 0.685703
vn -0.281601 0.671203 0.685703
vn 0.708229 0.158206 0.688028
vn 0.708229 0.158206 0.688028
vn 0.705701 0.222700 0.672601
vn 0.705701 0.222700 0.672601
vn 0.716371 0.084597 0.692572
vn 0.716371 0.084597 0.692572
vn 0.369902 0.638603 0.674803
vn 0.369902 0.638603 0.674803
vn -0.708229 0.158206 0.688028
vn -0.708229 0.158206 0.688028
vn -0.705701 0.222700 0.672601
vn -0.705701 0.222700 0.672601
vn -0.716371 0.084597 0.692572
vn -0.716371 0.084597 0.692572
vn -0.369902 0.638603 0.674803
vn -0.369902 0.638603 0.674803
vn 0.633372 0.516477 0.576274
vn 0.633372 0.516477 0.576274
vn 0.633372 0.516477 0.576274
vn 0.423387 0.608381 0.671279
vn 0.423387 0.608381 0.671279
vn -0.423387 0.608381 0.671279
vn -0.423387 0.608381 0.671279
vn -0.633372 0.516477 0.576274
vn -0.633372 0.516477 0.576274
vn -0.633372 0.516477 0.576274
vn -0.002700 0.886984 0.461792
vn -0.002700 0.886984 0.461792
vn 0.141796 0.950875 0.275193
vn 0.141796 0.950875 0.275193
vn 0.141796 0.950875 0.275193
vn 0.028499 0.895181 0.444791
vn 0.028499 0.895181 0.444791
vn 0.028499 0.895181 0.444791
vn 0.375890 0.872277 0.312792
vn 0.375890 0.872277 0.312792
vn 0.375890 0.872277 0.312792
vn -0.148601 0.954405 0.258901
vn -0.148601 0.954405 0.258901
vn -0.148601 0.954405 0.258901
vn -0.028499 0.895181 0.444791
vn -0.028499 0.895181 0.444791
vn -0.028499 0.895181 0.444791
vn -0.375890 0.872277 0.312792
vn -0.375890 0.872277 0.312792
vn -0.375890 0.872277 0.312792
vn -0.526667 -0.098494 0.844347
vn -0.752710 0.501007 0.427106
vn -0.752710 0.501007 0.427106
vn 0.194993 0.442585 0.875269
vn 0.194993 0.442585 0.875269
vn -0.310013 0.845936 0.433918
vn -0.310013 0.845936 0.433918
vn -0.310013 0.845936 0.433918
vn -0.310013 0.845936 0.433918
vn -0.766135 0.320215 0.557225
vn -0.766135 0.320215 0.557225
vn -0.766135 0.320215 0.557225
vn -0.730537 -0.119506 0.672334
vn 0.398608 0.467510 0.789016
vn 0.398608 0.467510 0.789016
vn 0.509618 0.196207 0.837730
vn 0.509618 0.196207 0.837730
vn -0.331787 -0.900566 -0.280889
vn -0.331787 -0.900566 -0.280889
vn 0.815579 0.091998 0.571285
vn 0.815579 0.091998 0.571285
vn 0.815579 0.091998 0.571285
vn -0.169299 -0.124299 0.977695
vn -0.258299 0.687497 0.678697
vn -0.258299 0.687497 0.678697
vn 0.526667 -0.098494 0.844347
vn -0.194993 0.442585 0.875269
vn -0.194993 0.442585 0.875269
vn 0.752710 0.501007 0.427106
vn 0.752710 0.501007 0.427106
vn 0.310013 0.845936 0.433918
vn 0.310013 0.845936 0.433918
vn 0.310013 0.845936 0.433918
vn 0.310013 0.845936 0.433918
vn 0.766135 0.320215 0.557225
vn 0.766135 0.320215 0.557225
vn 0.766135 0.320215 0.557225
vn 0.730537 -0.119506 0.672334
vn -0.398608 0.467510 0.789016
vn -0.398608 0.467510 0.789016
vn -0.509618 0.196207 0.837730
vn -0.509618 0.196207 0.837730
vn -0.509618 0.196207 0.837730
vn 0.331787 -0.900566 -0.280889
vn 0.331787 -0.900566 -0.280889
vn -0.815579 0.091998 0.571285
vn -0.815579 0.091998 0.571285
vn -0.815579 0.091998 0.571285
vn 0.169299 -0.124299 0.977695
vn 0.258299 0.687497 0.678697
vn 0.258299 0.687497 0.678697
vn -0.342692 -0.194095 0.919179
vn 0.159204 0.237606 0.958226
vn 0.159204 0.237606 0.958226
vn 0.159204 0.237606 0.958226
vn -0.592302 0.319401 0.739703
vn -0.592302 0.319401 0.739703
vn 0.001500 -0.210403 0.977614
vn 0.001100 -0.499076 0.866558
vn 0.001300 -0.470027 0.882651
vn -0.324403 -0.223202 0.919208
vn -0.159305 0.235907 0.958629
vn -0.159305 0.235907 0.958629
vn -0.159305 0.235907 0.958629
vn 0.343895 -0.194297 0.918687
vn 0.343895 -0.194297 0.918687
vn 0.326105 -0.224403 0.918313
vn 0.326105 -0.224403 0.918313
vn 0.592302 0.319401 0.739703
vn 0.592302 0.319401 0.739703
vn 0.592302 0.319401 0.739703
vn -0.603213 -0.297007 0.740217
vn -0.603213 -0.297007 0.740217
vn -0.033400 -0.995604 0.087500
vn -0.033400 -0.995604 0.087500
vn -0.033400 -0.995604 0.087500
vn -0.033400 -0.995604 0.087500
vn 0.000500 -0.934024 0.357209
vn 0.000500 -0.934024 0.357209
vn 0.000500 -0.934024 0.357209
vn -0.227308 -0.891830 0.391113
vn -0.227308 -0.891830 0.391113
vn -0.847086 0.076699 0.525892
vn -0.847086 0.076699 0.525892
vn -0.847086 0.076699 0.525892
vn -0.750804 -0.131501 0.647303
vn -0.749313 -0.252204 0.612310
vn -0.518390 -0.749686 0.411392
vn -0.518390 -0.749686 0.411392
vn -0.872289 -0.136698 0.469494
vn -0.872289 -0.136698 0.469494
vn -0.530691 0.168797 0.830587
vn -0.530691 0.168797 0.830587
vn -0.420102 -0.032200 0.906905
vn -0.420102 -0.032200 0.906905
vn -0.420102 -0.032200 0.906905
vn -0.627304 -0.169501 0.760105
vn -0.627304 -0.169501 0.760105
vn -0.627304 -0.169501 0.760105
vn -0.627304 -0.169501 0.760105
vn 0.630920 -0.715622 0.299709
vn 0.660490 -0.750789 -0.008300
vn 0.751865 -0.659270 -0.007900
vn 0.729120 -0.630617 0.265907
vn 0.828946 -0.483027 0.282016
vn 0.855831 -0.517219 0.006100
vn 0.602003 -0.309901 0.735903
vn 0.602003 -0.309901 0.735903
vn 0.371998 -0.445397 0.814395
vn 0.371998 -0.445397 0.814395
vn 0.394191 -0.435890 0.809082
vn 0.394191 -0.435890 0.809082
vn 0.465724 -0.365019 0.806141
vn 0.465724 -0.365019 0.806141
vn 0.500502 -0.367201 0.784003
vn 0.500502 -0.367201 0.784003
vn 0.946336 0.277411 0.165806
vn 0.946336 0.277411 0.165806
vn 0.765328 0.452716 0.457517
vn 0.765328 0.452716 0.457517
vn 0.765328 0.452716 0.457517
vn 0.971118 0.236604 -0.030801
vn 0.971118 0.236604 -0.030801
vn 0.760197 -0.081200 0.644598
vn 0.760197 -0.081200 0.644598
vn 0.959822 0.001000 0.280607
vn 0.959822 0.001000 0.280607
vn 0.959822 0.001000 0.280607
vn 0.998653 0.050198 -0.013099
vn 0.998653 0.050198 -0.013099
vn 0.801371 -0.530380 -0.276590
vn 0.729203 -0.632402 -0.261401
vn 0.634006 -0.716406 -0.291203
vn 0.944184 -0.053799 -0.324995
vn 0.944184 -0.053799 -0.324995
vn 0.944184 -0.053799 -0.324995
vn 0.783663 0.449179 -0.429080
vn 0.783663 0.449179 -0.429080
vn 0.783663 0.449179 -0.429080
vn 0.541288 -0.360192 -0.759783
vn 0.541288 -0.360192 -0.759783
vn 0.410405 -0.422905 -0.807910
vn 0.410405 -0.422905 -0.807910
vn 0.368690 -0.460487 -0.807477
vn 0.368690 -0.460487 -0.807477
vn 0.594618 -0.335810 -0.730522
vn 0.594618 -0.335810 -0.730522
vn 0.475285 -0.389588 -0.788876
vn 0.475285 -0.389588 -0.788876
vn 0.742514 -0.146503 -0.653613
vn 0.742514 -0.146503 -0.653613
vn -0.660490 -0.750789 -0.008300
vn -0.630920 -0.715622 0.299709
vn -0.751865 -0.659270 -0.007900
vn -0.729120 -0.630617 0.265907
vn -0.828946 -0.483027 0.282016
vn -0.855831 -0.517219 0.006100
vn -0.602003 -0.309901 0.735903
vn -0.602003 -0.309901 0.735903
vn -0.371998 -0.445397 0.814395
vn -0.371998 -0.445397 0.814395
vn -0.394191 -0.435890 0.809082
vn -0.394191 -0.435890 0.809082
vn -0.465724 -0.365019 0.806141
vn -0.465724 -0.365019 0.806141
vn -0.500502 -0.367201 0.784003
vn -0.500502 -0.367201 0.784003
vn -0.946336 0.277411 0.165806
vn -0.946336 0.277411 0.165806
vn -0.765328 0.452716 0.457517
vn -0.765328 0.452716 0.457517
vn -0.765328 0.452716 0.457517
vn -0.971118 0.236604 -0.030801
vn -0.971118 0.236604 -0.030801
vn -0.760197 -0.081200 0.644598
vn -0.760197 -0.081200 0.644598
vn -0.959822 0.001000 0.280607
vn -0.959822 0.001000 0.280607
vn -0.959822 0.001000 0.280607
vn -0.998653 0.050198 -0.013099
vn -0.998653 0.050198 -0.013099
vn -0.801371 -0.530380 -0.276590
vn -0.729203 -0.632402 -0.261401
vn -0.634006 -0.716406 -0.291203
vn -0.944184 -0.053799 -0.324995
vn -0.944184 -0.053799 -0.324995
vn -0.944184 -0.053799 -0.324995
vn -0.783663 0.449179 -0.429080
vn -0.783663 0.449179 -0.429080
vn -0.783663 0.449179 -0.429080
vn -0.541288 -0.360192 -0.759783
vn -0.541288 -0.360192 -0.759783
vn -0.410405 -0.422905 -0.807910
vn -0.410405 -0.422905 -0.807910
vn -0.368690 -0.460487 -0.807477
vn -0.368690 -0.460487 -0.807477
vn -0.594618 -0.335810 -0.730522
vn -0.594618 -0.335810 -0.730522
vn -0.475285 -0.389588 -0.788876
vn -0.475285 -0.389588 -0.788876
vn -0.742514 -0.146503 -0.653613
vn -0.742514 -0.146503 -0.653613
vn -0.414314 0.853029 0.317311
vn -0.723583 0.639885 -0.258794
vn -0.723583 0.639885 -0.258794
vn 0.825580 0.555587 -0.098698
vn 0.825580 0.555587 -0.098698
vn -0.173795 0.953974 0.244393
vn 0.334786 0.884662 -0.324486
vn 0.334786 0.884662 -0.324486
vn -0.102400 0.813202 0.572902
vn -0.102400 0.813202 0.572902
vn -0.102400 0.813202 0.572902
vn 0.233802 0.616906 0.751507
vn 0.233802 0.616906 0.751507
vn 0.233802 0.616906 0.751507
vn 0.573912 -0.818917 -0.000600
vn 0.333317 -0.932748 -0.137407
vn 0.321614 -0.946442 0.028501
vn 0.485008 -0.834714 -0.260804
vn 0.336886 -0.880962 -0.332286
vn -0.271207 -0.956226 0.109903
vn -0.271207 -0.956226 0.109903
vn -0.031998 -0.998950 0.032798
vn -0.031998 -0.998950 0.032798
vn -0.302504 -0.949114 0.087601
vn -0.302504 -0.949114 0.087601
vn 0.366781 -0.898953 0.239488
vn 0.838090 -0.492894 0.233797
vn 0.352517 -0.835141 0.422221
vn -0.217910 -0.970645 0.101805
vn -0.217910 -0.970645 0.101805
vn 0.283897 -0.813293 -0.507895
vn 0.278186 -0.799561 0.532274
vn -0.537924 -0.787036 0.302014
vn -0.537924 -0.787036 0.302014
vn -0.537924 -0.787036 0.302014
vn 0.076902 -0.319309 0.944525
vn 0.076902 -0.319309 0.944525
vn 0.743124 -0.035301 0.668222
vn 0.743124 -0.035301 0.668222
vn 0.743124 -0.035301 0.668222
vn 0.852387 -0.247196 0.460793
vn 0.852387 -0.247196 0.460793
vn 0.878343 -0.281414 0.386419
vn 0.878343 -0.281414 0.386419
vn 0.613604 -0.789605 0.003800
vn 0.558102 -0.749903 -0.355201
vn 0.558102 -0.749903 -0.355201
vn 0.607511 -0.794214 0.012400
vn 0.866284 -0.391893 0.309794
vn 0.866284 -0.391893 0.309794
vn 0.866284 -0.391893 0.309794
vn 0.551708 -0.731911 0.399906
vn 0.551708 -0.731911 0.399906
vn 0.719200 -0.694800 0.002300
vn 0.636015 -0.623914 0.454110
vn 0.636015 -0.623914 0.454110
vn 0.828623 -0.559716 -0.010100
vn 0.737686 -0.500890 0.452691
vn 0.737686 -0.500890 0.452691
vn 0.542681 -0.719075 -0.434085
vn 0.566313 -0.705916 -0.425409
vn 0.625202 -0.637103 -0.450802
vn 0.719923 -0.506316 -0.474715
vn 0.719923 -0.506316 -0.474715
vn 0.998770 0.045199 -0.020399
vn 0.998770 0.045199 -0.020399
vn 0.926886 0.030600 0.374094
vn 0.926886 0.030600 0.374094
vn 0.926886 0.030600 0.374094
vn 0.915899 0.033600 -0.400000
vn 0.915899 0.033600 -0.400000
vn 0.915899 0.033600 -0.400000
vn 0.626618 -0.460913 -0.628418
vn 0.626618 -0.460913 -0.628418
vn 0.137297 -0.774585 -0.617388
vn 0.137297 -0.774585 -0.617388
vn 0.724663 0.041298 -0.687865
vn 0.724663 0.041298 -0.687865
vn 0.724663 0.041298 -0.687865
vn 0.515008 -0.183503 -0.837313
vn 0.515008 -0.183503 -0.837313
vn 0.432714 -0.498417 -0.751225
vn 0.432714 -0.498417 -0.751225
vn 0.369683 -0.432880 -0.822162
vn 0.369683 -0.432880 -0.822162
vn 0.229306 -0.103603 -0.967825
vn 0.229306 -0.103603 -0.967825
vn 0.229306 -0.103603 -0.967825
vn 0.229306 -0.103603 -0.967825
vn 0.018101 -0.599133 -0.800445
vn 0.018101 -0.599133 -0.800445
vn -0.008300 -0.047198 -0.998851
vn -0.012500 0.757416 -0.652813
vn -0.012500 0.757416 -0.652813
vn -0.018101 -0.599133 -0.800445
vn -0.018101 -0.599133 -0.800445
vn 0.008300 -0.047198 -0.998851
vn 0.024702 0.740646 -0.671441
vn 0.024702 0.740646 -0.671441
vn 0.020100 -0.724393 0.689094
vn 0.020100 -0.724393 0.689094
vn -0.011800 0.076401 0.997007
vn -0.004100 0.802387 0.596790
vn -0.004100 0.802387 0.596790
vn -0.020100 -0.724393 0.689094
vn -0.020100 -0.724393 0.689094
vn 0.011800 0.076401 0.997007
vn 0.004200 0.802470 0.596678
vn 0.004200 0.802470 0.596678
vn -0.607511 -0.794214 0.012400
vn -0.613604 -0.789605 0.003800
vn -0.558102 -0.749903 -0.355201
vn -0.558102 -0.749903 -0.355201
vn -0.558102 -0.749903 -0.355201
vn -0.485008 -0.834714 -0.260804
vn -0.542681 -0.719075 -0.434085
vn -0.542681 -0.719075 -0.434085
vn -0.566313 -0.705916 -0.425409
vn -0.566313 -0.705916 -0.425409
vn -0.573912 -0.818917 -0.000600
vn -0.333317 -0.932748 -0.137407
vn -0.719200 -0.694800 0.002300
vn -0.625202 -0.637103 -0.450802
vn -0.625202 -0.637103 -0.450802
vn -0.828623 -0.559716 -0.010100
vn -0.719923 -0.506316 -0.474715
vn -0.719923 -0.506316 -0.474715
vn -0.838090 -0.492894 0.233797
vn -0.551708 -0.731911 0.399906
vn -0.321614 -0.946442 0.028501
vn -0.636015 -0.623914 0.454110
vn -0.737686 -0.500890 0.452691
vn -0.366781 -0.898953 0.239488
vn -0.866284 -0.391893 0.309794
vn -0.866284 -0.391893 0.309794
vn -0.998770 0.045199 -0.020399
vn -0.998770 0.045199 -0.020399
vn -0.926886 0.030600 0.374094
vn -0.926886 0.030600 0.374094
vn -0.915899 0.033600 -0.400000
vn -0.915899 0.033600 -0.400000
vn -0.915899 0.033600 -0.400000
vn -0.352517 -0.835141 0.422221
vn -0.878343 -0.281414 0.386419
vn -0.878343 -0.281414 0.386419
vn 0.302504 -0.949114 0.087601
vn 0.302504 -0.949114 0.087601
vn -0.278186 -0.799561 0.532274
vn -0.852387 -0.247196 0.460793
vn -0.852387 -0.247196 0.460793
vn -0.743124 -0.035301 0.668222
vn -0.743124 -0.035301 0.668222
vn -0.743124 -0.035301 0.668222
vn -0.592609 -0.441507 0.673711
vn -0.592609 -0.441507 0.673711
vn -0.891540 -0.154107 0.425919
vn -0.891540 -0.154107 0.425919
vn 0.214002 -0.971608 0.100901
vn 0.214002 -0.971608 0.100901
vn -0.416196 -0.369097 0.830992
vn -0.416196 -0.369097 0.830992
vn -0.429783 -0.211692 0.877766
vn -0.429783 -0.211692 0.877766
vn -0.076902 -0.319309 0.944525
vn -0.076902 -0.319309 0.944525
vn 0.522489 -0.789183 0.322793
vn 0.522489 -0.789183 0.322793
vn 0.522489 -0.789183 0.322793
vn 0.271207 -0.956226 0.109903
vn 0.271207 -0.956226 0.109903
vn -0.336886 -0.880962 -0.332286
vn 0.031001 -0.999038 0.031001
vn 0.031001 -0.999038 0.031001
vn -0.626618 -0.460913 -0.628418
vn -0.283897 -0.813293 -0.507895
vn -0.283897 -0.813293 -0.507895
vn -0.659780 0.353389 0.663180
vn -0.659780 0.353389 0.663180
vn -0.659780 0.353389 0.663180
vn -0.515008 -0.183503 -0.837313
vn -0.515008 -0.183503 -0.837313
vn -0.515008 -0.183503 -0.837313
vn -0.801499 -0.174400 0.572000
vn -0.801499 -0.174400 0.572000
vn -0.786608 0.271403 -0.554606
vn -0.786608 0.271403 -0.554606
vn 0.933190 -0.352696 -0.068999
vn 0.933190 -0.352696 -0.068999
vn 0.933190 -0.352696 -0.068999
vn 0.933190 -0.352696 -0.068999
vn 0.813096 -0.284099 -0.508097
vn 0.813096 -0.284099 -0.508097
vn 0.983696 -0.179499 -0.011100
vn 0.709096 -0.561197 -0.426897
vn 0.709096 -0.561197 -0.426897
vn 0.709096 -0.561197 -0.426897
vn 0.393921 -0.813244 -0.428323
vn 0.393921 -0.813244 -0.428323
vn 0.818293 -0.258498 0.513396
vn 0.818293 -0.258498 0.513396
vn 0.724021 -0.578217 0.376111
vn 0.724021 -0.578217 0.376111
vn 0.724021 -0.578217 0.376111
vn 0.666779 -0.745176 -0.010900
vn 0.666779 -0.745176 -0.010900
vn 0.480411 -0.791018 -0.378809
vn 0.480411 -0.791018 -0.378809
vn 0.480411 -0.791018 -0.378809
vn 0.487217 -0.790127 0.371913
vn 0.487217 -0.790127 0.371913
vn 0.487217 -0.790127 0.371913
vn -0.933190 -0.352696 -0.068999
vn -0.933190 -0.352696 -0.068999
vn -0.933190 -0.352696 -0.068999
vn -0.933190 -0.352696 -0.068999
vn -0.983696 -0.179499 -0.011100
vn -0.813096 -0.284099 -0.508097
vn -0.813096 -0.284099 -0.508097
vn -0.709096 -0.561197 -0.426897
vn -0.709096 -0.561197 -0.426897
vn -0.709096 -0.561197 -0.426897
vn -0.393921 -0.813244 -0.428323
vn -0.393921 -0.813244 -0.428323
vn -0.818293 -0.258498 0.513396
vn -0.818293 -0.258498 0.513396
vn -0.724021 -0.578217 0.376111
vn -0.724021 -0.578217 0.376111
vn -0.724021 -0.578217 0.376111
vn -0.666779 -0.745176 -0.010900
vn -0.666779 -0.745176 -0.010900
vn -0.480411 -0.791018 -0.378809
vn -0.480411 -0.791018 -0.378809
vn -0.480411 -0.791018 -0.378809
vn -0.487217 -0.790127 0.371913
vn -0.487217 -0.790127 0.371913
vn -0.487217 -0.790127 0.371913
vn -0.046103 -0.484727 0.873449
vn 0.067899 -0.814986 0.575490
vn 0.067899 -0.814986 0.575490
vn -0.115298 -0.821187 0.558891
vn -0.115298 -0.821187 0.558891
vn 0.361420 -0.480526 0.799043
vn 0.361420 -0.480526 0.799043
vn 0.403297 -0.850993 0.336397
vn 0.403297 -0.850993 0.336397
vn 0.403297 -0.850993 0.336397
vn -0.356299 -0.430099 0.829498
vn -0.413094 -0.834389 0.364895
vn -0.413094 -0.834389 0.364895
vn -0.791094 -0.421497 0.443296
vn -0.791094 -0.421497 0.443296
vn 0.800414 -0.427508 0.420207
vn 0.800414 -0.427508 0.420207
vn 0.046103 -0.484727 0.873449
vn 0.115298 -0.821187 0.558891
vn 0.115298 -0.821187 0.558891
vn -0.067899 -0.814986 0.575490
vn -0.067899 -0.814986 0.575490
vn -0.361420 -0.480526 0.799043
vn -0.361420 -0.480526 0.799043
vn -0.403297 -0.850993 0.336397
vn -0.403297 -0.850993 0.336397
vn -0.403297 -0.850993 0.336397
vn 0.356299 -0.430099 0.829498
vn 0.413094 -0.834389 0.364895
vn 0.413094 -0.834389 0.364895
vn 0.791094 -0.421497 0.443296
vn 0.791094 -0.421497 0.443296
vn -0.800414 -0.427508 0.420207
vn -0.800414 -0.427508 0.420207
vn -0.858604 -0.508603 -0.064200
vn -0.858604 -0.508603 -0.064200
vn -0.795280 -0.274793 0.540387
vn -0.795280 -0.274793 0.540387
vn -0.977691 -0.209798 -0.010300
vn -0.422221 -0.893245 -0.154408
vn -0.422221 -0.893245 -0.154408
vn -0.422221 -0.893245 -0.154408
vn -0.802525 -0.240908 -0.545817
vn -0.802525 -0.240908 -0.545817
vn -0.681738 -0.529129 -0.505228
vn -0.681738 -0.529129 -0.505228
vn -0.681738 -0.529129 -0.505228
vn -0.659185 -0.751883 -0.012100
vn -0.659185 -0.751883 -0.012100
vn -0.492298 -0.757196 -0.429298
vn -0.492298 -0.757196 -0.429298
vn -0.492298 -0.757196 -0.429298
vn -0.461018 -0.800332 0.383315
vn -0.461018 -0.800332 0.383315
vn -0.461018 -0.800332 0.383315
vn 0.858604 -0.508603 -0.064200
vn 0.858604 -0.508603 -0.064200
vn 0.977691 -0.209798 -0.010300
vn 0.795280 -0.274793 0.540387
vn 0.795280 -0.274793 0.540387
vn 0.422221 -0.893245 -0.154408
vn 0.422221 -0.893245 -0.154408
vn 0.422221 -0.893245 -0.154408
vn 0.802525 -0.240908 -0.545817
vn 0.802525 -0.240908 -0.545817
vn 0.681738 -0.529129 -0.505228
vn 0.681738 -0.529129 -0.505228
vn 0.681738 -0.529129 -0.505228
vn 0.659185 -0.751883 -0.012100
vn 0.659185 -0.751883 -0.012100
vn 0.492298 -0.757196 -0.429298
vn 0.492298 -0.757196 -0.429298
vn 0.492298 -0.757196 -0.429298
vn 0.461018 -0.800332 0.383315
vn 0.461018 -0.800332 0.383315
vn 0.461018 -0.800332 0.383315
vn 0.417001 0.905501 -0.078600
vn 0.417001 0.905501 -0.078600
vn -0.417001 0.905501 -0.078600
vn -0.417001 0.905501 -0.078600
vn -0.460106 0.063201 0.885612
vn -0.460106 0.063201 0.885612
vn 0.326187 0.034899 0.944661
vn 0.326187 0.034899 0.944661
vn -0.424280 0.487877 0.762864
vn -0.424280 0.487877 0.762864
vn -0.424280 0.487877 0.762864
vn 0.385212 0.552817 0.738922
vn 0.385212 0.552817 0.738922
vn 0.385212 0.552817 0.738922
vn 0.224609 0.136506 0.964840
vn 0.224609 0.136506 0.964840
vn -0.327703 0.653506 0.682306
vn -0.327703 0.653506 0.682306
vn -0.327703 0.653506 0.682306
vn -0.282298 0.284098 0.916295
vn -0.282298 0.284098 0.916295
vn -0.282298 0.284098 0.916295
vn -0.093901 0.339502 0.935906
vn -0.093901 0.339502 0.935906
vn -0.211393 0.343988 0.914869
vn -0.573234 0.552133 0.605436
vn -0.573234 0.552133 0.605436
vn -0.105999 0.805893 0.582495
vn -0.105999 0.805893 0.582495
vn -0.834305 0.450203 0.318202
vn -0.834305 0.450203 0.318202
vn 0.235208 0.728924 0.642921
vn 0.235208 0.728924 0.642921
vn 0.460106 0.063201 0.885612
vn 0.460106 0.063201 0.885612
vn -0.326187 0.034899 0.944661
vn -0.326187 0.034899 0.944661
vn 0.424280 0.487877 0.762864
vn 0.424280 0.487877 0.762864
vn 0.424280 0.487877 0.762864
vn -0.385212 0.552817 0.738922
vn -0.385212 0.552817 0.738922
vn -0.385212 0.552817 0.738922
vn -0.224609 0.136506 0.964840
vn -0.224609 0.136506 0.964840
vn 0.327703 0.653506 0.682306
vn 0.327703 0.653506 0.682306
vn 0.327703 0.653506 0.682306
vn 0.282298 0.284098 0.916295
vn 0.282298 0.284098 0.916295
vn 0.282298 0.284098 0.916295
vn 0.093901 0.339502 0.935906
vn 0.093901 0.339502 0.935906
vn 0.211393 0.343988 0.914869
vn 0.573234 0.552133 0.605436
vn 0.573234 0.552133 0.605436
vn 0.105999 0.805893 0.582495
vn 0.105999 0.805893 0.582495
vn 0.834305 0.450203 0.318202
vn 0.834305 0.450203 0.318202
vn -0.235208 0.728924 0.642921
vn -0.235208 0.728924 0.642921
vn 0.001300 -0.087398 -0.996173
vn 0.001100 -0.118199 -0.992989
vn 0.314293 -0.132897 -0.939978
vn 0.389296 -0.060999 -0.919091
vn 0.001300 -0.641727 -0.766932
vn 0.001300 -0.641727 -0.766932
vn 0.297202 -0.673604 -0.676704
vn 0.297202 -0.673604 -0.676704
vn 0.283106 -0.322006 -0.903418
vn 0.001400 -0.237096 -0.971485
vn 0.207808 0.514819 -0.831731
vn 0.207808 0.514819 -0.831731
vn 0.207808 0.514819 -0.831731
vn -0.313307 -0.132803 -0.940320
vn -0.388099 -0.061000 -0.919597
vn -0.282412 -0.321714 -0.903739
vn -0.295896 -0.673891 -0.676991
vn -0.295896 -0.673891 -0.676991
vn -0.204987 0.517368 -0.830849
vn -0.204987 0.517368 -0.830849
vn 0.002100 0.492580 -0.870265
vn 0.002100 0.492580 -0.870265
vn -0.501615 0.457013 -0.734521
vn -0.501615 0.457013 -0.734521
vn 0.501615 0.457013 -0.734521
vn 0.501615 0.457013 -0.734521
vn -0.432714 -0.498417 -0.751225
vn -0.390897 -0.064199 -0.918193
vn -0.369683 -0.432880 -0.822162
vn -0.028900 -0.013100 -0.999497
vn -0.602124 0.110404 -0.790732
vn -0.602124 0.110404 -0.790732
vn -0.207701 0.410902 -0.887705
vn -0.207701 0.410902 -0.887705
vn -0.319181 0.055897 -0.946044
vn -0.188109 0.002200 -0.982146
vn 0.198293 0.553980 -0.808571
vn 0.198293 0.553980 -0.808571
vn 0.198293 0.553980 -0.808571
vn -0.107801 -0.347104 -0.931610
vn -0.107801 -0.347104 -0.931610
vn -0.107801 -0.347104 -0.931610
vn -0.724663 0.041298 -0.687865
vn -0.724663 0.041298 -0.687865
vn 0.390897 -0.064199 -0.918193
vn 0.028900 -0.013100 -0.999497
vn 0.319181 0.055897 -0.946044
vn 0.188109 0.002200 -0.982146
vn 0.602124 0.110404 -0.790732
vn 0.602124 0.110404 -0.790732
vn 0.207701 0.410902 -0.887705
vn 0.207701 0.410902 -0.887705
vn -0.198293 0.553980 -0.808571
vn -0.198293 0.553980 -0.808571
vn -0.198293 0.553980 -0.808571
vn 0.107801 -0.347104 -0.931610
vn 0.107801 -0.347104 -0.931610
vn 0.107801 -0.347104 -0.931610
vn -0.841591 0.540094 0.004800
vn -0.859470 0.504583 0.081897
vn -0.593168 0.798057 0.106094
vn -0.593168 0.798057 0.106094
vn -0.593168 0.798057 0.106094
vn -0.842923 0.534415 -0.062302
vn -0.966694 0.250598 -0.052000
vn -0.966694 0.250598 -0.052000
vn -0.966694 0.250598 -0.052000
vn -0.931687 0.342695 0.120498
vn -0.664206 0.582605 0.468404
vn -0.664206 0.582605 0.468404
vn -0.664206 0.582605 0.468404
vn -0.875288 0.454294 0.165798
vn -0.772269 0.624875 0.114595
vn -0.749024 0.662521 -0.005400
vn -0.752793 0.655294 -0.062399
vn -0.755177 0.653480 0.051698
vn -0.833247 0.494269 0.247784
vn -0.725082 0.669483 0.161396
vn -0.651825 0.756930 0.046702
vn -0.921308 0.342703 0.183702
vn -0.660091 0.746189 0.086499
vn -0.635403 0.771903 -0.020700
vn -0.647589 0.759988 -0.055199
vn -0.583724 0.794232 0.168707
vn -0.873015 0.377307 0.309005
vn -0.579800 0.811500 0.072800
vn -0.557604 0.830007 0.012900
vn -0.459820 0.884338 0.080703
vn -0.459820 0.884338 0.080703
vn -0.459275 0.888051 0.020799
vn -0.459275 0.888051 0.020799
vn -0.561278 0.826768 -0.037699
vn -0.446711 0.891022 -0.080802
vn -0.446711 0.891022 -0.080802
vn -0.432802 0.872804 0.225601
vn -0.432802 0.872804 0.225601
vn -0.964084 0.237996 0.117898
vn -0.956408 0.197302 0.215302
vn -0.898106 0.276602 0.341902
vn -0.657075 0.055598 0.751772
vn -0.657075 0.055598 0.751772
vn -0.911049 0.133107 0.390221
vn -0.792704 0.551803 0.259101
vn -0.792704 0.551803 0.259101
vn -0.792704 0.551803 0.259101
vn -0.944418 0.048801 0.325106
vn -0.650678 0.651378 0.390287
vn -0.650678 0.651378 0.390287
vn -0.650678 0.651378 0.390287
vn -0.659474 0.526579 -0.536478
vn -0.659474 0.526579 -0.536478
vn -0.659474 0.526579 -0.536478
vn -0.213898 0.327298 0.920393
vn -0.213898 0.327298 0.920393
vn -0.213898 0.327298 0.920393
vn -0.233802 0.616906 0.751507
vn -0.233802 0.616906 0.751507
vn -0.233802 0.616906 0.751507
vn 0.212190 0.955055 0.206990
vn -0.534500 0.771099 -0.346000
vn -0.534500 0.771099 -0.346000
vn 0.510111 0.573712 0.640813
vn 0.107001 0.817706 0.565604
vn 0.107001 0.817706 0.565604
vn 0.107001 0.817706 0.565604
vn -0.511279 0.156394 -0.845065
vn -0.511279 0.156394 -0.845065
vn -0.695720 0.665919 -0.269308
vn -0.695720 0.665919 -0.269308
vn -0.695720 0.665919 -0.269308
vn -0.614587 0.108998 -0.781283
vn -0.614587 0.108998 -0.781283
vn -0.771169 0.294388 -0.564477
vn -0.771169 0.294388 -0.564477
vn -0.279510 -0.187107 -0.941735
vn -0.279510 -0.187107 -0.941735
vn -0.767808 -0.259203 0.585906
vn -0.767808 -0.259203 0.585906
vn -0.767808 -0.259203 0.585906
vn -0.558693 0.443095 -0.701091
vn -0.558693 0.443095 -0.701091
vn -0.757732 -0.017601 -0.652328
vn -0.757732 -0.017601 -0.652328
vn -0.718667 -0.213490 -0.661770
vn -0.718667 -0.213490 -0.661770
vn -0.718667 -0.213490 -0.661770
vn 0.677541 0.673240 -0.296118
vn 0.677541 0.673240 -0.296118
vn 0.677541 0.673240 -0.296118
vn 0.677541 0.673240 -0.296118
vn 0.695720 0.665919 -0.269308
vn 0.695720 0.665919 -0.269308
vn 0.695720 0.665919 -0.269308
vn 0.511279 0.156394 -0.845065
vn 0.511279 0.156394 -0.845065
vn 0.614587 0.108998 -0.781283
vn 0.614587 0.108998 -0.781283
vn 0.771169 0.294388 -0.564477
vn 0.771169 0.294388 -0.564477
vn 0.279510 -0.187107 -0.941735
vn 0.279510 -0.187107 -0.941735
vn 0.767808 -0.259203 0.585906
vn 0.767808 -0.259203 0.585906
vn 0.767808 -0.259203 0.585906
vn 0.558693 0.443095 -0.701091
vn 0.558693 0.443095 -0.701091
vn 0.757732 -0.017601 -0.652328
vn 0.757732 -0.017601 -0.652328
vn 0.718667 -0.213490 -0.661770
vn 0.718667 -0.213490 -0.661770
vn 0.718667 -0.213490 -0.661770
vn -0.677541 0.673240 -0.296118
vn -0.677541 0.673240 -0.296118
vn -0.677541 0.673240 -0.296118
vn -0.677541 0.673240 -0.296118
vn 0.959876 -0.236494 0.150696
vn 0.970399 -0.241500 0.002000
vn 0.774297 -0.632198 0.028100
vn 0.774297 -0.632198 0.028100
vn 0.820990 -0.551293 0.148498
vn 0.820990 -0.551293 0.148498
vn 0.941339 -0.252211 0.224209
vn 0.903587 0.187497 0.385195
vn 0.735564 -0.621070 0.270587
vn 0.735564 -0.621070 0.270587
vn 0.656982 -0.702081 0.274693
vn 0.656982 -0.702081 0.274693
vn 0.954300 -0.264400 -0.139300
vn 0.976736 0.137205 -0.164806
vn 0.945227 -0.225806 -0.235707
vn 0.699609 -0.692409 -0.176402
vn 0.699609 -0.692409 -0.176402
vn 0.829894 -0.244698 -0.501396
vn 0.829894 -0.244698 -0.501396
vn 0.602002 -0.710702 -0.364001
vn 0.602002 -0.710702 -0.364001
vn 0.490810 -0.340407 -0.802016
vn 0.490810 -0.340407 -0.802016
vn 0.490810 -0.340407 -0.802016
vn -0.970399 -0.241500 0.002000
vn -0.959876 -0.236494 0.150696
vn -0.774297 -0.632198 0.028100
vn -0.774297 -0.632198 0.028100
vn -0.820990 -0.551293 0.148498
vn -0.820990 -0.551293 0.148498
vn -0.941339 -0.252211 0.224209
vn -0.903587 0.187497 0.385195
vn -0.735564 -0.621070 0.270587
vn -0.735564 -0.621070 0.270587
vn -0.656982 -0.702081 0.274693
vn -0.656982 -0.702081 0.274693
vn -0.954300 -0.264400 -0.139300
vn -0.976736 0.137205 -0.164806
vn -0.945227 -0.225806 -0.235707
vn -0.699609 -0.692409 -0.176402
vn -0.699609 -0.692409 -0.176402
vn -0.829894 -0.244698 -0.501396
vn -0.829894 -0.244698 -0.501396
vn -0.602002 -0.710702 -0.364001
vn -0.602002 -0.710702 -0.364001
vn -0.490810 -0.340407 -0.802016
vn -0.490810 -0.340407 -0.802016
vn -0.490810 -0.340407 -0.802016
vn 0.001000 0.308808 -0.951124
vn 0.001000 0.308808 -0.951124
vn -0.079597 -0.070097 -0.994359
vn -0.380188 0.398887 -0.834474
vn -0.380188 0.398887 -0.834474
vn -0.380188 0.398887 -0.834474
vn 0.377004 0.634006 -0.675207
vn 0.377004 0.634006 -0.675207
vn 0.091899 0.287398 -0.953392
vn 0.091899 0.287398 -0.953392
vn 0.237194 0.296292 -0.925176
vn -0.223709 0.713830 -0.663628
vn -0.223709 0.713830 -0.663628
vn -0.223709 0.713830 -0.663628
vn -0.636091 0.289396 -0.715289
vn -0.636091 0.289396 -0.715289
vn 0.530383 0.541383 -0.652379
vn 0.530383 0.541383 -0.652379
vn 0.113500 0.758002 -0.642301
vn 0.113500 0.758002 -0.642301
vn -0.172902 0.695406 -0.697506
vn -0.172902 0.695406 -0.697506
vn 0.813006 0.478603 -0.331602
vn 0.813006 0.478603 -0.331602
vn -0.001000 0.308808 -0.951124
vn -0.001000 0.308808 -0.951124
vn 0.079597 -0.070097 -0.994359
vn 0.380188 0.398887 -0.834474
vn 0.380188 0.398887 -0.834474
vn 0.380188 0.398887 -0.834474
vn -0.377004 0.634006 -0.675207
vn -0.377004 0.634006 -0.675207
vn -0.091899 0.287398 -0.953392
vn -0.091899 0.287398 -0.953392
vn -0.237194 0.296292 -0.925176
vn 0.223709 0.713830 -0.663628
vn 0.223709 0.713830 -0.663628
vn 0.223709 0.713830 -0.663628
vn 0.636091 0.289396 -0.715289
vn 0.636091 0.289396 -0.715289
vn -0.530383 0.541383 -0.652379
vn -0.530383 0.541383 -0.652379
vn -0.113500 0.758002 -0.642301
vn -0.113500 0.758002 -0.642301
vn 0.172902 0.695406 -0.697506
vn 0.172902 0.695406 -0.697506
vn -0.813006 0.478603 -0.331602
vn -0.813006 0.478603 -0.331602
vn 0.833694 0.549696 -0.052800
vn 0.810262 0.536675 -0.235489
vn 0.718889 0.666390 -0.197797
vn 0.605473 0.696169 -0.385683
vn 0.870997 0.432199 -0.233599
vn 0.561970 0.818756 -0.117594
vn 0.561970 0.818756 -0.117594
vn 0.612621 0.711825 -0.343512
vn 0.612621 0.711825 -0.343512
vn 0.718176 0.670378 -0.186594
vn 0.718176 0.670378 -0.186594
vn 0.678622 0.682422 0.271609
vn 0.678622 0.682422 0.271609
vn 0.678622 0.682422 0.271609
vn 0.857032 0.356513 0.372014
vn 0.857032 0.356513 0.372014
vn 0.857032 0.356513 0.372014
vn 0.778780 0.397490 0.485287
vn 0.778780 0.397490 0.485287
vn 0.868504 0.471802 0.152001
vn 0.868504 0.471802 0.152001
vn 0.536383 0.762876 -0.360989
vn -0.454485 0.714077 -0.532483
vn -0.454485 0.714077 -0.532483
vn 0.065200 0.996097 -0.059500
vn 0.065200 0.996097 -0.059500
vn -0.010500 0.761813 -0.647711
vn -0.010500 0.761813 -0.647711
vn -0.471216 0.473217 -0.744326
vn -0.471216 0.473217 -0.744326
vn 0.064298 0.753171 -0.654675
vn 0.064298 0.753171 -0.654675
vn 0.064298 0.753171 -0.654675
vn -0.349800 0.451400 -0.820900
vn -0.349800 0.451400 -0.820900
vn -0.349800 0.451400 -0.820900
vn 0.225800 0.677401 -0.700101
vn 0.225800 0.677401 -0.700101
vn 0.225800 0.677401 -0.700101
vn -0.020600 0.837204 -0.546503
vn -0.020600 0.837204 -0.546503
vn -0.020600 0.837204 -0.546503
vn -0.303114 0.055402 -0.951343
vn -0.303114 0.055402 -0.951343
vn -0.488172 0.867251 -0.097794
vn -0.488172 0.867251 -0.097794
vn -0.833694 0.549696 -0.052800
vn -0.718889 0.666390 -0.197797
vn -0.810262 0.536675 -0.235489
vn -0.669251 0.664552 -0.332376
vn -0.669251 0.664552 -0.332376
vn -0.870997 0.432199 -0.233599
vn -0.561970 0.818756 -0.117594
vn -0.561970 0.818756 -0.117594
vn -0.612621 0.711825 -0.343512
vn -0.612621 0.711825 -0.343512
vn -0.718176 0.670378 -0.186594
vn -0.718176 0.670378 -0.186594
vn -0.678622 0.682422 0.271609
vn -0.678622 0.682422 0.271609
vn -0.678622 0.682422 0.271609
vn -0.857032 0.356513 0.372014
vn -0.857032 0.356513 0.372014
vn -0.857032 0.356513 0.372014
vn -0.778780 0.397490 0.485287
vn -0.778780 0.397490 0.485287
vn -0.868504 0.471802 0.152001
vn -0.868504 0.471802 0.152001
vn -0.536383 0.762876 -0.360989
vn -0.065200 0.996097 -0.059500
vn -0.065200 0.996097 -0.059500
vn 0.010500 0.761813 -0.647711
vn 0.010500 0.761813 -0.647711
vn 0.471216 0.473217 -0.744326
vn 0.471216 0.473217 -0.744326
vn -0.064298 0.753171 -0.654675
vn -0.064298 0.753171 -0.654675
vn -0.064298 0.753171 -0.654675
vn 0.349800 0.451400 -0.820900
vn 0.349800 0.451400 -0.820900
vn 0.349800 0.451400 -0.820900
vn -0.225800 0.677401 -0.700101
vn -0.225800 0.677401 -0.700101
vn -0.225800 0.677401 -0.700101
vn 0.020600 0.837204 -0.546503
vn 0.020600 0.837204 -0.546503
vn 0.020600 0.837204 -0.546503
vn 0.303114 0.055402 -0.951343
vn 0.303114 0.055402 -0.951343
vn 0.488172 0.867251 -0.097794
vn 0.488172 0.867251 -0.097794
vn 0.024800 -0.013800 0.999597
vn 0.037699 0.005000 0.999277
vn -0.757367 0.186892 0.625673
vn -0.757367 0.186892 0.625673
vn -0.788997 0.000000 0.614397
vn -0.788997 0.000000 0.614397
vn -0.754207 -0.186802 0.629506
vn -0.754207 -0.186802 0.629506
vn -0.754207 -0.186802 0.629506
vn 0.009500 0.021600 0.999722
vn -0.626607 -0.396205 0.671108
vn -0.626607 -0.396205 0.671108
vn -0.481180 -0.604275 0.635073
vn -0.481180 -0.604275 0.635073
vn 0.017000 -0.026400 0.999507
vn -0.635194 0.368097 0.678994
vn -0.635194 0.368097 0.678994
vn -0.635194 0.368097 0.678994
vn -0.526403 0.518803 0.673604
vn -0.526403 0.518803 0.673604
vn -0.213908 0.603124 0.768430
vn -0.213908 0.603124 0.768430
vn -0.046000 -0.080400 0.995701
vn -0.026299 -0.067697 0.997359
vn 0.036599 0.026599 0.998976
vn -0.055697 0.050798 0.997155
vn 0.034699 -0.265192 0.963571
vn -0.230699 -0.744498 0.626498
vn -0.230699 -0.744498 0.626498
vn -0.934161 -0.259089 -0.245390
vn -0.934161 -0.259089 -0.245390
vn -0.934161 -0.259089 -0.245390
vn 0.030200 0.917104 0.397502
vn 0.030200 0.917104 0.397502
vn -0.024800 -0.013800 0.999597
vn 0.757367 0.186892 0.625673
vn 0.757367 0.186892 0.625673
vn -0.037699 0.005000 0.999277
vn 0.788997 0.000000 0.614397
vn 0.788997 0.000000 0.614397
vn 0.754207 -0.186802 0.629506
vn 0.754207 -0.186802 0.629506
vn 0.754207 -0.186802 0.629506
vn -0.009500 0.021600 0.999722
vn 0.626607 -0.396205 0.671108
vn 0.626607 -0.396205 0.671108
vn 0.481180 -0.604275 0.635073
vn 0.481180 -0.604275 0.635073
vn 0.213908 0.603124 0.768430
vn 0.213908 0.603124 0.768430
vn 0.526403 0.518803 0.673604
vn 0.526403 0.518803 0.673604
vn 0.526403 0.518803 0.673604
vn -0.017000 -0.026400 0.999507
vn 0.046000 -0.080400 0.995701
vn 0.635194 0.368097 0.678994
vn 0.635194 0.368097 0.678994
vn 0.026299 -0.067697 0.997359
vn -0.036599 0.026599 0.998976
vn 0.055697 0.050798 0.997155
vn -0.034699 -0.265192 0.963571
vn 0.230699 -0.744498 0.626498
vn 0.230699 -0.744498 0.626498
vn 0.657075 0.055598 0.751772
vn 0.657075 0.055598 0.751772
vn 0.664206 0.582605 0.468404
vn 0.664206 0.582605 0.468404
vn 0.664206 0.582605 0.468404
vn 0.650678 0.651378 0.390287
vn 0.650678 0.651378 0.390287
vn 0.650678 0.651378 0.390287
vn 0.934161 -0.259089 -0.245390
vn 0.934161 -0.259089 -0.245390
vn 0.934161 -0.259089 -0.245390
vn -0.030200 0.917104 0.397502
vn -0.030200 0.917104 0.397502
vn -0.250894 0.590586 0.766982
vn -0.250894 0.590586 0.766982
vn 0.395307 0.775414 0.492409
vn 0.395307 0.775414 0.492409
vn 0.395307 0.775414 0.492409
vn 0.250894 0.590586 0.766982
vn 0.250894 0.590586 0.766982
vn -0.395307 0.775414 0.492409
vn -0.395307 0.775414 0.492409
vn -0.395307 0.775414 0.492409
vn -0.078100 -0.315802 -0.945605
vn -0.078100 -0.315802 -0.945605
vn 0.077301 -0.308704 -0.948012
vn 0.077301 -0.308704 -0.948012
vn 0.077301 -0.308704 -0.948012
vn -0.186701 -0.388802 -0.902206
vn -0.186701 -0.388802 -0.902206
vn 0.205995 -0.392291 -0.896479
vn 0.205995 -0.392291 -0.896479
vn -0.428794 -0.346795 -0.834188
vn -0.428794 -0.346795 -0.834188
vn -0.788600 -0.296500 -0.538700
vn -0.788600 -0.296500 -0.538700
vn -0.788600 -0.296500 -0.538700
vn -0.940503 -0.234701 -0.245701
vn -0.940503 -0.234701 -0.245701
vn -0.077301 -0.308704 -0.948012
vn -0.077301 -0.308704 -0.948012
vn -0.077301 -0.308704 -0.948012
vn 0.078100 -0.315802 -0.945605
vn 0.078100 -0.315802 -0.945605
vn 0.186701 -0.388802 -0.902206
vn 0.186701 -0.388802 -0.902206
vn -0.205995 -0.392291 -0.896479
vn -0.205995 -0.392291 -0.896479
vn 0.428794 -0.346795 -0.834188
vn 0.428794 -0.346795 -0.834188
vn 0.788600 -0.296500 -0.538700
vn 0.788600 -0.296500 -0.538700
vn 0.788600 -0.296500 -0.538700
vn 0.940503 -0.234701 -0.245701
vn 0.940503 -0.234701 -0.245701
vn 0.091803 -0.737824 0.668721
vn 0.091803 -0.737824 0.668721
vn 0.376195 -0.332595 0.864788
vn 0.376195 -0.332595 0.864788
vn 0.016000 -0.251201 0.967803
vn -0.315402 -0.374802 0.871805
vn -0.315402 -0.374802 0.871805
vn -0.577906 -0.549806 0.603107
vn -0.577906 -0.549806 0.603107
vn 0.027599 -0.857775 0.513285
vn 0.027599 -0.857775 0.513285
vn -0.091803 -0.737824 0.668721
vn -0.091803 -0.737824 0.668721
vn -0.016000 -0.251201 0.967803
vn -0.376195 -0.332595 0.864788
vn -0.376195 -0.332595 0.864788
vn 0.315402 -0.374802 0.871805
vn 0.315402 -0.374802 0.871805
vn 0.577906 -0.549806 0.603107
vn 0.577906 -0.549806 0.603107
vn -0.027599 -0.857775 0.513285
vn -0.027599 -0.857775 0.513285
vn -0.124603 -0.955522 0.267306
vn 0.000500 -0.967701 0.252100
vn 0.227802 -0.891709 0.391104
vn 0.227802 -0.891709 0.391104
vn 0.125103 -0.955624 0.266707
vn 0.518390 -0.749686 0.411392
vn 0.518390 -0.749686 0.411392
vn 0.001600 -0.585826 0.810436
vn 0.360001 -0.563301 0.743701
vn 0.360001 -0.563301 0.743701
vn 0.672207 -0.606506 0.424604
vn 0.672207 -0.606506 0.424604
vn 0.627304 -0.169501 0.760105
vn 0.627304 -0.169501 0.760105
vn 0.627304 -0.169501 0.760105
vn -0.358689 -0.562982 0.744576
vn -0.672207 -0.606506 0.424604
vn -0.392503 0.429504 0.813307
vn -0.392503 0.429504 0.813307
vn 0.392503 0.429504 0.813307
vn 0.392503 0.429504 0.813307
vn 0.392503 0.429504 0.813307
vn -0.424698 0.281999 0.860296
vn -0.424698 0.281999 0.860296
vn 0.001800 0.274100 0.961700
vn 0.001800 0.274100 0.961700
vn 0.001800 0.274100 0.961700
vn -0.822513 0.266004 0.502708
vn -0.822513 0.266004 0.502708
vn -0.652573 0.628474 0.423283
vn -0.652573 0.628474 0.423283
vn -0.652573 0.628474 0.423283
vn 0.000700 -0.921788 -0.387695
vn -0.156396 -0.910079 -0.383791
vn 0.157095 -0.910171 -0.383288
vn 0.001400 -0.588385 -0.808580
vn 0.001400 -0.588385 -0.808580
vn 0.346111 -0.557718 -0.754425
vn 0.346111 -0.557718 -0.754425
vn -0.344885 -0.557475 -0.755166
vn -0.344885 -0.557475 -0.755166
vn -0.344885 -0.557475 -0.755166
vn 0.708497 -0.518998 -0.478198
vn 0.708497 -0.518998 -0.478198
vn -0.708497 -0.518998 -0.478198
vn -0.708497 -0.518998 -0.478198
vn 0.822513 0.266004 0.502708
vn 0.652573 0.628474 0.423283
vn 0.652573 0.628474 0.423283
vn 0.652573 0.628474 0.423283
vn 0.426219 0.282013 0.859538
vn 0.426219 0.282013 0.859538
vn 0.410099 0.279999 -0.867997
vn 0.410099 0.279999 -0.867997
vn 0.001600 0.275896 -0.961186
vn 0.001600 0.275896 -0.961186
vn -0.408685 0.279989 -0.868667
vn -0.408685 0.279989 -0.868667
vn -0.408685 0.279989 -0.868667
vn 0.530691 0.168797 0.830587
vn 0.420102 -0.032200 0.906905
vn 0.750804 -0.131501 0.647303
vn 0.749313 -0.252204 0.612310
vn 0.872289 -0.136698 0.469494
vn 0.603213 -0.297007 0.740217
vn 0.592609 -0.441507 0.673711
vn 0.847086 0.076699 0.525892
vn 0.847086 0.076699 0.525892
vn 0.891540 -0.154107 0.425919
vn 0.891540 -0.154107 0.425919
vn 0.416196 -0.369097 0.830992
vn 0.429783 -0.211692 0.877766
vn 0.659780 0.353389 0.663180
vn 0.659780 0.353389 0.663180
vn 0.801499 -0.174400 0.572000
vn -0.021600 0.087701 0.995913
vn 0.283291 0.541583 0.791476
vn 0.283291 0.541583 0.791476
vn -0.147709 0.622636 0.768444
vn -0.147709 0.622636 0.768444
vn -0.147709 0.622636 0.768444
vn -0.277898 -0.545796 0.790494
vn -0.277898 -0.545796 0.790494
vn -0.668783 0.740681 0.064198
vn -0.668783 0.740681 0.064198
vn -0.777673 0.585480 0.228992
vn -0.777673 0.585480 0.228992
vn -0.586721 -0.276210 0.761227
vn -0.586721 -0.276210 0.761227
vn -0.586721 -0.276210 0.761227
vn -0.264098 0.238298 0.934594
vn -0.738821 0.104703 0.665719
vn -0.738821 0.104703 0.665719
vn 0.277898 -0.545796 0.790494
vn 0.277898 -0.545796 0.790494
vn 0.777673 0.585480 0.228992
vn 0.777673 0.585480 0.228992
vn 0.668783 0.740681 0.064198
vn 0.668783 0.740681 0.064198
vn 0.668783 0.740681 0.064198
vn 0.586721 -0.276210 0.761227
vn 0.586721 -0.276210 0.761227
vn 0.586721 -0.276210 0.761227
vn 0.738821 0.104703 0.665719
vn 0.738821 0.104703 0.665719
vn 0.264098 0.238298 0.934594
vn 0.740651 -0.364325 -0.564539
vn 0.740651 -0.364325 -0.564539
vn 0.740651 -0.364325 -0.564539
vn 0.560009 0.535208 -0.632410
vn 0.659474 0.526579 -0.536478
vn 0.659474 0.526579 -0.536478
vn 0.659474 0.526579 -0.536478
vn 0.622494 0.619694 -0.477996
vn 0.622494 0.619694 -0.477996
vn 0.074001 0.769115 -0.634812
vn 0.074001 0.769115 -0.634812
vn 0.074001 0.769115 -0.634812
vn 0.001600 0.841914 -0.539609
vn -0.094296 0.835864 -0.540777
vn 0.001100 0.888654 -0.458576
vn -0.117703 0.842418 -0.525811
vn -0.206392 0.257190 -0.944063
vn -0.206392 0.257190 -0.944063
vn 0.001400 0.898881 -0.438191
vn -0.077696 0.897759 -0.433580
vn -0.134698 0.898687 -0.417394
vn -0.191599 0.861895 -0.469497
vn -0.193108 0.889736 -0.413617
vn -0.248898 0.844392 -0.474396
vn -0.249102 0.880508 -0.403304
vn -0.334600 0.829599 -0.447000
vn -0.173009 0.927949 -0.330118
vn -0.131701 0.936706 -0.324402
vn 0.001700 0.947718 -0.319106
vn -0.082101 0.942417 -0.324206
vn -0.249412 0.918842 -0.305814
vn -0.356719 0.850046 -0.387521
vn -0.316100 0.894800 -0.315300
vn -0.124402 0.963413 -0.237403
vn -0.191194 0.953669 -0.232293
vn -0.239400 0.942202 -0.234400
vn -0.278514 0.612431 -0.739837
vn -0.278514 0.612431 -0.739837
vn -0.312704 0.925912 -0.211903
vn 0.002900 0.592999 -0.805198
vn 0.002900 0.592999 -0.805198
vn 0.002900 0.592999 -0.805198
vn 0.079102 0.897622 -0.433611
vn 0.095603 0.835625 -0.540916
vn 0.083699 0.942384 -0.323894
vn 0.134698 0.898687 -0.417394
vn 0.282003 0.610505 -0.740107
vn 0.282003 0.610505 -0.740107
vn -0.238606 0.958324 -0.157104
vn -0.165901 0.978504 -0.122501
vn -0.532005 0.643106 -0.550805
vn -0.532005 0.643106 -0.550805
vn -0.641791 0.671390 -0.370595
vn -0.641791 0.671390 -0.370595
vn 0.124399 0.963390 -0.237498
vn 0.131701 0.936706 -0.324402
vn 0.117703 0.842418 -0.525811
vn 0.191194 0.953669 -0.232293
vn 0.173009 0.927949 -0.330118
vn 0.193108 0.889736 -0.413617
vn -0.724576 0.682878 -0.093097
vn -0.724576 0.682878 -0.093097
vn -0.724576 0.682878 -0.093097
vn -0.236503 0.969714 -0.061001
vn -0.302193 0.945278 -0.122997
vn -0.172599 0.984196 -0.039600
vn -0.698880 0.691880 0.181295
vn -0.698880 0.691880 0.181295
vn -0.317798 0.946993 -0.047000
vn 0.249102 0.880508 -0.403304
vn 0.191599 0.861895 -0.469497
vn 0.206392 0.257190 -0.944063
vn 0.206392 0.257190 -0.944063
vn 0.248898 0.844392 -0.474396
vn 0.249412 0.918842 -0.305814
vn 0.356719 0.850046 -0.387521
vn 0.316100 0.894800 -0.315300
vn 0.334600 0.829599 -0.447000
vn 0.312704 0.925912 -0.211903
vn 0.446711 0.891022 -0.080802
vn 0.172599 0.984196 -0.039600
vn 0.255709 0.966636 0.015101
vn 0.191107 0.981535 0.008200
vn 0.236503 0.969714 -0.061001
vn 0.311109 0.949929 0.029101
vn 0.317798 0.946993 -0.047000
vn 0.267191 0.960267 0.080597
vn 0.193204 0.977320 0.086702
vn 0.337608 0.937522 0.084102
vn 0.459275 0.888051 0.020799
vn 0.459820 0.884338 0.080703
vn 0.354593 0.900981 0.249995
vn 0.271193 0.927776 0.256293
vn 0.432802 0.872804 0.225601
vn 0.187408 0.945942 0.264712
vn 0.140101 0.986210 0.088101
vn 0.127101 0.991811 0.012500
vn 0.127993 0.954546 0.269185
vn 0.698880 0.691880 0.181295
vn 0.698880 0.691880 0.181295
vn 0.165901 0.978504 -0.122501
vn 0.537314 0.706818 0.460112
vn 0.537314 0.706818 0.460112
vn 0.537314 0.706818 0.460112
vn 0.067803 0.997540 0.017801
vn 0.078097 0.992957 0.089096
vn 0.724576 0.682878 -0.093097
vn 0.724576 0.682878 -0.093097
vn 0.724576 0.682878 -0.093097
vn 0.302193 0.945278 -0.122997
vn 0.238606 0.958324 -0.157104
vn 0.641791 0.671390 -0.370595
vn 0.641791 0.671390 -0.370595
vn 0.001100 0.997176 0.075098
vn 0.105594 0.958647 0.264285
vn 0.002300 0.965926 0.258807
vn 0.532005 0.643106 -0.550805
vn 0.532005 0.643106 -0.550805
vn -0.066900 0.997603 0.017700
vn -0.077003 0.993032 0.089203
vn -0.536892 0.706890 0.460493
vn -0.536892 0.706890 0.460493
vn -0.536892 0.706890 0.460493
vn 0.239400 0.942202 -0.234400
vn -0.127101 0.991811 0.012500
vn -0.140101 0.986210 0.088101
vn -0.103297 0.958868 0.264391
vn -0.127993 0.954546 0.269185
vn -0.191107 0.981535 0.008200
vn -0.193204 0.977320 0.086702
vn -0.187408 0.945942 0.264712
vn -0.267191 0.960267 0.080597
vn -0.271193 0.927776 0.256293
vn -0.255709 0.966636 0.015101
vn -0.311109 0.949929 0.029101
vn -0.337608 0.937522 0.084102
vn -0.354593 0.900981 0.249995
vn 0.583724 0.794232 0.168707
vn 0.583724 0.794232 0.168707
vn 0.557604 0.830007 0.012900
vn 0.561278 0.826768 -0.037699
vn 0.635403 0.771903 -0.020700
vn 0.635403 0.771903 -0.020700
vn 0.579800 0.811500 0.072800
vn 0.651825 0.756930 0.046702
vn 0.651825 0.756930 0.046702
vn 0.660091 0.746189 0.086499
vn 0.660091 0.746189 0.086499
vn 0.647589 0.759988 -0.055199
vn 0.647589 0.759988 -0.055199
vn -0.589894 0.086899 0.802791
vn -0.589894 0.086899 0.802791
vn 0.220494 0.005500 0.975373
vn -0.602321 -0.129205 0.787728
vn -0.602321 -0.129205 0.787728
vn -0.498476 -0.448178 0.742064
vn -0.498476 -0.448178 0.742064
vn -0.498476 -0.448178 0.742064
vn -0.243409 -0.673124 0.698324
vn -0.243409 -0.673124 0.698324
vn 0.098698 -0.752988 0.650590
vn 0.098698 -0.752988 0.650590
vn -0.563624 0.453319 0.690529
vn -0.563624 0.453319 0.690529
vn -0.563624 0.453319 0.690529
vn -0.214990 0.757865 0.615971
vn -0.214990 0.757865 0.615971
vn 0.201794 0.761879 0.615483
vn 0.201794 0.761879 0.615483
vn 0.512419 0.714727 0.476018
vn 0.512419 0.714727 0.476018
vn 0.512419 0.714727 0.476018
vn 0.489414 -0.667719 0.560916
vn 0.489414 -0.667719 0.560916
vn 0.816957 -0.422078 0.392979
vn 0.816957 -0.422078 0.392979
vn 0.816957 -0.422078 0.392979
vn 0.906322 0.116503 0.406210
vn 0.906322 0.116503 0.406210
vn 0.919445 -0.116006 0.375718
vn 0.919445 -0.116006 0.375718
vn 0.834998 0.431299 0.341699
vn 0.834998 0.431299 0.341699
vn 0.589894 0.086899 0.802791
vn 0.589894 0.086899 0.802791
vn 0.602321 -0.129205 0.787728
vn 0.602321 -0.129205 0.787728
vn -0.220494 0.005500 0.975373
vn 0.498476 -0.448178 0.742064
vn 0.498476 -0.448178 0.742064
vn 0.498476 -0.448178 0.742064
vn 0.243409 -0.673124 0.698324
vn 0.243409 -0.673124 0.698324
vn -0.098698 -0.752988 0.650590
vn -0.098698 -0.752988 0.650590
vn 0.563624 0.453319 0.690529
vn 0.563624 0.453319 0.690529
vn 0.563624 0.453319 0.690529
vn 0.214990 0.757865 0.615971
vn 0.214990 0.757865 0.615971
vn -0.201794 0.761879 0.615483
vn -0.201794 0.761879 0.615483
vn -0.512419 0.714727 0.476018
vn -0.512419 0.714727 0.476018
vn -0.512419 0.714727 0.476018
vn -0.489414 -0.667719 0.560916
vn -0.489414 -0.667719 0.560916
vn -0.816957 -0.422078 0.392979
vn -0.816957 -0.422078 0.392979
vn -0.816957 -0.422078 0.392979
vn -0.919445 -0.116006 0.375718
vn -0.919445 -0.116006 0.375718
vn -0.906322 0.116503 0.406210
vn -0.906322 0.116503 0.406210
vn -0.834998 0.431299 0.341699
vn -0.834998 0.431299 0.341699
vn -0.234991 -0.800269 0.551678
vn -0.234991 -0.800269 0.551678
vn -0.076600 -0.799697 0.595498
vn -0.076600 -0.799697 0.595498
vn -0.495790 -0.768385 0.404692
vn -0.495790 -0.768385 0.404692
vn -0.726218 -0.683317 0.075402
vn -0.726218 -0.683317 0.075402
vn -0.726218 -0.683317 0.075402
vn -0.000200 -0.781015 0.624512
vn -0.000200 -0.781015 0.624512
vn -0.000200 -0.781015 0.624512
vn 0.670705 0.737505 0.079001
vn 0.670705 0.737505 0.079001
vn 0.610213 0.662714 -0.434109
vn 0.610213 0.662714 -0.434109
vn 0.610213 0.662714 -0.434109
vn 0.610213 0.662714 -0.434109
vn -0.670705 0.737505 0.079001
vn -0.670705 0.737505 0.079001
vn 0.213898 0.327298 0.920393
vn 0.213898 0.327298 0.920393
vn 0.213898 0.327298 0.920393
vn -0.610213 0.662714 -0.434109
vn -0.610213 0.662714 -0.434109
vn -0.610213 0.662714 -0.434109
vn -0.610213 0.662714 -0.434109
vn 0.943572 -0.331090 -0.007200
vn 0.922517 0.022400 -0.385307
vn 0.922517 0.022400 -0.385307
vn 0.998880 0.042699 -0.020400
vn 0.998880 0.042699 -0.020400
vn 0.800564 -0.362884 -0.476878
vn 0.928820 0.071802 0.363508
vn 0.928820 0.071802 0.363508
vn 0.823291 -0.313797 0.472995
vn 0.823291 -0.313797 0.472995
vn 0.893640 0.350316 0.280512
vn 0.893640 0.350316 0.280512
vn 0.892062 0.347185 -0.289288
vn 0.892062 0.347185 -0.289288
vn 0.883142 0.468922 -0.013101
vn 0.883142 0.468922 -0.013101
vn 0.636693 0.246397 -0.730692
vn 0.636693 0.246397 -0.730692
vn 0.636693 0.246397 -0.730692
vn 0.599393 0.229697 -0.766791
vn 0.599393 0.229697 -0.766791
vn 0.599393 0.229697 -0.766791
vn 0.671296 0.386898 0.632196
vn 0.671296 0.386898 0.632196
vn 0.671296 0.386898 0.632196
vn 0.606394 0.259897 0.751492
vn 0.606394 0.259897 0.751492
vn 0.606394 0.259897 0.751492
vn -0.772053 -0.538868 -0.336980
vn -0.604081 -0.776376 -0.179794
vn -0.620605 -0.730806 -0.284202
vn -0.658181 -0.509585 -0.554184
vn -0.841429 -0.524718 -0.129104
vn -0.841429 -0.524718 -0.129104
vn -0.335515 -0.938441 -0.082204
vn -0.931242 -0.228310 -0.284013
vn -0.931242 -0.228310 -0.284013
vn -0.740651 -0.364325 -0.564539
vn -0.740651 -0.364325 -0.564539
vn 0.772053 -0.538868 -0.336980
vn 0.620605 -0.730806 -0.284202
vn 0.604081 -0.776376 -0.179794
vn 0.658181 -0.509585 -0.554184
vn 0.841429 -0.524718 -0.129104
vn 0.335515 -0.938441 -0.082204
vn 0.931242 -0.228310 -0.284013
vn 0.931242 -0.228310 -0.284013
vn -0.292093 0.806280 -0.514387
vn -0.292093 0.806280 -0.514387
vn -0.292093 0.806280 -0.514387
vn -0.487512 0.818221 -0.304708
vn -0.487512 0.818221 -0.304708
vn -0.481993 -0.032100 -0.875587
vn -0.481993 -0.032100 -0.875587
vn 0.001100 -0.228108 -0.973635
vn 0.001100 -0.228108 -0.973635
vn 0.001100 -0.228108 -0.973635
vn 0.001100 -0.228108 -0.973635
vn 0.292815 0.806440 -0.513726
vn 0.292815 0.806440 -0.513726
vn 0.292815 0.806440 -0.513726
vn 0.487411 0.818318 -0.304607
vn 0.487411 0.818318 -0.304607
vn 0.234991 -0.800269 0.551678
vn 0.234991 -0.800269 0.551678
vn 0.081102 -0.795115 0.601011
vn 0.081102 -0.795115 0.601011
vn 0.495790 -0.768385 0.404692
vn 0.495790 -0.768385 0.404692
vn 0.726218 -0.683317 0.075402
vn 0.726218 -0.683317 0.075402
vn 0.726218 -0.683317 0.075402
vn -0.508097 0.851094 0.132199
vn -0.749273 0.630577 -0.202393
vn -0.749273 0.630577 -0.202393
vn -0.874184 0.471091 -0.117798
vn -0.874184 0.471091 -0.117798
vn 0.065201 0.979010 0.193102
vn -0.065201 0.979010 0.193102
vn 0.593168 0.798057 0.106094
vn 0.593168 0.798057 0.106094
vn 0.593168 0.798057 0.106094
vn 0.593168 0.798057 0.106094
vn 0.508097 0.851094 0.132199
vn 0.508097 0.851094 0.132199
vn 0.610692 0.084099 0.787390
vn 0.610692 0.084099 0.787390
vn -0.040502 0.555629 0.830443
vn -0.040502 0.555629 0.830443
vn -0.040502 0.555629 0.830443
vn 0.903687 -0.092899 0.417994
vn 0.903687 -0.092899 0.417994
vn 0.903687 -0.092899 0.417994
vn 0.040502 0.555629 0.830443
vn 0.040502 0.555629 0.830443
vn 0.040502 0.555629 0.830443
vn -0.621601 0.092100 0.777901
vn -0.621601 0.092100 0.777901
vn -0.927921 -0.075702 0.365008
vn -0.927921 -0.075702 0.365008
vn -0.927921 -0.075702 0.365008
vn -0.582813 0.768318 0.264606
vn 0.582879 0.768273 0.264591
vn 0.000100 0.995869 -0.090797
vn 0.000300 0.999675 0.025499
vn 0.001000 0.675480 -0.737378
vn 0.001000 0.675480 -0.737378
vn 0.000100 0.990404 -0.138201
vn 0.005000 0.724673 0.689075
vn 0.005000 0.724673 0.689075
vn 0.005600 -0.768193 0.640194
vn 0.005600 -0.768193 0.640194
vn -0.659000 0.446600 0.605200
vn -0.659000 0.446600 0.605200
vn -0.659000 0.446600 0.605200
vn -0.587918 -0.599118 0.543516
vn -0.587918 -0.599118 0.543516
vn -0.587918 -0.599118 0.543516
vn 0.661487 0.441692 0.606088
vn 0.661487 0.441692 0.606088
vn 0.661487 0.441692 0.606088
vn 0.591906 -0.593906 0.544906
vn 0.591906 -0.593906 0.544906
vn 0.591906 -0.593906 0.544906
vn -0.193497 -0.015200 0.980983
vn -0.599393 0.229697 -0.766791
vn -0.599393 0.229697 -0.766791
vn -0.599393 0.229697 -0.766791
vn -0.636693 0.246397 -0.730692
vn -0.636693 0.246397 -0.730692
vn -0.636693 0.246397 -0.730692
vn -0.231011 0.534724 -0.812837
vn -0.231011 0.534724 -0.812837
vn -0.224710 0.525725 -0.820438
vn -0.224710 0.525725 -0.820438
vn 0.231011 0.534724 -0.812837
vn 0.231011 0.534724 -0.812837
vn 0.224710 0.525725 -0.820438
vn 0.224710 0.525725 -0.820438
vn 0.237795 0.578187 0.780483
vn 0.237795 0.578187 0.780483
vn 0.293483 0.573467 0.764855
vn 0.293483 0.573467 0.764855
vn -0.037402 0.796237 0.603828
vn -0.037402 0.796237 0.603828
vn 0.966694 0.250598 -0.052000
vn 0.966694 0.250598 -0.052000
vn 0.966694 0.250598 -0.052000
vn 0.842923 0.534415 -0.062302
vn 0.842923 0.534415 -0.062302
vn 0.752793 0.655294 -0.062399
vn 0.749024 0.662521 -0.005400
vn 0.841591 0.540094 0.004800
vn 0.841591 0.540094 0.004800
vn 0.755177 0.653480 0.051698
vn 0.859470 0.504583 0.081897
vn 0.931687 0.342695 0.120498
vn 0.875288 0.454294 0.165798
vn 0.921308 0.342703 0.183702
vn 0.964084 0.237996 0.117898
vn 0.956408 0.197302 0.215302
vn 0.792704 0.551803 0.259101
vn 0.792704 0.551803 0.259101
vn 0.792704 0.551803 0.259101
vn 0.873015 0.377307 0.309005
vn 0.898106 0.276602 0.341902
vn 0.833247 0.494269 0.247784
vn 0.772269 0.624875 0.114595
vn 0.911049 0.133107 0.390221
vn 0.944418 0.048801 0.325106
vn 0.725082 0.669483 0.161396
vn 0.874184 0.471091 -0.117798
vn 0.842909 0.414304 -0.343304
vn 0.937960 0.196792 -0.285488
vn 0.749273 0.630577 -0.202393
vn 0.974908 0.001500 -0.222602
vn -0.228006 -0.916424 -0.328909
vn -0.228006 -0.916424 -0.328909
vn -0.347986 -0.863365 -0.365385
vn -0.347986 -0.863365 -0.365385
vn -0.508881 -0.837569 -0.198793
vn -0.508881 -0.837569 -0.198793
vn 0.003500 -0.891036 -0.453919
vn 0.003500 -0.891036 -0.453919
vn 0.003500 -0.891036 -0.453919
vn -0.074001 0.769115 -0.634812
vn -0.074001 0.769115 -0.634812
vn 0.004500 0.654901 0.755701
vn 0.004500 0.654901 0.755701
vn -0.535495 0.837592 0.108099
vn -0.790000 0.613000 -0.011500
vn -0.520796 0.832993 -0.186799
vn -0.196599 0.979994 -0.031000
vn -0.201004 0.959720 -0.196304
vn -0.197500 0.975601 0.095900
vn 0.281701 0.940704 0.189001
vn 0.295988 0.954760 -0.028699
vn 0.253389 0.935959 -0.244489
vn 0.414891 0.874481 0.251294
vn 0.245296 0.968883 -0.033099
vn -0.106504 0.938336 0.328912
vn -0.106504 0.938336 0.328912
vn 0.512287 0.858779 -0.007800
vn 0.388499 0.859097 -0.333199
vn 0.159702 0.885710 -0.435905
vn 0.056300 0.994295 -0.090600
vn -0.446023 0.841444 -0.305016
vn -0.446023 0.841444 -0.305016
vn 0.138200 0.928000 -0.346000
vn -0.843203 0.532602 0.073100
vn -0.843203 0.532602 0.073100
vn 0.535495 0.837592 0.108099
vn 0.520796 0.832993 -0.186799
vn 0.790000 0.613000 -0.011500
vn 0.196599 0.979994 -0.031000
vn 0.201004 0.959720 -0.196304
vn 0.197500 0.975601 0.095900
vn -0.281701 0.940704 0.189001
vn -0.295988 0.954760 -0.028699
vn -0.253389 0.935959 -0.244489
vn -0.414891 0.874481 0.251294
vn 0.106504 0.938336 0.328912
vn 0.106504 0.938336 0.328912
vn -0.245296 0.968883 -0.033099
vn -0.512287 0.858779 -0.007800
vn -0.388499 0.859097 -0.333199
vn -0.159702 0.885710 -0.435905
vn -0.056300 0.994295 -0.090600
vn 0.446023 0.841444 -0.305016
vn 0.446023 0.841444 -0.305016
vn -0.138200 0.928000 -0.346000
vn 0.843203 0.532602 0.073100
vn 0.843203 0.532602 0.073100
vn 0.554712 0.831719 -0.023201
vn 0.523617 0.851927 -0.006800
vn 0.547967 0.835150 -0.047497
vn 0.584686 0.785581 -0.202495
vn 0.496092 0.851585 -0.169397
vn 0.545476 0.838063 -0.010300
vn 0.595500 0.780000 0.192300
vn 0.573486 0.817480 0.053299
vn 0.524306 0.827709 0.200002
vn -0.106603 0.790725 0.602819
vn -0.106603 0.790725 0.602819
vn -0.106603 0.790725 0.602819
vn 0.229694 -0.909877 -0.345491
vn 0.229694 -0.909877 -0.345491
vn 0.347986 -0.863365 -0.365385
vn 0.347986 -0.863365 -0.365385
vn 0.508881 -0.837569 -0.198793
vn 0.508881 -0.837569 -0.198793
vn -0.009200 -0.627530 0.778538
vn -0.009200 -0.627530 0.778538
vn -0.009200 -0.627530 0.778538
vn 0.276713 -0.598728 0.751635
vn 0.276713 -0.598728 0.751635
vn -0.284004 -0.591909 0.754311
vn -0.284004 -0.591909 0.754311
vn -0.562626 -0.369717 0.739434
vn -0.562626 -0.369717 0.739434
vn 0.562626 -0.369717 0.739434
vn 0.562626 -0.369717 0.739434
vn -0.807902 0.199000 -0.554701
vn -0.434404 0.091001 -0.896109
vn -0.434404 0.091001 -0.896109
vn 0.001400 -0.526912 -0.849919
vn -0.361706 -0.530108 -0.766912
vn 0.001900 0.077300 -0.997006
vn 0.001900 0.077300 -0.997006
vn -0.974908 0.001500 -0.222602
vn -0.937960 0.196792 -0.285488
vn -0.842909 0.414304 -0.343304
vn -0.663994 0.569795 -0.484196
vn -0.909264 0.377785 0.174693
vn 0.663994 0.569795 -0.484196
vn 0.909264 0.377785 0.174693
vn -0.239314 -0.799846 -0.550432
vn -0.256107 -0.629918 -0.733221
vn 0.003500 -0.755797 -0.654797
vn 0.003500 -0.755797 -0.654797
vn 0.004900 -0.575199 -0.817999
vn 0.004900 -0.575199 -0.817999
vn -0.584385 -0.695782 -0.417589
vn -0.584385 -0.695782 -0.417589
vn -0.322006 -0.361707 -0.874917
vn 0.012699 -0.319081 -0.947643
vn 0.376796 -0.398296 -0.836292
vn 0.376796 -0.398296 -0.836292
vn 0.413297 -0.587296 -0.695895
vn 0.413297 -0.587296 -0.695895
vn 0.021300 -0.741602 -0.670502
vn 0.021300 -0.741602 -0.670502
vn 0.239314 -0.799846 -0.550432
vn -0.003500 -0.755797 -0.654797
vn -0.003500 -0.755797 -0.654797
vn 0.256107 -0.629918 -0.733221
vn -0.004900 -0.575199 -0.817999
vn -0.004900 -0.575199 -0.817999
vn 0.584385 -0.695782 -0.417589
vn 0.584385 -0.695782 -0.417589
vn -0.012699 -0.319081 -0.947643
vn 0.322006 -0.361707 -0.874917
vn -0.376796 -0.398296 -0.836292
vn -0.376796 -0.398296 -0.836292
vn -0.413297 -0.587296 -0.695895
vn -0.413297 -0.587296 -0.695895
vn -0.021300 -0.741602 -0.670502
vn -0.021300 -0.741602 -0.670502
vn 0.275799 -0.801498 -0.530599
vn -0.275799 -0.801498 -0.530599
vn -0.006700 -0.476479 0.879161
vn -0.006700 -0.476479 0.879161
vn -0.006700 -0.476479 0.879161
vn 0.248798 -0.489096 0.835993
vn 0.248798 -0.489096 0.835993
vn -0.360911 0.598618 0.715122
vn -0.360911 0.598618 0.715122
vn 0.009000 0.692277 0.721576
vn 0.009000 0.692277 0.721576
vn 0.009000 0.692277 0.721576
vn 0.367208 0.592613 0.716916
vn 0.367208 0.592613 0.716916
vn -0.257201 -0.489001 0.833502
vn -0.257201 -0.489001 0.833502
vn 0.675376 0.288090 0.678876
vn 0.675376 0.288090 0.678876
vn -0.429316 -0.282210 0.857931
vn -0.429316 -0.282210 0.857931
vn 0.512607 -0.588408 0.625308
vn 0.512607 -0.588408 0.625308
vn 0.512607 -0.588408 0.625308
vn -0.424706 -0.643010 0.637309
vn -0.424706 -0.643010 0.637309
vn 0.429316 -0.282210 0.857931
vn 0.429316 -0.282210 0.857931
vn 0.424706 -0.643010 0.637309
vn 0.424706 -0.643010 0.637309
vn -0.512607 -0.588408 0.625308
vn -0.512607 -0.588408 0.625308
vn -0.512607 -0.588408 0.625308
vn -0.675376 0.288090 0.678876
vn -0.675376 0.288090 0.678876
vn -0.922517 0.022400 -0.385307
vn -0.922517 0.022400 -0.385307
vn -0.998880 0.042699 -0.020400
vn -0.998880 0.042699 -0.020400
vn -0.928820 0.071802 0.363508
vn -0.928820 0.071802 0.363508
vn -0.671296 0.386898 0.632196
vn -0.671296 0.386898 0.632196
vn -0.671296 0.386898 0.632196
vn -0.283291 0.541583 0.791476
vn -0.283291 0.541583 0.791476
vn -0.293483 0.573467 0.764855
vn -0.293483 0.573467 0.764855
vn 0.147709 0.622636 0.768444
vn 0.147709 0.622636 0.768444
vn 0.147709 0.622636 0.768444
vn 0.259412 -0.965343 -0.028601
vn 0.227204 -0.814313 0.534109
vn -0.017300 -0.866199 0.499400
vn -0.039399 -0.850076 0.525185
vn 0.149807 -0.920840 0.360016
vn 0.409498 -0.816196 0.407598
vn 0.139994 -0.979860 0.142394
vn 0.007600 -0.977866 0.209093
vn -0.069702 -0.987134 0.143905
vn -0.056100 -0.952194 0.300298
vn -0.148299 -0.981793 0.118699
vn -0.116101 -0.973706 0.196001
vn -0.438698 -0.809596 0.389998
vn -0.747790 -0.622492 0.230897
vn -0.222298 -0.805791 0.548894
vn 0.204503 -0.802711 0.560208
vn -0.231088 -0.799058 0.555071
vn 0.445103 -0.765706 0.464303
vn 0.363893 -0.923782 0.119198
vn -0.523982 -0.713475 0.465184
vn -0.955495 -0.207299 0.209899
vn -0.965989 -0.226197 0.125299
vn -0.807290 -0.571193 0.148398
vn -0.755705 -0.654604 -0.020100
vn -0.972766 -0.225292 -0.054498
vn -0.959339 -0.232109 -0.160607
vn -0.719874 -0.665976 -0.195593
vn -0.260491 -0.965265 -0.020199
vn -0.710230 -0.660328 0.244010
vn -0.396885 -0.901265 -0.173793
vn -0.456601 -0.853501 0.251100
vn -0.213304 -0.970920 0.108702
vn -0.032399 -0.994277 0.101798
vn 0.229408 -0.972335 0.044002
vn -0.259412 -0.965343 -0.028601
vn -0.227204 -0.814313 0.534109
vn 0.039399 -0.850076 0.525185
vn 0.017300 -0.866199 0.499400
vn -0.149807 -0.920840 0.360016
vn -0.409498 -0.816196 0.407598
vn -0.139994 -0.979860 0.142394
vn -0.007600 -0.977866 0.209093
vn 0.069702 -0.987134 0.143905
vn 0.056100 -0.952194 0.300298
vn 0.148299 -0.981793 0.118699
vn 0.116101 -0.973706 0.196001
vn 0.438698 -0.809596 0.389998
vn 0.747790 -0.622492 0.230897
vn 0.222298 -0.805791 0.548894
vn -0.204503 -0.802711 0.560208
vn 0.231088 -0.799058 0.555071
vn -0.445103 -0.765706 0.464303
vn -0.363893 -0.923782 0.119198
vn 0.523982 -0.713475 0.465184
vn 0.955495 -0.207299 0.209899
vn 0.965989 -0.226197 0.125299
vn 0.755705 -0.654604 -0.020100
vn 0.807290 -0.571193 0.148398
vn 0.972766 -0.225292 -0.054498
vn 0.959339 -0.232109 -0.160607
vn 0.719874 -0.665976 -0.195593
vn 0.260491 -0.965265 -0.020199
vn 0.710230 -0.660328 0.244010
vn 0.396885 -0.901265 -0.173793
vn 0.456601 -0.853501 0.251100
vn 0.213304 -0.970920 0.108702
vn 0.032399 -0.994277 0.101798
vn -0.229408 -0.972335 0.044002
vn -0.606394 0.259897 0.751492
vn -0.606394 0.259897 0.751492
vn -0.606394 0.259897 0.751492
vn -0.823291 -0.313797 0.472995
vn -0.893640 0.350316 0.280512
vn -0.893640 0.350316 0.280512
vn -0.943572 -0.331090 -0.007200
vn -0.800564 -0.362884 -0.476878
vn -0.892062 0.347185 -0.289288
vn -0.892062 0.347185 -0.289288
vn -0.883142 0.468922 -0.013101
vn -0.883142 0.468922 -0.013101
vn -0.515507 0.707510 -0.483407
vn -0.227708 -0.103304 -0.968234
vn -0.227708 -0.103304 -0.968234
vn -0.236708 0.779527 -0.579920
vn 0.001700 0.797894 -0.602795
vn 0.238287 0.779457 -0.579368
vn 0.238287 0.779457 -0.579368
vn 0.001500 -0.092798 -0.995684
vn 0.001500 -0.092798 -0.995684
vn 0.786608 0.271403 -0.554606
vn 0.515507 0.707510 -0.483407
vn -0.991101 0.120100 -0.057400
vn -0.991101 0.120100 -0.057400
vn -0.991101 0.120100 -0.057400
vn -0.991101 0.120100 -0.057400
vn -0.132106 0.773136 0.620329
vn -0.132106 0.773136 0.620329
vn -0.132106 0.773136 0.620329
vn -0.132106 0.773136 0.620329
vn -0.622494 0.619694 -0.477996
vn -0.560009 0.535208 -0.632410
vn 0.645930 -0.763235 0.015701
vn 0.470598 -0.847997 -0.243799
vn 0.588601 -0.739602 0.326401
vn 0.373613 -0.787527 0.490117
vn -0.474203 -0.848306 -0.235602
vn -0.645930 -0.763235 0.015701
vn -0.588601 -0.739602 0.326401
vn -0.375306 -0.787412 0.489007
vn -0.004000 -0.779358 0.626566
vn -0.000900 -0.994598 0.103800
vn -0.135702 -0.774611 -0.617708
vn 0.001300 -0.748423 -0.663220
vn 0.037402 0.796237 0.603828
vn 0.037402 0.796237 0.603828
vn -0.524306 0.827709 0.200002
vn -0.237795 0.578187 0.780483
vn -0.237795 0.578187 0.780483
vn -0.573486 0.817480 0.053299
vn -0.545476 0.838063 -0.010300
vn -0.595500 0.780000 0.192300
vn -0.523617 0.851927 -0.006800
vn -0.554712 0.831719 -0.023201
vn -0.584686 0.785581 -0.202495
vn -0.547967 0.835150 -0.047497
vn -0.496092 0.851585 -0.169397
vn 0.021600 0.087701 0.995913

f 431/431 434/434 432/432
f 431/431 442/442 434/434
f 431/431 432/432 433/433
f 431/431 433/433 435/435
f 431/431 435/435 436/436
f 431/431 436/436 442/442
f 434/434 444/444 432/432
f 434/434 442/442 443/443
f 434/434 443/443 444/444
f 432/432 446/446 433/433
f 432/432 444/444 445/445
f 432/432 445/445 446/446
f 433/433 438/438 435/435
f 433/433 440/440 438/438
f 433/433 446/446 440/440
f 494/494 495/495 496/496
f 494/494 509/509 495/495
f 494/494 496/496 498/498
f 494/494 498/498 499/499
f 494/494 499/499 501/501
f 494/494 501/501 509/509
f 495/495 497/497 496/496
f 495/495 507/507 497/497
f 495/495 509/509 508/508
f 495/495 508/508 507/507
f 497/497 505/505 496/496
f 497/497 507/507 506/506
f 497/497 506/506 505/505
f 496/496 504/504 498/498
f 496/496 505/505 504/504
f 435/435 438/438 437/437
f 435/435 437/437 436/436
f 438/438 439/439 437/437
f 438/438 440/440 439/439
f 499/499 498/498 503/503
f 499/499 502/502 501/501
f 499/499 503/503 502/502
f 498/498 504/504 503/503
f 442/442 436/436 467/467
f 442/442 477/477 443/443
f 442/442 467/467 480/480
f 442/442 480/480 477/477
f 436/436 437/437 452/452
f 436/436 452/452 491/491
f 436/436 489/489 467/467
f 436/436 491/491 489/489
f 443/443 450/450 444/444
f 443/443 459/459 450/450
f 443/443 482/482 459/459
f 443/443 477/477 482/482
f 437/437 439/439 473/473
f 437/437 475/475 452/452
f 437/437 473/473 475/475
f 444/444 448/448 445/445
f 444/444 450/450 461/461
f 444/444 461/461 463/463
f 444/444 463/463 448/448
f 439/439 440/440 456/456
f 439/439 456/456 473/473
f 445/445 487/487 446/446
f 445/445 448/448 454/454
f 445/445 454/454 484/484
f 445/445 484/484 487/487
f 440/440 446/446 465/465
f 441/441 1701/1701 457/457
f 441/441 472/472 1701/1701
f 440/440 465/465 471/471
f 447/447 488/488 1707/1707
f 447/447 1707/1707 470/470
f 446/446 469/469 465/465
f 509/509 550/550 508/508
f 509/509 501/501 529/529
f 509/509 529/529 532/532
f 510/510 533/533 1731/1731
f 510/510 1731/1731 551/551
f 508/508 512/512 507/507
f 508/508 518/518 512/512
f 508/508 548/548 518/518
f 508/508 550/550 548/548
f 501/501 502/502 521/521
f 500/500 520/520 1725/1725
f 501/501 535/535 529/529
f 500/500 1725/1725 534/534
f 502/502 503/503 537/537
f 502/502 537/537 521/521
f 507/507 514/514 506/506
f 507/507 512/512 527/527
f 507/507 527/527 525/525
f 507/507 525/525 514/514
f 503/503 504/504 516/516
f 503/503 539/539 537/537
f 503/503 516/516 539/539
f 506/506 542/542 505/505
f 506/506 514/514 523/523
f 506/506 523/523 546/546
f 506/506 546/546 542/542
f 505/505 531/531 504/504
f 505/505 542/542 544/544
f 505/505 544/544 531/531
f 504/504 556/556 516/516
f 504/504 553/553 556/556
f 504/504 531/531 553/553
f 453/453 476/476 1391/1391
f 453/453 1391/1391 493/493
f 460/460 1976/1976 451/451
f 460/460 483/483 1976/1976
f 451/451 1972/1972 462/462
f 451/451 1976/1976 1972/1972
f 476/476 474/474 1381/1381
f 476/476 1381/1381 1391/1391
f 462/462 1969/1969 464/464
f 462/462 1972/1972 1967/1967
f 462/462 1967/1967 1969/1969
f 474/474 458/458 1387/1387
f 474/474 1387/1387 1381/1381
f 464/464 1974/1974 449/449
f 464/464 1969/1969 1974/1974
f 449/449 1715/1715 455/455
f 449/449 1974/1974 1715/1715
f 457/457 1701/1701 1386/1386
f 455/455 1715/1715 485/485
f 517/517 1739/1739 511/511
f 517/517 547/547 1739/1739
f 519/519 536/536 1403/1403
f 520/520 1404/1404 1725/1725
f 511/511 1990/1990 526/526
f 511/511 1739/1739 1990/1990
f 526/526 1983/1983 524/524
f 526/526 1990/1990 1983/1983
f 536/536 538/538 1398/1398
f 536/536 1398/1398 1403/1403
f 524/524 1988/1988 513/513
f 524/524 1983/1983 1986/1986
f 524/524 1986/1986 1988/1988
f 538/538 515/515 1408/1408
f 538/538 1408/1408 1398/1398
f 513/513 1992/1992 522/522
f 513/513 1988/1988 1992/1992
f 522/522 1992/1992 545/545
f 515/515 555/555 1408/1408
f 468/468 490/490 2752/2752
f 468/468 2753/2753 481/481
f 468/468 2752/2752 2753/2753
f 490/490 492/492 1394/1394
f 490/490 1394/1394 2748/2748
f 490/490 2748/2748 2749/2749
f 490/490 2749/2749 2752/2752
f 481/481 1982/1982 479/479
f 481/481 2753/2753 1982/1982
f 478/478 1978/1978 483/483
f 478/478 1981/1981 1978/1978
f 493/493 1391/1391 1395/1395
f 483/483 1978/1978 1976/1976
f 486/486 1712/1712 488/488
f 485/485 1715/1715 1711/1711
f 1701/1701 472/472 1700/1700
f 1701/1701 1396/1396 1386/1386
f 1701/1701 1700/1700 1396/1396
f 488/488 1708/1708 1707/1707
f 488/488 1712/1712 1708/1708
f 1707/1707 1706/1706 470/470
f 1707/1707 1708/1708 1706/1706
f 472/472 466/466 1694/1694
f 472/472 1694/1694 1700/1700
f 466/466 470/470 1695/1695
f 466/466 1695/1695 1694/1694
f 470/470 1706/1706 1695/1695
f 533/533 528/528 1718/1718
f 533/533 1730/1730 1731/1731
f 533/533 1718/1718 1730/1730
f 528/528 534/534 1719/1719
f 528/528 1719/1719 1718/1718
f 534/534 1725/1725 1724/1724
f 534/534 1724/1724 1719/1719
f 1731/1731 1732/1732 551/551
f 1731/1731 1730/1730 1732/1732
f 551/551 1736/1736 549/549
f 551/551 1732/1732 1736/1736
f 547/547 1735/1735 1739/1739
f 1725/1725 1404/1404 1414/1414
f 1725/1725 1414/1414 1724/1724
f 545/545 1995/1995 541/541
f 545/545 1992/1992 1995/1995
f 540/540 1997/1997 543/543
f 541/541 1995/1995 1998/1998
f 554/554 552/552 1411/1411
f 555/555 1412/1412 1408/1408
f 543/543 2787/2787 530/530
f 543/543 1997/1997 2787/2787
f 552/552 530/530 2786/2786
f 552/552 2782/2782 1411/1411
f 552/552 2783/2783 2782/2782
f 552/552 2786/2786 2783/2783
f 530/530 2787/2787 2786/2786
f 1391/1391 1393/1393 1395/1395
f 1391/1391 1381/1381 1385/1385
f 1391/1391 1385/1385 1393/1393
f 1387/1387 1383/1383 1381/1381
f 1387/1387 1397/1397 1390/1390
f 1387/1387 1390/1390 1383/1383
f 1403/1403 1406/1406 1413/1413
f 1403/1403 1398/1398 1402/1402
f 1403/1403 1402/1402 1406/1406
f 1408/1408 1400/1400 1398/1398
f 1408/1408 1412/1412 1410/1410
f 1408/1408 1410/1410 1400/1400
f 1394/1394 2741/2741 2748/2748
f 1394/1394 1392/1392 2741/2741
f 1381/1381 1383/1383 1385/1385
f 1396/1396 1700/1700 1704/1704
f 1396/1396 1704/1704 1388/1388
f 1414/1414 1729/1729 1724/1724
f 1414/1414 1407/1407 1729/1729
f 1398/1398 1400/1400 1402/1402
f 1411/1411 2782/2782 2775/2775
f 1411/1411 2775/2775 1409/1409
f 2748/2748 2750/2750 2749/2749
f 2748/2748 2741/2741 2750/2750
f 1700/1700 1694/1694 1698/1698
f 1700/1700 1702/1702 1704/1704
f 1700/1700 1698/1698 1702/1702
f 1724/1724 1723/1723 1719/1719
f 1724/1724 1729/1729 1727/1727
f 1724/1724 1727/1727 1723/1723
f 2782/2782 2783/2783 2785/2785
f 2782/2782 2785/2785 2775/2775
f 2752/2752 2749/2749 2751/2751
f 2752/2752 2751/2751 2753/2753
f 2749/2749 2750/2750 2751/2751
f 2753/2753 2754/2754 1982/1982
f 2753/2753 2751/2751 2754/2754
f 1982/1982 2652/2652 1979/1979
f 1982/1982 2754/2754 2652/2652
f 1980/1980 2653/2653 1977/1977
f 1712/1712 1713/1713 1708/1708
f 1712/1712 1716/1716 1713/1713
f 1708/1708 1709/1709 1706/1706
f 1708/1708 1713/1713 1709/1709
f 1706/1706 1696/1696 1695/1695
f 1706/1706 1709/1709 1696/1696
f 1694/1694 1695/1695 1696/1696
f 1694/1694 1696/1696 1698/1698
f 1718/1718 1721/1721 1730/1730
f 1718/1718 1719/1719 1721/1721
f 1730/1730 1733/1733 1732/1732
f 1730/1730 1721/1721 1733/1733
f 1719/1719 1723/1723 1721/1721
f 1732/1732 1737/1737 1736/1736
f 1732/1732 1733/1733 1737/1737
f 1736/1736 1737/1737 1740/1740
f 1994/1994 2668/2668 1997/1997
f 1996/1996 1993/1993 2669/2669
f 1997/1997 2788/2788 2787/2787
f 1997/1997 2668/2668 2788/2788
f 2787/2787 2784/2784 2786/2786
f 2787/2787 2788/2788 2784/2784
f 2783/2783 2786/2786 2784/2784
f 2783/2783 2784/2784 2785/2785
f 1392/1392 1384/1384 2736/2736
f 1392/1392 2738/2738 2741/2741
f 1392/1392 2736/2736 2738/2738
f 1977/1977 2646/2646 1973/1973
f 1977/1977 2653/2653 2646/2646
f 1973/1973 2648/2648 1968/1968
f 1973/1973 2646/2646 2648/2648
f 1384/1384 1382/1382 2735/2735
f 1384/1384 2735/2735 2736/2736
f 1968/1968 2648/2648 1970/1970
f 1382/1382 1389/1389 2735/2735
f 1971/1971 2649/2649 1975/1975
f 1975/1975 2678/2678 1717/1717
f 1975/1975 2649/2649 2678/2678
f 1389/1389 1705/1705 2734/2734
f 1389/1389 2734/2734 2735/2735
f 1717/1717 2678/2678 1714/1714
f 1741/1741 2679/2679 1991/1991
f 1741/1741 1738/1738 2679/2679
f 1405/1405 1401/1401 2769/2769
f 1405/1405 2768/2768 1728/1728
f 1405/1405 2769/2769 2768/2768
f 1991/1991 2664/2664 1985/1985
f 1991/1991 2679/2679 2664/2664
f 1984/1984 2663/2663 1987/1987
f 1401/1401 1399/1399 2769/2769
f 1987/1987 2663/2663 1989/1989
f 1399/1399 1409/1409 2770/2770
f 1399/1399 2770/2770 2769/2769
f 1989/1989 2662/2662 1993/1993
f 1989/1989 2663/2663 2662/2662
f 1993/1993 2662/2662 2669/2669
f 1409/1409 2772/2772 2770/2770
f 1409/1409 2775/2775 2772/2772
f 2738/2738 2740/2740 2741/2741
f 2738/2738 2736/2736 2739/2739
f 2738/2738 2739/2739 2740/2740
f 2734/2734 1705/1705 2733/2733
f 2734/2734 2732/2732 2735/2735
f 2734/2734 2733/2733 2732/2732
f 2768/2768 2767/2767 1728/1728
f 2768/2768 2769/2769 2766/2766
f 2768/2768 2766/2766 2767/2767
f 2772/2772 2773/2773 2770/2770
f 2772/2772 2774/2774 2773/2773
f 2772/2772 2775/2775 2774/2774
f 2741/2741 2756/2756 2750/2750
f 2741/2741 2740/2740 2747/2747
f 2741/2741 2747/2747 2756/2756
f 2739/2739 2736/2736 2737/2737
f 2739/2739 2737/2737 2742/2742
f 2739/2739 2742/2742 2740/2740
f 2736/2736 2735/2735 2737/2737
f 1705/1705 2745/2745 2733/2733
f 1705/1705 1703/1703 2745/2745
f 1728/1728 2767/2767 2779/2779
f 1728/1728 2779/2779 1726/1726
f 2770/2770 2773/2773 2771/2771
f 2770/2770 2771/2771 2769/2769
f 2773/2773 2776/2776 2771/2771
f 2773/2773 2774/2774 2776/2776
f 2775/2775 2781/2781 2774/2774
f 2775/2775 2785/2785 2790/2790
f 2775/2775 2790/2790 2781/2781
f 2737/2737 2735/2735 2732/2732
f 2737/2737 2732/2732 2731/2731
f 2737/2737 2731/2731 2742/2742
f 2732/2732 2733/2733 2729/2729
f 2732/2732 2729/2729 2731/2731
f 2766/2766 2769/2769 2771/2771
f 2766/2766 2771/2771 2764/2764
f 2766/2766 2763/2763 2767/2767
f 2766/2766 2764/2764 2763/2763
f 2771/2771 2776/2776 2764/2764
f 2751/2751 1416/1416 2754/2754
f 2751/2751 2750/2750 1416/1416
f 2754/2754 1426/1426 2652/2652
f 2754/2754 1416/1416 1426/1426
f 2653/2653 1427/1427 2646/2646
f 2646/2646 2647/2647 2648/2648
f 2646/2646 1427/1427 2647/2647
f 2678/2678 1339/1339 1714/1714
f 2678/2678 2649/2649 2658/2658
f 2678/2678 2658/2658 1339/1339
f 1714/1714 1339/1339 1710/1710
f 1709/1709 1332/1332 1696/1696
f 1710/1710 1339/1339 1334/1334
f 1697/1697 1333/1333 1699/1699
f 1721/1721 1358/1358 1733/1733
f 1720/1720 1722/1722 1357/1357
f 1734/1734 1365/1365 1738/1738
f 1734/1734 1359/1359 1365/1365
f 1738/1738 1365/1365 2679/2679
f 2679/2679 2675/2675 2664/2664
f 2679/2679 1365/1365 2675/2675
f 2662/2662 1448/1448 2669/2669
f 2662/2662 2663/2663 2665/2665
f 2662/2662 2665/2665 1448/1448
f 2668/2668 1447/1447 2788/2788
f 2788/2788 1437/1437 2784/2784
f 2788/2788 1447/1447 1437/1437
f 2784/2784 1437/1437 2785/2785
f 2750/2750 2755/2755 1416/1416
f 2750/2750 2756/2756 2755/2755
f 2740/2740 2742/2742 2744/2744
f 2740/2740 2744/2744 2747/2747
f 2648/2648 2647/2647 2651/2651
f 2649/2649 2650/2650 2658/2658
f 2733/2733 2743/2743 2729/2729
f 2733/2733 2745/2745 2743/2743
f 1699/1699 1333/1333 2728/2728
f 1699/1699 2728/2728 1703/1703
f 1722/1722 2762/2762 1357/1357
f 1722/1722 1726/1726 2762/2762
f 2767/2767 2763/2763 2777/2777
f 2767/2767 2777/2777 2779/2779
f 2664/2664 2675/2675 2667/2667
f 2663/2663 2666/2666 2665/2665
f 2774/2774 2778/2778 2776/2776
f 2774/2774 2781/2781 2778/2778
f 2785/2785 1437/1437 2789/2789
f 2785/2785 2789/2789 2790/2790
f 2647/2647 1427/1427 2654/2654
f 2647/2647 2654/2654 2651/2651
f 2659/2659 2657/2657 1340/1340
f 2659/2659 2651/2651 2657/2657
f 1338/1338 1335/1335 1331/1331
f 1340/1340 2657/2657 1336/1336
f 1333/1333 1342/1342 2728/2728
f 1331/1331 1337/1337 1341/1341
f 1331/1331 1335/1335 1337/1337
f 1356/1356 1361/1361 1363/1363
f 1357/1357 2762/2762 1367/1367
f 1356/1356 1366/1366 1360/1360
f 1356/1356 1360/1360 1361/1361
f 1364/1364 2673/2673 2674/2674
f 1364/1364 1362/1362 2673/2673
f 2674/2674 2673/2673 2666/2666
f 2665/2665 2666/2666 2671/2671
f 2665/2665 2671/2671 1448/1448
f 1415/1415 1423/1423 1425/1425
f 1416/1416 2755/2755 1422/1422
f 1415/1415 1420/1420 1417/1417
f 1415/1415 1419/1419 1423/1423
f 1415/1415 1417/1417 1419/1419
f 1427/1427 1424/1424 2654/2654
f 2651/2651 2655/2655 2657/2657
f 2651/2651 2654/2654 2655/2655
f 2666/2666 2673/2673 2670/2670
f 2666/2666 2670/2670 2671/2671
f 1446/1446 1444/1444 1436/1436
f 1448/1448 2671/2671 1445/1445
f 1437/1437 1442/1442 2789/2789
f 1436/1436 1439/1439 1441/1441
f 1436/1436 1444/1444 1438/1438
f 1436/1436 1438/1438 1439/1439
f 2755/2755 2756/2756 2757/2757
f 2755/2755 2757/2757 1422/1422
f 2756/2756 2747/2747 2758/2758
f 2756/2756 2758/2758 2757/2757
f 1422/1422 2757/2757 2007/2007
f 1421/1421 2006/2006 1418/1418
f 2742/2742 2731/2731 2730/2730
f 2742/2742 2730/2730 2744/2744
f 2729/2729 2730/2730 2731/2731
f 2729/2729 2743/2743 2730/2730
f 1342/1342 1347/1347 2728/2728
f 1341/1341 1343/1343 1345/1345
f 1341/1341 1337/1337 1343/1343
f 1703/1703 2728/2728 1347/1347
f 1703/1703 2746/2746 2745/2745
f 1703/1703 1347/1347 2746/2746
f 2762/2762 1726/1726 1371/1371
f 2762/2762 1371/1371 1367/1367
f 1726/1726 2779/2779 2780/2780
f 1726/1726 2780/2780 1371/1371
f 1366/1366 1370/1370 1368/1368
f 1366/1366 1368/1368 1360/1360
f 2763/2763 2764/2764 2765/2765
f 2763/2763 2765/2765 2777/2777
f 2776/2776 2765/2765 2764/2764
f 2776/2776 2778/2778 2765/2765
f 1442/1442 2791/2791 2789/2789
f 1442/1442 2017/2017 2791/2791
f 1443/1443 1440/1440 2018/2018
f 2790/2790 2789/2789 2791/2791
f 2790/2790 2792/2792 2781/2781
f 2790/2790 2791/2791 2792/2792
f 2747/2747 2744/2744 2758/2758
f 2745/2745 2746/2746 2743/2743
f 2779/2779 2777/2777 2780/2780
f 2781/2781 2792/2792 2778/2778
f 2757/2757 2758/2758 2007/2007
f 1347/1347 2000/2000 2746/2746
f 1346/1346 2001/2001 1999/1999
f 1346/1346 1344/1344 2001/2001
f 1371/1371 2780/2780 2010/2010
f 1372/1372 2011/2011 2013/2013
f 1372/1372 2013/2013 1369/1369
f 2791/2791 2017/2017 2792/2792
f 2744/2744 2730/2730 2759/2759
f 2744/2744 2759/2759 2758/2758
f 2743/2743 2761/2761 2730/2730
f 2743/2743 2746/2746 2761/2761
f 2777/2777 2765/2765 2795/2795
f 2777/2777 2795/2795 2780/2780
f 2778/2778 2793/2793 2765/2765
f 2778/2778 2792/2792 2793/2793
f 2730/2730 2760/2760 2759/2759
f 2730/2730 2761/2761 2760/2760
f 2765/2765 2794/2794 2795/2795
f 2765/2765 2793/2793 2794/2794
f 2758/2758 2759/2759 2007/2007
f 2746/2746 2000/2000 2761/2761
f 2780/2780 2795/2795 2010/2010
f 2792/2792 2017/2017 2793/2793
f 2007/2007 2759/2759 2760/2760
f 2007/2007 2760/2760 2000/2000
f 2006/2006 1999/1999 2004/2004
f 2006/2006 2004/2004 1418/1418
f 2017/2017 2794/2794 2793/2793
f 2017/2017 2010/2010 2794/2794
f 2018/2018 2015/2015 2011/2011
f 2018/2018 1440/1440 2015/2015
f 2761/2761 2000/2000 2760/2760
f 2795/2795 2794/2794 2010/2010
f 1999/1999 2001/2001 2003/2003
f 1999/1999 2003/2003 2004/2004
f 2011/2011 2012/2012 2013/2013
f 2011/2011 2015/2015 2012/2012
f 1337/1337 1335/1335 1350/1350
f 1337/1337 1348/1348 1343/1343
f 1337/1337 1350/1350 1348/1348
f 1360/1360 1375/1375 1361/1361
f 1360/1360 1368/1368 1373/1373
f 1360/1360 1373/1373 1375/1375
f 2657/2657 1352/1352 1336/1336
f 2657/2657 2655/2655 2661/2661
f 2656/2656 2660/2660 1351/1351
f 2001/2001 1344/1344 1354/1354
f 2001/2001 2008/2008 2003/2003
f 2002/2002 1355/1355 2009/2009
f 1343/1343 1348/1348 1353/1353
f 1362/1362 1377/1377 2673/2673
f 1369/1369 2013/2013 1379/1379
f 1368/1368 1378/1378 1373/1373
f 2673/2673 2677/2677 2670/2670
f 2672/2672 1376/1376 2676/2676
f 2013/2013 2012/2012 2019/2019
f 2014/2014 2020/2020 1380/1380
f 1419/1419 1430/1430 1423/1423
f 1419/1419 1417/1417 1428/1428
f 1419/1419 1428/1428 1430/1430
f 1424/1424 1432/1432 2654/2654
f 2654/2654 2661/2661 2655/2655
f 2654/2654 1432/1432 2661/2661
f 2670/2670 2677/2677 2671/2671
f 2671/2671 1453/1453 1445/1445
f 2671/2671 2677/2677 1453/1453
f 1444/1444 1451/1451 1438/1438
f 1438/1438 1449/1449 1439/1439
f 1438/1438 1451/1451 1449/1449
f 1418/1418 2004/2004 1434/1434
f 1417/1417 1433/1433 1428/1428
f 2004/2004 2003/2003 2008/2008
f 2005/2005 2009/2009 1435/1435
f 1349/1349 1351/1351 662/662
f 1349/1349 659/659 1355/1355
f 1349/1349 662/662 659/659
f 1374/1374 1380/1380 680/680
f 1374/1374 680/680 683/683
f 1374/1374 683/683 1376/1376
f 2012/2012 2015/2015 2019/2019
f 2015/2015 1440/1440 1455/1455
f 2016/2016 1456/1456 2020/2020
f 1439/1439 1449/1449 1454/1454
f 1351/1351 2660/2660 662/662
f 1355/1355 659/659 657/657
f 1355/1355 657/657 2009/2009
f 658/658 660/660 647/647
f 658/658 647/647 655/655
f 680/680 1380/1380 678/678
f 679/679 668/668 681/681
f 679/679 676/676 668/668
f 1376/1376 683/683 2676/2676
f 1380/1380 2020/2020 678/678
f 2660/2660 1234/1234 662/662
f 2660/2660 1431/1431 632/632
f 2660/2660 632/632 1234/1234
f 661/661 1235/1235 664/664
f 660/660 663/663 647/647
f 657/657 1245/1245 2009/2009
f 656/656 651/651 1244/1244
f 655/655 647/647 650/650
f 683/683 1240/1240 2676/2676
f 682/682 685/685 1239/1239
f 681/681 668/668 684/684
f 678/678 2020/2020 1250/1250
f 677/677 1249/1249 670/670
f 676/676 669/669 668/668
f 2676/2676 1240/1240 612/612
f 2676/2676 612/612 1452/1452
f 1429/1429 632/632 1431/1431
f 1429/1429 1435/1435 627/627
f 1429/1429 627/627 632/632
f 1435/1435 2009/2009 641/641
f 1435/1435 641/641 627/627
f 1235/1235 633/633 1236/1236
f 1235/1235 1236/1236 664/664
f 1245/1245 641/641 2009/2009
f 1244/1244 643/643 640/640
f 1244/1244 651/651 1246/1246
f 1244/1244 1246/1246 643/643
f 1239/1239 1241/1241 611/611
f 1239/1239 685/685 1241/1241
f 1250/1250 2020/2020 619/619
f 1249/1249 620/620 622/622
f 1249/1249 1251/1251 670/670
f 1249/1249 622/622 1251/1251
f 2020/2020 1456/1456 619/619
f 1452/1452 612/612 1450/1450
f 1456/1456 1450/1450 606/606
f 1456/1456 606/606 619/619
f 1450/1450 612/612 606/606
f 626/626 629/629 631/631
f 626/626 639/639 628/628
f 626/626 628/628 629/629
f 633/633 630/630 1236/1236
f 639/639 642/642 628/628
f 610/610 607/607 605/605
f 611/611 1241/1241 608/608
f 618/618 605/605 609/609
f 618/618 609/609 621/621
f 605/605 607/607 609/609
f 647/647 648/648 650/650
f 647/647 663/663 665/665
f 647/647 665/665 648/648
f 668/668 669/669 672/672
f 668/668 687/687 684/684
f 668/668 672/672 687/687
f 651/651 654/654 1246/1246
f 650/650 648/648 652/652
f 670/670 1251/1251 675/675
f 669/669 674/674 672/672
f 664/664 1236/1236 1238/1238
f 664/664 1238/1238 667/667
f 685/685 1243/1243 1241/1241
f 685/685 688/688 1243/1243
f 1246/1246 1248/1248 643/643
f 1246/1246 654/654 1248/1248
f 1251/1251 622/622 1253/1253
f 1251/1251 1253/1253 675/675
f 1236/1236 630/630 638/638
f 1236/1236 638/638 1238/1238
f 1241/1241 617/617 608/608
f 1241/1241 1243/1243 617/617
f 642/642 634/634 628/628
f 643/643 1248/1248 646/646
f 642/642 644/644 634/634
f 621/621 609/609 614/614
f 622/622 625/625 1253/1253
f 621/621 614/614 624/624
f 628/628 634/634 629/629
f 609/609 607/607 614/614
f 629/629 634/634 636/636
f 607/607 616/616 614/614
f 402/402 383/383 398/398
f 402/402 400/400 383/383
f 403/403 399/399 2477/2477
f 403/403 2477/2477 401/401
f 383/383 393/393 398/398
f 383/383 400/400 384/384
f 383/383 386/386 393/393
f 383/383 384/384 386/386
f 399/399 2471/2471 2477/2477
f 399/399 394/394 2471/2471
f 2477/2477 2472/2472 401/401
f 2477/2477 2471/2471 2473/2473
f 2477/2477 2473/2473 2472/2472
f 401/401 2472/2472 385/385
f 394/394 148/148 2471/2471
f 393/393 397/397 147/147
f 393/393 386/386 397/397
f 385/385 2472/2472 189/189
f 384/384 188/188 387/387
f 384/384 387/387 386/386
f 2476/2476 2418/2418 2424/2424
f 2475/2475 2474/2474 2417/2417
f 2476/2476 2424/2424 2429/2429
f 2475/2475 2428/2428 2474/2474
f 2471/2471 1247/1247 2473/2473
f 2471/2471 645/645 1247/1247
f 2471/2471 176/176 645/645
f 2471/2471 148/148 176/176
f 2419/2419 2422/2422 2426/2426
f 2417/2417 2474/2474 2420/2420
f 2419/2419 2421/2421 2422/2422
f 2425/2425 213/213 2430/2430
f 2427/2427 2423/2423 2635/2635
f 2427/2427 2635/2635 214/214
f 2473/2473 1252/1252 2472/2472
f 2473/2473 1247/1247 653/653
f 2473/2473 653/653 671/671
f 2473/2473 671/671 673/673
f 2473/2473 673/673 1252/1252
f 2428/2428 2431/2431 2474/2474
f 2430/2430 213/213 2432/2432
f 2472/2472 1252/1252 623/623
f 2472/2472 623/623 216/216
f 2472/2472 216/216 189/189
f 653/653 649/649 671/671
f 2474/2474 666/666 1237/1237
f 2474/2474 1237/1237 2420/2420
f 2474/2474 671/671 666/666
f 2474/2474 686/686 671/671
f 2474/2474 1242/1242 686/686
f 2474/2474 615/615 1242/1242
f 2474/2474 2431/2431 615/615
f 645/645 176/176 635/635
f 1237/1237 637/637 2420/2420
f 666/666 671/671 649/649
f 623/623 613/613 216/216
f 635/635 176/176 637/637
f 2422/2422 2421/2421 161/161
f 2423/2423 162/162 2636/2636
f 2423/2423 2636/2636 2635/2635
f 637/637 176/176 2420/2420
f 615/615 216/216 613/613
f 615/615 2431/2431 216/216
f 213/213 198/198 2432/2432
f 215/215 209/209 199/199
f 214/214 2635/2635 208/208
f 177/177 149/149 150/150
f 176/176 160/160 2420/2420
f 177/177 150/150 163/163
f 149/149 146/146 150/150
f 149/149 143/143 146/146
f 147/147 397/397 142/142
f 2431/2431 197/197 216/216
f 190/190 217/217 191/191
f 190/190 191/191 186/186
f 190/190 186/186 184/184
f 188/188 183/183 387/387
f 217/217 199/199 191/191
f 150/150 152/152 163/163
f 150/150 146/146 152/152
f 163/163 152/152 164/164
f 162/162 165/165 2636/2636
f 199/199 192/192 191/191
f 199/199 200/200 192/192
f 199/199 209/209 200/200
f 191/191 192/192 186/186
f 1814/1814 1468/1468 1834/1834
f 1815/1815 1835/1835 1817/1817
f 1814/1814 1811/1811 1468/1468
f 1814/1814 1816/1816 1811/1811
f 1860/1860 1880/1880 1499/1499
f 1859/1859 1861/1861 1879/1879
f 1860/1860 1499/1499 1858/1858
f 1860/1860 1858/1858 1862/1862
f 1834/1834 1468/1468 1465/1465
f 1835/1835 1467/1467 2643/2643
f 1835/1835 2642/2642 1817/1817
f 1835/1835 2643/2643 2642/2642
f 1880/1880 1496/1496 1499/1499
f 1879/1879 1861/1861 2644/2644
f 1879/1879 2645/2645 1495/1495
f 1879/1879 2644/2644 2645/2645
f 1469/1469 1463/1463 1466/1466
f 1468/1468 1811/1811 1809/1809
f 1470/1470 1810/1810 1464/1464
f 1497/1497 1494/1494 1492/1492
f 1499/1499 1857/1857 1858/1858
f 1498/1498 1493/1493 1856/1856
f 1467/1467 1462/1462 2643/2643
f 1466/1466 1463/1463 1461/1461
f 1817/1817 2642/2642 1831/1831
f 1816/1816 1829/1829 1811/1811
f 1861/1861 1874/1874 2644/2644
f 1862/1862 1858/1858 1876/1876
f 1495/1495 2645/2645 1491/1491
f 1494/1494 1490/1490 1492/1492
f 2642/2642 2643/2643 2580/2580
f 2642/2642 2577/2577 1831/1831
f 2642/2642 2580/2580 2577/2577
f 2644/2644 2601/2601 2645/2645
f 2644/2644 1874/1874 2598/2598
f 2644/2644 2598/2598 2601/2601
f 2562/2562 2566/2566 2564/2564
f 2562/2562 2564/2564 2559/2559
f 2562/2562 2563/2563 2566/2566
f 2562/2562 2561/2561 2563/2563
f 2562/2562 2559/2559 2561/2561
f 2564/2564 2566/2566 2565/2565
f 2564/2564 2565/2565 1485/1485
f 2564/2564 1485/1485 2559/2559
f 2566/2566 2572/2572 2565/2565
f 2566/2566 2563/2563 2567/2567
f 2566/2566 2567/2567 2572/2572
f 2565/2565 1489/1489 1485/1485
f 2565/2565 2572/2572 2568/2568
f 2565/2565 2568/2568 1489/1489
f 2643/2643 1462/1462 2580/2580
f 1811/1811 1799/1799 1809/1809
f 1811/1811 1829/1829 1799/1799
f 1858/1858 1857/1857 1847/1847
f 1858/1858 1847/1847 1876/1876
f 2645/2645 2601/2601 1491/1491
f 2588/2588 2586/2586 2587/2587
f 2588/2588 2587/2587 2594/2594
f 2588/2588 2584/2584 2586/2586
f 2588/2588 2585/2585 2584/2584
f 2588/2588 2589/2589 2585/2585
f 2588/2588 2594/2594 2589/2589
f 2587/2587 2586/2586 1514/1514
f 2587/2587 1514/1514 1518/1518
f 2587/2587 2590/2590 2594/2594
f 2587/2587 1518/1518 2590/2590
f 2584/2584 2581/2581 2586/2586
f 2584/2584 2585/2585 2582/2582
f 2584/2584 2582/2582 2581/2581
f 2586/2586 2581/2581 1514/1514
f 2563/2563 1785/1785 2567/2567
f 2563/2563 2561/2561 1785/1785
f 2567/2567 1785/1785 1787/1787
f 2567/2567 2573/2573 2572/2572
f 2567/2567 1787/1787 2573/2573
f 2589/2589 1761/1761 2585/2585
f 2589/2589 1763/1763 1761/1761
f 2589/2589 2594/2594 2595/2595
f 2589/2589 2595/2595 1763/1763
f 2585/2585 1761/1761 2582/2582
f 1485/1485 1483/1483 2559/2559
f 1484/1484 1481/1481 1482/1482
f 1484/1484 1488/1488 1481/1481
f 1514/1514 2581/2581 1512/1512
f 1513/1513 1511/1511 1510/1510
f 1513/1513 1510/1510 1517/1517
f 2559/2559 2560/2560 2561/2561
f 2559/2559 1483/1483 1487/1487
f 2559/2559 1487/1487 2560/2560
f 1809/1809 1799/1799 1807/1807
f 1810/1810 1808/1808 1464/1464
f 1857/1857 1855/1855 1847/1847
f 1856/1856 1493/1493 1854/1854
f 2581/2581 2582/2582 2583/2583
f 2581/2581 1516/1516 1512/1512
f 2581/2581 2583/2583 1516/1516
f 2561/2561 1783/1783 1785/1785
f 2561/2561 1789/1789 1783/1783
f 2561/2561 2560/2560 1789/1789
f 1784/1784 1782/1782 1776/1776
f 1784/1784 1776/1776 1786/1786
f 1761/1761 1759/1759 2582/2582
f 1760/1760 1752/1752 1758/1758
f 1760/1760 1762/1762 1752/1752
f 2582/2582 1759/1759 1765/1765
f 2582/2582 1765/1765 2583/2583
f 1482/1482 1118/1118 1486/1486
f 1482/1482 1481/1481 1118/1118
f 1511/1511 1515/1515 1067/1067
f 1511/1511 1067/1067 1510/1510
f 1782/1782 1788/1788 1143/1143
f 1782/1782 1143/1143 1776/1776
f 1758/1758 1093/1093 1764/1764
f 1758/1758 1752/1752 1093/1093
f 2572/2572 2573/2573 2569/2569
f 2572/2572 2569/2569 2568/2568
f 2594/2594 2593/2593 2595/2595
f 2594/2594 2590/2590 2593/2593
f 2560/2560 1123/1123 1789/1789
f 2560/2560 1487/1487 1123/1123
f 1789/1789 1123/1123 1129/1129
f 1788/1788 1127/1127 1143/1143
f 1487/1487 1121/1121 1123/1123
f 1486/1486 1118/1118 1120/1120
f 2573/2573 1787/1787 2574/2574
f 2573/2573 2574/2574 2569/2569
f 2568/2568 2570/2570 1489/1489
f 2568/2568 2569/2569 2570/2570
f 2595/2595 2596/2596 1763/1763
f 2595/2595 2593/2593 2596/2596
f 2590/2590 1518/1518 2592/2592
f 2590/2590 2592/2592 2593/2593
f 1765/1765 1072/1072 2583/2583
f 1765/1765 1078/1078 1072/1072
f 1764/1764 1093/1093 1077/1077
f 1516/1516 2583/2583 1072/1072
f 1516/1516 1072/1072 1070/1070
f 1515/1515 1069/1069 1067/1067
f 1481/1481 1488/1488 1479/1479
f 1481/1481 1101/1101 1118/1118
f 1481/1481 1479/1479 1101/1101
f 1489/1489 2570/2570 1480/1480
f 1517/1517 1510/1510 1508/1508
f 1518/1518 1509/1509 2592/2592
f 1510/1510 1050/1050 1508/1508
f 1510/1510 1067/1067 1050/1050
f 1776/1776 1774/1774 1786/1786
f 1776/1776 1139/1139 1774/1774
f 1776/1776 1143/1143 1139/1139
f 1787/1787 1775/1775 2574/2574
f 1830/1830 2576/2576 2575/2575
f 1830/1830 2575/2575 1800/1800
f 1875/1875 2597/2597 2599/2599
f 1875/1875 1846/1846 2597/2597
f 1762/1762 1750/1750 1752/1752
f 1763/1763 2596/2596 1751/1751
f 1752/1752 1750/1750 1089/1089
f 1752/1752 1089/1089 1093/1093
f 2576/2576 2570/2570 2569/2569
f 2576/2576 2569/2569 2575/2575
f 2576/2576 2579/2579 2570/2570
f 2599/2599 2592/2592 2602/2602
f 2599/2599 2597/2597 2593/2593
f 2599/2599 2593/2593 2592/2592
f 2569/2569 2574/2574 2575/2575
f 2580/2580 1462/1462 2571/2571
f 1800/1800 2575/2575 1796/1796
f 1799/1799 1795/1795 1790/1790
f 1799/1799 1790/1790 1807/1807
f 1846/1846 1842/1842 2597/2597
f 1847/1847 1836/1836 1843/1843
f 1847/1847 1855/1855 1836/1836
f 2601/2601 2591/2591 1491/1491
f 2593/2593 2597/2597 2596/2596
f 2571/2571 1462/1462 1478/1478
f 2570/2570 1477/1477 1480/1480
f 2575/2575 2574/2574 2578/2578
f 2575/2575 2578/2578 1796/1796
f 2597/2597 1842/1842 2600/2600
f 2597/2597 2600/2600 2596/2596
f 2591/2591 1506/1506 1491/1491
f 2592/2592 1509/1509 1507/1507
f 2574/2574 1767/1767 2578/2578
f 2574/2574 1775/1775 1767/1767
f 2578/2578 1798/1798 1796/1796
f 2578/2578 1771/1771 1798/1798
f 2578/2578 1767/1767 1771/1771
f 1795/1795 1797/1797 1791/1791
f 1795/1795 1791/1791 1790/1790
f 1842/1842 1844/1844 2600/2600
f 1843/1843 1838/1838 1845/1845
f 1843/1843 1836/1836 1838/1838
f 2600/2600 1743/1743 2596/2596
f 2600/2600 1844/1844 1746/1746
f 2600/2600 1746/1746 1743/1743
f 2596/2596 1743/1743 1751/1751
f 1122/1122 1119/1119 1099/1099
f 1122/1122 1099/1099 1128/1128
f 1119/1119 1117/1117 1098/1098
f 1119/1119 1098/1098 1099/1099
f 1797/1797 1769/1769 1780/1780
f 1797/1797 1780/1780 1791/1791
f 1845/1845 1757/1757 1747/1747
f 1845/1845 1838/1838 1757/1757
f 1068/1068 1071/1071 1048/1048
f 1068/1068 1047/1047 1066/1066
f 1068/1068 1048/1048 1047/1047
f 1071/1071 1076/1076 1048/1048
f 1128/1128 1124/1124 1144/1144
f 1128/1128 1099/1099 1124/1124
f 1461/1461 1103/1103 1476/1476
f 1461/1461 1463/1463 1105/1105
f 1461/1461 1105/1105 1103/1103
f 1490/1490 1505/1505 1052/1052
f 1490/1490 1054/1054 1492/1492
f 1490/1490 1052/1052 1054/1054
f 1076/1076 1092/1092 1073/1073
f 1076/1076 1073/1073 1048/1048
f 1117/1117 1100/1100 1098/1098
f 1774/1774 1141/1141 1766/1766
f 1774/1774 1139/1139 1141/1141
f 1479/1479 1476/1476 1107/1107
f 1479/1479 1107/1107 1101/1101
f 1750/1750 1742/1742 1091/1091
f 1750/1750 1091/1091 1089/1089
f 1508/1508 1056/1056 1505/1505
f 1508/1508 1050/1050 1056/1056
f 1066/1066 1047/1047 1049/1049
f 1144/1144 1124/1124 1140/1140
f 1770/1770 1766/1766 1768/1768
f 1770/1770 1768/1768 1781/1781
f 1745/1745 1744/1744 1742/1742
f 1745/1745 1756/1756 1744/1744
f 1092/1092 1088/1088 1073/1073
f 1476/1476 1103/1103 1107/1107
f 1766/1766 1141/1141 1137/1137
f 1766/1766 1135/1135 1768/1768
f 1766/1766 1137/1137 1135/1135
f 1742/1742 1087/1087 1091/1091
f 1742/1742 1744/1744 1085/1085
f 1742/1742 1085/1085 1087/1087
f 1505/1505 1056/1056 1052/1052
f 1099/1099 1094/1094 1124/1124
f 1099/1099 1098/1098 1094/1094
f 1124/1124 1126/1126 1140/1140
f 1124/1124 1094/1094 1126/1126
f 1098/1098 1100/1100 1095/1095
f 1098/1098 1095/1095 1094/1094
f 1073/1073 1044/1044 1048/1048
f 1073/1073 1088/1088 1075/1075
f 1073/1073 1075/1075 1044/1044
f 1047/1047 1048/1048 1044/1044
f 1047/1047 1043/1043 1049/1049
f 1047/1047 1044/1044 1043/1043
f 1140/1140 1126/1126 1142/1142
f 1100/1100 1106/1106 1095/1095
f 1088/1088 1090/1090 1075/1075
f 1049/1049 1043/1043 1055/1055
f 1790/1790 1791/1791 1792/1792
f 1790/1790 1801/1801 1807/1807
f 1790/1790 1792/1792 1801/1801
f 1836/1836 1837/1837 1838/1838
f 1836/1836 1855/1855 1850/1850
f 1836/1836 1850/1850 1837/1837
f 1791/1791 1780/1780 1793/1793
f 1791/1791 1793/1793 1792/1792
f 1808/1808 1472/1472 1464/1464
f 1808/1808 2826/2826 1472/1472
f 1808/1808 1803/1803 2826/2826
f 1838/1838 1839/1839 1757/1757
f 1838/1838 1837/1837 1839/1839
f 1854/1854 1493/1493 1501/1501
f 1854/1854 1501/1501 2613/2613
f 1854/1854 2613/2613 1849/1849
f 1781/1781 1768/1768 1779/1779
f 1780/1780 1778/1778 1793/1793
f 1756/1756 1753/1753 1744/1744
f 1757/1757 1839/1839 1755/1755
f 1106/1106 1102/1102 1095/1095
f 1463/1463 1471/1471 1109/1109
f 1463/1463 1109/1109 1105/1105
f 1492/1492 1058/1058 1500/1500
f 1492/1492 1054/1054 1058/1058
f 1055/1055 1043/1043 1051/1051
f 1142/1142 1126/1126 1138/1138
f 1090/1090 1086/1086 1075/1075
f 1094/1094 1096/1096 1126/1126
f 1094/1094 1095/1095 1096/1096
f 1126/1126 1125/1125 1138/1138
f 1126/1126 1096/1096 1125/1125
f 1095/1095 1102/1102 1097/1097
f 1095/1095 1097/1097 1096/1096
f 1075/1075 1045/1045 1044/1044
f 1075/1075 1086/1086 1074/1074
f 1075/1075 1074/1074 1045/1045
f 1043/1043 1044/1044 1045/1045
f 1043/1043 1046/1046 1051/1051
f 1043/1043 1045/1045 1046/1046
f 1102/1102 1104/1104 1097/1097
f 1768/1768 1135/1135 1133/1133
f 1768/1768 1133/1133 1773/1773
f 1768/1768 1773/1773 1779/1779
f 1744/1744 1083/1083 1085/1085
f 1744/1744 1748/1748 1083/1083
f 1744/1744 1753/1753 1748/1748
f 1051/1051 1046/1046 1053/1053
f 1138/1138 1125/1125 1136/1136
f 1086/1086 1084/1084 1074/1074
f 1471/1471 1114/1114 1109/1109
f 1472/1472 2826/2826 1475/1475
f 1471/1471 1474/1474 1114/1114
f 1500/1500 1058/1058 1062/1062
f 1501/1501 1504/1504 2613/2613
f 1500/1500 1062/1062 1502/1502
f 1136/1136 1125/1125 1134/1134
f 1104/1104 1108/1108 1097/1097
f 1084/1084 1082/1082 1074/1074
f 1053/1053 1046/1046 1057/1057
f 1125/1125 1096/1096 1116/1116
f 1125/1125 1132/1132 1134/1134
f 1125/1125 1116/1116 1132/1132
f 1097/1097 1116/1116 1096/1096
f 1097/1097 1108/1108 1111/1111
f 1097/1097 1111/1111 1116/1116
f 1074/1074 1064/1064 1045/1045
f 1074/1074 1082/1082 1079/1079
f 1074/1074 1079/1079 1064/1064
f 1046/1046 1045/1045 1064/1064
f 1046/1046 1059/1059 1057/1057
f 1046/1046 1064/1064 1059/1059
f 1792/1792 151/151 1801/1801
f 1792/1792 137/137 151/151
f 1792/1792 1794/1794 137/137
f 1792/1792 1793/1793 1794/1794
f 1801/1801 151/151 144/144
f 1802/1802 145/145 1805/1805
f 1803/1803 1806/1806 2826/2826
f 1837/1837 1850/1850 193/193
f 1837/1837 193/193 179/179
f 1837/1837 179/179 1841/1841
f 1837/1837 1841/1841 1839/1839
f 1850/1850 187/187 193/193
f 1848/1848 1851/1851 185/185
f 1849/1849 2613/2613 1852/1852
f 152/152 138/138 164/164
f 145/145 140/140 1805/1805
f 146/146 143/143 141/141
f 192/192 200/200 178/178
f 185/185 1851/1851 180/180
f 186/186 181/181 184/184
f 1133/1133 1131/1131 1773/1773
f 1083/1083 1748/1748 1080/1080
f 1108/1108 1113/1113 1111/1111
f 1057/1057 1059/1059 1061/1061
f 137/137 1794/1794 139/139
f 138/138 141/141 76/76
f 138/138 76/76 69/69
f 138/138 69/69 164/164
f 139/139 1794/1794 1804/1804
f 141/141 143/143 76/76
f 179/179 182/182 1841/1841
f 178/178 47/47 181/181
f 178/178 40/40 47/47
f 178/178 200/200 40/40
f 182/182 1853/1853 1841/1841
f 181/181 47/47 184/184
f 1794/1794 65/65 1804/1804
f 1794/1794 1793/1793 65/65
f 1804/1804 65/65 73/73
f 1806/1806 77/77 2826/2826
f 1841/1841 1853/1853 41/41
f 1841/1841 41/41 1839/1839
f 1853/1853 48/48 41/41
f 1852/1852 2613/2613 46/46
f 397/397 386/386 396/396
f 397/397 158/158 142/142
f 397/397 396/396 158/158
f 386/386 387/387 389/389
f 386/386 392/392 396/396
f 386/386 389/389 392/392
f 387/387 183/183 194/194
f 387/387 194/194 389/389
f 68/68 72/72 75/75
f 67/67 74/74 79/79
f 67/67 79/79 71/71
f 66/66 70/70 83/83
f 69/69 84/84 164/164
f 65/65 1793/1793 82/82
f 75/75 72/72 80/80
f 77/77 81/81 155/155
f 76/76 143/143 154/154
f 77/77 155/155 2826/2826
f 43/43 49/49 52/52
f 38/38 53/53 44/44
f 38/38 50/50 53/53
f 39/39 57/57 51/51
f 40/40 200/200 58/58
f 41/41 59/59 1839/1839
f 49/49 56/56 52/52
f 45/45 54/54 60/60
f 47/47 62/62 184/184
f 46/46 2613/2613 61/61
f 165/165 167/167 2636/2636
f 164/164 84/84 14/14
f 164/164 14/14 166/166
f 143/143 10/10 154/154
f 143/143 159/159 10/10
f 2636/2636 2634/2634 2635/2635
f 2636/2636 167/167 2634/2634
f 2635/2635 211/211 208/208
f 2635/2635 2634/2634 2638/2638
f 2635/2635 2638/2638 211/211
f 209/209 202/202 200/200
f 209/209 212/212 202/202
f 200/200 19/19 58/58
f 200/200 202/202 19/19
f 184/184 62/62 23/23
f 184/184 23/23 195/195
f 82/82 3/3 13/13
f 82/82 1793/1793 3/3
f 155/155 11/11 2826/2826
f 59/59 20/20 17/17
f 59/59 17/17 1839/1839
f 61/61 2613/2613 22/22
f 1/1 5/5 12/12
f 4/4 174/174 8/8
f 3/3 168/168 172/172
f 3/3 1793/1793 168/168
f 14/14 10/10 170/170
f 14/14 170/170 166/166
f 6/6 156/156 2819/2819
f 10/10 175/175 170/170
f 7/7 2821/2821 173/173
f 9/9 2822/2822 2825/2825
f 167/167 2632/2632 2634/2634
f 167/167 169/169 2632/2632
f 157/157 395/395 2048/2048
f 157/157 2048/2048 2820/2820
f 2633/2633 2077/2077 2637/2637
f 2634/2634 2632/2632 2078/2078
f 395/395 391/391 2043/2043
f 395/395 2043/2043 2048/2048
f 2637/2637 2073/2073 210/210
f 2637/2637 2077/2077 2075/2075
f 2637/2637 2075/2075 2073/2073
f 391/391 388/388 2071/2071
f 391/391 2045/2045 2043/2043
f 391/391 2071/2071 2045/2045
f 210/210 218/218 201/201
f 210/210 2073/2073 218/218
f 390/390 196/196 2067/2067
f 390/390 2067/2067 2072/2072
f 202/202 203/203 19/19
f 202/202 219/219 203/203
f 196/196 24/24 227/227
f 196/196 227/227 2067/2067
f 15/15 18/18 21/21
f 16/16 22/22 205/205
f 17/17 207/207 204/204
f 17/17 204/204 1839/1839
f 19/19 203/203 23/23
f 23/23 203/203 206/206
f 23/23 206/206 226/226
f 22/22 2613/2613 225/225
f 169/169 1813/1813 2632/2632
f 168/168 1793/1793 1812/1812
f 203/203 219/219 222/222
f 204/204 221/221 1839/1839
f 2820/2820 2048/2048 2051/2051
f 2820/2820 2051/2051 2824/2824
f 2632/2632 2066/2066 2078/2078
f 2632/2632 1813/1813 1819/1819
f 2632/2632 1819/1819 1825/1825
f 2632/2632 1825/1825 2066/2066
f 2049/2049 2044/2044 2037/2037
f 2049/2049 2039/2039 2052/2052
f 2049/2049 2037/2037 2039/2039
f 2079/2079 2062/2062 2076/2076
f 2078/2078 2066/2066 2061/2061
f 2044/2044 2046/2046 2036/2036
f 2044/2044 2036/2036 2037/2037
f 2076/2076 2059/2059 2074/2074
f 2076/2076 2062/2062 2057/2057
f 2076/2076 2057/2057 2059/2059
f 2047/2047 2072/2072 2030/2030
f 2046/2046 2028/2028 2036/2036
f 2046/2046 2029/2029 2028/2028
f 2074/2074 2064/2064 220/220
f 2074/2074 2059/2059 2064/2064
f 2072/2072 2067/2067 2032/2032
f 2072/2072 2032/2032 2030/2030
f 220/220 1864/1864 223/223
f 220/220 1870/1870 1864/1864
f 220/220 2064/2064 1870/1870
f 2067/2067 227/227 2069/2069
f 2067/2067 2069/2069 2041/2041
f 2067/2067 2041/2041 2032/2032
f 224/224 2612/2612 2068/2068
f 1793/1793 1778/1778 1812/1812
f 1839/1839 221/221 1755/1755
f 1812/1812 1778/1778 1818/1818
f 221/221 1863/1863 1755/1755
f 1818/1818 1778/1778 1821/1821
f 1818/1818 1821/1821 1824/1824
f 1863/1863 1867/1867 1755/1755
f 1863/1863 1869/1869 1867/1867
f 2824/2824 2051/2051 2842/2842
f 2824/2824 2842/2842 1473/1473
f 2612/2612 2513/2513 2068/2068
f 2612/2612 1503/1503 2513/2513
f 1777/1777 1772/1772 1820/1820
f 2050/2050 2038/2038 2841/2841
f 2070/2070 2514/2514 2042/2042
f 1754/1754 1866/1866 1749/1749
f 2842/2842 2843/2843 1473/1473
f 2842/2842 2844/2844 2843/2843
f 2841/2841 2725/2725 2845/2845
f 2841/2841 2038/2038 2725/2725
f 2513/2513 1503/1503 2611/2611
f 2513/2513 2611/2611 2509/2509
f 2514/2514 2510/2510 2101/2101
f 2514/2514 2101/2101 2042/2042
f 1820/1820 1772/1772 2853/2853
f 1820/1820 2853/2853 2503/2503
f 1822/1822 2504/2504 1827/1827
f 1821/1821 1826/1826 1824/1824
f 1866/1866 2607/2607 1749/1749
f 1866/1866 2508/2508 2607/2607
f 1867/1867 1869/1869 1872/1872
f 1865/1865 1871/1871 2507/2507
f 1473/1473 2843/2843 2846/2846
f 1473/1473 2846/2846 1112/1112
f 1503/1503 2610/2610 2611/2611
f 1503/1503 1063/1063 2610/2610
f 2843/2843 2844/2844 2848/2848
f 2843/2843 2848/2848 2846/2846
f 2611/2611 2609/2609 2509/2509
f 2611/2611 2610/2610 2609/2609
f 1772/1772 2852/2852 2853/2853
f 1772/1772 1130/1130 2852/2852
f 2845/2845 2725/2725 2723/2723
f 2844/2844 2796/2796 2848/2848
f 2845/2845 2723/2723 2797/2797
f 1749/1749 2607/2607 2605/2605
f 1749/1749 2605/2605 1081/1081
f 2510/2510 2512/2512 2101/2101
f 2509/2509 2609/2609 2396/2396
f 2510/2510 2397/2397 2512/2512
f 2853/2853 2851/2851 2503/2503
f 2853/2853 2852/2852 2851/2851
f 2607/2607 2508/2508 2606/2606
f 2607/2607 2606/2606 2605/2605
f 2504/2504 2501/2501 1827/1827
f 2503/2503 2851/2851 2495/2495
f 2504/2504 2496/2496 2501/2501
f 2039/2039 2037/2037 1040/1040
f 2038/2038 1039/1039 2725/2725
f 1823/1823 1832/1832 2065/2065
f 1824/1824 1826/1826 1833/1833
f 2037/2037 2036/2036 1030/1030
f 2037/2037 1030/1030 1040/1040
f 2065/2065 1832/1832 2060/2060
f 2060/2060 2054/2054 2056/2056
f 2060/2060 1832/1832 2054/2054
f 2036/2036 2028/2028 2021/2021
f 2036/2036 2021/2021 1030/1030
f 2056/2056 2055/2055 2058/2058
f 2056/2056 2054/2054 2053/2053
f 2056/2056 2053/2053 2055/2055
f 2028/2028 2029/2029 2025/2025
f 2028/2028 2022/2022 2021/2021
f 2028/2028 2025/2025 2022/2022
f 2058/2058 1877/1877 2063/2063
f 2058/2058 2055/2055 1877/1877
f 2029/2029 2031/2031 2027/2027
f 2029/2029 2027/2027 2025/2025
f 2063/2063 1877/1877 1868/1868
f 1869/1869 1878/1878 1872/1872
f 2031/2031 2040/2040 2034/2034
f 2031/2031 2034/2034 2027/2027
f 2042/2042 2101/2101 2035/2035
f 2507/2507 1871/1871 2505/2505
f 2508/2508 2391/2391 2606/2606
f 2507/2507 2505/2505 2389/2389
f 2727/2727 1042/1042 2722/2722
f 2726/2726 2721/2721 2724/2724
f 1041/1041 1031/1031 1034/1034
f 1042/1042 1035/1035 2722/2722
f 1832/1832 1558/1558 2054/2054
f 1833/1833 1826/1826 1555/1555
f 1833/1833 1555/1555 1559/1559
f 1030/1030 2021/2021 1023/1023
f 1031/1031 1024/1024 1029/1029
f 1031/1031 1029/1029 1034/1034
f 2054/2054 1535/1535 2053/2053
f 2054/2054 1558/1558 1535/1535
f 1023/1023 2021/2021 1021/1021
f 1024/1024 1022/1022 1003/1003
f 1024/1024 1003/1003 1029/1029
f 2021/2021 2022/2022 1021/1021
f 2053/2053 1525/1525 2055/2055
f 2053/2053 1535/1535 1523/1523
f 2053/2053 1523/1523 1525/1525
f 1021/1021 2022/2022 2025/2025
f 1021/1021 2025/2025 2024/2024
f 1020/1020 2023/2023 1009/1009
f 1022/1022 1002/1002 1003/1003
f 1022/1022 1010/1010 1002/1002
f 2055/2055 1574/1574 1877/1877
f 2055/2055 1525/1525 1574/1574
f 2024/2024 2025/2025 2027/2027
f 2023/2023 2026/2026 2083/2083
f 2023/2023 2083/2083 1009/1009
f 2026/2026 2033/2033 2080/2080
f 2026/2026 2080/2080 2083/2083
f 1878/1878 1576/1576 1572/1572
f 1878/1878 1572/1572 1872/1872
f 2033/2033 2099/2099 2097/2097
f 2033/2033 2097/2097 2080/2080
f 2100/2100 2511/2511 2098/2098
f 1828/1828 2502/2502 1557/1557
f 1560/1560 1554/1554 1536/1536
f 1560/1560 1556/1556 1554/1554
f 1536/1536 1533/1533 1524/1524
f 1536/1536 1554/1554 1533/1533
f 1003/1003 1002/1002 994/994
f 1003/1003 1028/1028 1029/1029
f 1003/1003 994/994 1028/1028
f 1524/1524 1522/1522 1526/1526
f 1524/1524 1533/1533 1519/1519
f 1524/1524 1519/1519 1522/1522
f 1002/1002 1010/1010 1008/1008
f 1002/1002 1000/1000 994/994
f 1002/1002 1008/1008 1000/1000
f 1526/1526 1566/1566 1575/1575
f 1526/1526 1522/1522 1566/1566
f 1009/1009 2083/2083 2082/2082
f 1009/1009 2082/2082 1007/1007
f 1575/1575 1566/1566 1571/1571
f 1873/1873 1573/1573 2506/2506
f 1029/1029 1028/1028 1034/1034
f 2083/2083 2080/2080 2082/2082
f 1557/1557 2502/2502 1552/1552
f 1556/1556 1551/1551 1554/1554
f 1035/1035 2854/2854 2722/2722
f 1035/1035 1038/1038 2854/2854
f 1034/1034 1028/1028 1037/1037
f 2080/2080 2097/2097 2096/2096
f 2080/2080 2096/2096 2081/2081
f 2080/2080 2081/2081 2082/2082
f 1573/1573 1570/1570 2506/2506
f 1571/1571 1566/1566 1569/1569
f 2846/2846 2848/2848 2847/2847
f 2846/2846 2847/2847 1112/1112
f 2610/2610 2608/2608 2609/2609
f 2610/2610 1063/1063 2608/2608
f 2848/2848 2796/2796 2800/2800
f 2848/2848 2800/2800 2847/2847
f 2852/2852 2850/2850 2851/2851
f 2852/2852 1130/1130 2850/2850
f 2605/2605 2606/2606 2603/2603
f 2605/2605 2603/2603 1081/1081
f 2609/2609 2381/2381 2396/2396
f 2609/2609 2608/2608 2381/2381
f 2851/2851 2804/2804 2495/2495
f 2851/2851 2850/2850 2804/2804
f 2606/2606 2391/2391 2383/2383
f 2606/2606 2383/2383 2603/2603
f 1112/1112 2847/2847 1110/1110
f 2797/2797 2723/2723 2718/2718
f 2798/2798 2799/2799 2801/2801
f 2798/2798 2719/2719 2799/2799
f 2397/2397 2394/2394 2512/2512
f 2396/2396 2381/2381 2379/2379
f 2395/2395 2378/2378 2392/2392
f 1063/1063 1060/1060 2608/2608
f 1130/1130 1115/1115 2850/2850
f 2496/2496 2498/2498 2501/2501
f 2497/2497 2805/2805 2803/2803
f 2497/2497 2803/2803 2499/2499
f 2724/2724 2721/2721 2720/2720
f 2511/2511 2393/2393 2098/2098
f 2389/2389 2505/2505 2386/2386
f 2390/2390 2375/2375 2382/2382
f 2390/2390 2387/2387 2375/2375
f 1081/1081 2603/2603 1065/1065
f 2722/2722 2854/2854 1323/1323
f 2721/2721 1322/1322 2720/2720
f 2502/2502 2500/2500 1552/1552
f 2506/2506 1570/1570 2388/2388
f 2097/2097 2093/2093 2096/2096
f 2098/2098 2393/2393 2094/2094
f 1110/1110 2849/2849 1115/1115
f 1110/1110 2847/2847 2849/2849
f 1060/1060 1065/1065 2604/2604
f 1060/1060 2604/2604 2608/2608
f 1115/1115 2849/2849 2850/2850
f 1552/1552 2500/2500 1550/1550
f 1551/1551 1549/1549 1548/1548
f 1551/1551 1548/1548 1554/1554
f 1570/1570 1568/1568 2388/2388
f 1569/1569 1564/1564 1567/1567
f 1569/1569 1566/1566 1564/1564
f 1065/1065 2603/2603 2604/2604
f 2847/2847 2800/2800 2806/2806
f 2847/2847 2806/2806 2849/2849
f 2608/2608 2385/2385 2381/2381
f 2608/2608 2604/2604 2385/2385
f 2850/2850 2806/2806 2804/2804
f 2850/2850 2849/2849 2806/2806
f 2854/2854 1307/1307 1323/1323
f 2854/2854 1328/1328 1307/1307
f 2854/2854 1038/1038 1328/1328
f 2096/2096 2093/2093 2092/2092
f 2096/2096 2092/2092 2095/2095
f 2096/2096 2095/2095 2081/2081
f 2603/2603 2383/2383 2385/2385
f 2603/2603 2385/2385 2604/2604
f 2801/2801 2802/2802 2807/2807
f 2801/2801 2799/2799 2802/2802
f 2380/2380 2370/2370 2378/2378
f 2380/2380 2384/2384 2370/2370
f 2805/2805 2807/2807 2802/2802
f 2805/2805 2802/2802 2803/2803
f 2382/2382 2370/2370 2384/2384
f 2382/2382 2375/2375 2370/2370
f 2799/2799 2716/2716 2802/2802
f 2799/2799 2719/2719 2716/2716
f 2378/2378 2376/2376 2392/2392
f 2378/2378 2370/2370 2376/2376
f 2803/2803 2802/2802 2712/2712
f 2803/2803 2712/2712 2499/2499
f 2375/2375 2371/2371 2370/2370
f 2375/2375 2387/2387 2371/2371
f 2802/2802 2716/2716 2714/2714
f 2802/2802 2714/2714 2712/2712
f 2720/2720 1322/1322 2717/2717
f 2393/2393 2377/2377 2094/2094
f 2370/2370 2373/2373 2376/2376
f 2370/2370 2371/2371 2373/2373
f 2500/2500 2713/2713 1550/1550
f 2388/2388 1568/1568 2372/2372
f 1321/1321 1306/1306 1282/1282
f 1322/1322 1283/1283 2717/2717
f 2093/2093 1211/1211 2092/2092
f 2094/2094 2377/2377 1213/1213
f 1550/1550 2713/2713 1286/1286
f 1549/1549 1285/1285 1271/1271
f 1549/1549 1271/1271 1547/1547
f 1549/1549 1547/1547 1548/1548
f 1568/1568 1216/1216 2372/2372
f 1567/1567 1207/1207 1214/1214
f 1567/1567 1228/1228 1207/1207
f 1567/1567 1564/1564 1228/1228
f 1306/1306 1276/1276 1282/1282
f 1306/1306 1304/1304 1276/1276
f 1307/1307 1328/1328 1305/1305
f 2092/2092 1211/1211 1202/1202
f 2092/2092 1202/1202 2091/2091
f 2092/2092 2091/2091 2095/2095
f 2717/2717 1283/1283 2715/2715
f 2377/2377 2374/2374 1213/1213
f 2713/2713 2715/2715 1286/1286
f 2372/2372 1216/1216 2374/2374
f 2715/2715 1283/1283 1281/1281
f 2715/2715 1281/1281 1286/1286
f 1282/1282 1276/1276 1280/1280
f 1213/1213 2374/2374 1210/1210
f 1212/1212 1209/1209 1203/1203
f 2374/2374 1216/1216 1210/1210
f 1284/1284 1280/1280 1270/1270
f 1215/1215 1208/1208 1209/1209
f 1280/1280 1276/1276 1269/1269
f 1280/1280 1269/1269 1270/1270
f 1276/1276 1275/1275 1269/1269
f 1276/1276 1304/1304 1275/1275
f 1203/1203 1209/1209 1201/1201
f 1203/1203 1201/1201 1200/1200
f 1202/1202 1199/1199 2091/2091
f 1209/1209 1208/1208 1201/1201
f 1270/1270 1269/1269 1267/1267
f 1271/1271 1268/1268 1547/1547
f 1208/1208 1206/1206 1201/1201
f 1208/1208 1229/1229 1206/1206
f 1554/1554 1553/1553 1533/1533
f 1554/1554 1548/1548 1553/1553
f 1566/1566 1522/1522 1565/1565
f 1566/1566 1565/1565 1564/1564
f 1269/1269 1266/1266 1267/1267
f 1269/1269 1275/1275 1266/1266
f 1037/1037 1028/1028 1033/1033
f 1036/1036 1032/1032 1327/1327
f 2081/2081 2084/2084 2082/2082
f 2081/2081 2095/2095 2084/2084
f 1201/1201 1206/1206 1198/1198
f 1201/1201 1198/1198 1200/1200
f 1028/1028 994/994 1015/1015
f 1028/1028 1015/1015 1033/1033
f 2082/2082 2085/2085 1007/1007
f 2082/2082 2084/2084 2085/2085
f 994/994 1000/1000 997/997
f 994/994 999/999 1015/1015
f 994/994 997/997 999/999
f 1000/1000 1008/1008 1006/1006
f 1000/1000 1001/1001 997/997
f 1000/1000 1006/1006 1001/1001
f 1007/1007 2085/2085 1011/1011
f 1008/1008 1013/1013 1006/1006
f 1533/1533 1532/1532 1519/1519
f 1533/1533 1553/1553 1532/1532
f 1519/1519 1521/1521 1522/1522
f 1519/1519 1532/1532 1520/1520
f 1519/1519 1520/1520 1521/1521
f 1522/1522 1521/1521 1565/1565
f 1327/1327 1032/1032 1298/1298
f 1328/1328 1299/1299 1305/1305
f 1553/1553 1548/1548 1546/1546
f 1553/1553 1546/1546 1532/1532
f 1565/1565 1563/1563 1564/1564
f 1565/1565 1521/1521 1563/1563
f 2095/2095 2086/2086 2084/2084
f 2095/2095 2091/2091 2086/2086
f 1032/1032 1014/1014 1298/1298
f 2084/2084 2086/2086 2085/2085
f 1548/1548 1547/1547 1546/1546
f 1564/1564 1563/1563 1228/1228
f 1015/1015 999/999 1027/1027
f 1014/1014 1025/1025 1298/1298
f 2085/2085 2087/2087 1011/1011
f 2085/2085 2086/2086 2087/2087
f 998/998 996/996 2458/2458
f 998/998 2458/2458 1295/1295
f 998/998 1295/1295 1026/1026
f 997/997 1001/1001 1019/1019
f 995/995 2455/2455 2457/2457
f 995/995 1016/1016 2455/2455
f 1001/1001 1006/1006 1019/1019
f 1004/1004 1012/1012 2463/2463
f 1005/1005 2464/2464 2466/2466
f 1005/1005 2466/2466 1018/1018
f 1012/1012 1183/1183 2463/2463
f 1012/1012 2088/2088 1183/1183
f 1546/1546 1547/1547 1545/1545
f 1546/1546 1545/1545 1532/1532
f 1563/1563 1521/1521 1226/1226
f 1563/1563 1226/1226 1228/1228
f 2459/2459 1309/1309 1297/1297
f 2459/2459 2456/2456 1309/1309
f 2465/2465 1184/1184 1181/1181
f 2465/2465 1181/1181 2467/2467
f 1547/1547 1268/1268 1545/1545
f 1304/1304 1298/1298 1275/1275
f 1532/1532 1534/1534 1520/1520
f 1532/1532 1545/1545 1534/1534
f 1520/1520 1527/1527 1521/1521
f 1520/1520 1534/1534 1528/1528
f 1520/1520 1528/1528 1527/1527
f 1521/1521 1527/1527 1226/1226
f 1229/1229 1227/1227 1206/1206
f 2091/2091 1199/1199 2086/2086
f 1308/1308 1292/1292 1296/1296
f 1309/1309 2456/2456 1312/1312
f 1308/1308 1311/1311 1292/1292
f 1180/1180 1182/1182 1176/1176
f 1181/1181 1179/1179 2467/2467
f 1180/1180 1176/1176 1178/1178
f 1267/1267 1266/1266 1262/1262
f 1268/1268 1263/1263 1545/1545
f 1275/1275 1298/1298 1273/1273
f 1275/1275 1273/1273 1266/1266
f 1206/1206 1205/1205 1198/1198
f 1206/1206 1227/1227 1205/1205
f 1199/1199 1196/1196 2086/2086
f 1200/1200 1198/1198 1197/1197
f 1298/1298 1025/1025 1300/1300
f 1298/1298 1300/1300 1278/1278
f 1298/1298 1278/1278 1273/1273
f 1295/1295 1294/1294 1026/1026
f 1296/1296 1292/1292 1293/1293
f 1183/1183 2088/2088 1186/1186
f 1182/1182 1185/1185 1176/1176
f 2086/2086 2089/2089 2087/2087
f 2086/2086 1193/1193 2089/2089
f 2086/2086 1196/1196 1193/1193
f 1026/1026 1294/1294 1301/1301
f 2088/2088 2090/2090 1186/1186
f 1266/1266 1254/1254 1262/1262
f 1266/1266 1273/1273 1254/1254
f 1198/1198 1205/1205 1192/1192
f 1198/1198 1192/1192 1197/1197
f 1534/1534 1537/1537 1528/1528
f 1534/1534 1545/1545 1541/1541
f 1534/1534 1541/1541 1537/1537
f 1528/1528 1529/1529 1527/1527
f 1528/1528 1537/1537 1539/1539
f 1528/1528 1539/1539 1529/1529
f 1527/1527 1543/1543 1226/1226
f 1527/1527 1529/1529 1543/1543
f 1545/1545 1263/1263 1261/1261
f 1545/1545 1561/1561 1541/1541
f 1545/1545 1261/1261 1561/1561
f 1227/1227 1204/1204 1205/1205
f 1226/1226 1543/1543 1221/1221
f 1227/1227 1223/1223 1204/1204
f 2455/2455 1016/1016 2460/2460
f 2456/2456 2462/2462 1312/1312
f 2466/2466 2469/2469 1018/1018
f 2467/2467 1179/1179 2470/2470
f 1294/1294 1289/1289 1301/1301
f 1293/1293 1292/1292 1288/1288
f 1185/1185 1187/1187 1176/1176
f 1186/1186 2090/2090 1188/1188
f 1540/1540 1538/1538 2812/2812
f 1540/1540 2812/2812 1530/1530
f 1301/1301 1289/1289 1279/1279
f 1292/1292 1287/1287 1288/1288
f 1292/1292 1311/1311 1303/1303
f 1292/1292 1303/1303 1287/1287
f 1538/1538 2811/2811 2812/2812
f 1538/1538 1542/1542 2811/2811
f 2812/2812 2813/2813 1530/1530
f 2812/2812 2811/2811 2816/2816
f 2812/2812 2816/2816 2813/2813
f 1531/1531 2814/2814 1544/1544
f 1176/1176 1187/1187 1172/1172
f 1176/1176 1174/1174 1178/1178
f 1176/1176 1172/1172 1174/1174
f 2090/2090 1195/1195 1188/1188
f 1262/1262 1254/1254 1260/1260
f 1273/1273 1278/1278 1254/1254
f 2811/2811 2810/2810 2816/2816
f 2811/2811 1542/1542 2808/2808
f 2811/2811 2808/2808 2810/2810
f 2813/2813 2816/2816 1231/1231
f 2814/2814 1232/1232 2818/2818
f 2814/2814 2818/2818 1544/1544
f 1205/1205 1204/1204 1192/1192
f 1197/1197 1192/1192 1194/1194
f 562/562 557/557 561/561
f 562/562 563/563 557/557
f 562/562 561/561 574/574
f 562/562 586/586 563/563
f 562/562 574/574 575/575
f 562/562 575/575 586/586
f 557/557 559/559 561/561
f 558/558 924/924 560/560
f 557/557 563/563 564/564
f 558/558 565/565 924/924
f 2815/2815 2809/2809 2840/2840
f 2815/2815 2840/2840 1230/1230
f 561/561 559/559 566/566
f 561/561 566/566 568/568
f 561/561 568/568 573/573
f 561/561 573/573 574/574
f 560/560 924/924 567/567
f 1542/1542 1562/1562 2808/2808
f 2810/2810 2808/2808 1326/1326
f 2809/2809 1324/1324 2839/2839
f 2809/2809 2839/2839 2840/2840
f 1232/1232 1224/1224 2818/2818
f 1233/1233 1220/1220 1225/1225
f 1230/1230 2840/2840 1219/1219
f 1544/1544 2818/2818 1222/1222
f 563/563 589/589 564/564
f 563/563 588/588 589/589
f 563/563 587/587 588/588
f 563/563 586/586 587/587
f 565/565 590/590 924/924
f 1254/1254 1256/1256 1260/1260
f 1254/1254 1278/1278 1255/1255
f 1254/1254 1255/1255 1256/1256
f 1288/1288 1272/1272 1278/1278
f 1288/1288 1287/1287 1272/1272
f 2808/2808 1330/1330 1326/1326
f 2808/2808 1562/1562 1330/1330
f 1017/1017 2353/2353 2346/2346
f 1017/1017 2435/2435 2353/2353
f 1017/1017 2346/2346 2830/2830
f 1017/1017 2833/2833 2435/2435
f 1017/1017 2830/2830 1302/1302
f 1017/1017 1310/1310 2461/2461
f 1017/1017 2468/2468 1177/1177
f 1017/1017 1173/1173 2833/2833
f 1017/1017 1302/1302 1310/1310
f 1017/1017 1177/1177 1173/1173
f 2818/2818 1224/1224 2817/2817
f 2818/2818 2817/2817 1222/1222
f 1187/1187 1194/1194 1171/1171
f 1187/1187 1171/1171 1172/1172
f 1192/1192 1204/1204 1190/1190
f 1192/1192 1189/1189 1194/1194
f 1192/1192 1190/1190 1189/1189
f 2352/2352 26/26 2345/2345
f 2354/2354 2436/2436 27/27
f 1261/1261 1257/1257 1561/1561
f 1325/1325 1329/1329 1318/1318
f 1325/1325 1318/1318 1320/1320
f 1324/1324 1319/1319 2839/2839
f 1224/1224 1217/1217 2817/2817
f 1225/1225 1175/1175 1218/1218
f 1225/1225 1220/1220 1175/1175
f 1204/1204 1223/1223 1190/1190
f 1562/1562 1258/1258 1330/1330
f 2346/2346 2344/2344 2830/2830
f 2345/2345 37/37 2343/2343
f 2345/2345 26/26 37/37
f 2435/2435 2833/2833 2433/2433
f 2436/2436 2434/2434 30/30
f 2436/2436 30/30 27/27
f 1222/1222 2817/2817 1191/1191
f 578/578 581/581 580/580
f 578/578 580/580 572/572
f 579/579 976/976 583/583
f 578/578 572/572 576/576
f 579/579 577/577 1458/1458
f 579/579 1458/1458 976/976
f 597/597 599/599 600/600
f 597/597 594/594 599/599
f 598/598 602/602 951/951
f 597/597 595/595 594/594
f 598/598 1460/1460 596/596
f 598/598 951/951 1460/1460
f 1278/1278 1272/1272 1255/1255
f 1329/1329 1256/1256 1318/1318
f 2830/2830 2344/2344 2348/2348
f 2830/2830 2348/2348 2829/2829
f 2830/2830 2829/2829 1302/1302
f 2833/2833 2437/2437 2433/2433
f 2833/2833 2834/2834 2437/2437
f 2833/2833 1173/1173 2834/2834
f 2817/2817 1217/1217 1191/1191
f 1194/1194 1189/1189 1171/1171
f 2343/2343 2248/2248 2347/2347
f 2343/2343 37/37 2248/2248
f 2434/2434 2438/2438 2229/2229
f 2434/2434 2229/2229 30/30
f 1318/1318 1256/1256 1259/1259
f 1318/1318 1259/1259 1315/1315
f 1318/1318 1315/1315 1320/1320
f 1218/1218 1162/1162 1190/1190
f 1218/1218 1163/1163 1162/1162
f 1218/1218 1175/1175 1163/1163
f 580/580 581/581 584/584
f 580/580 584/584 348/348
f 580/580 346/346 572/572
f 580/580 348/348 346/346
f 1272/1272 1264/1264 1255/1255
f 1272/1272 1287/1287 1277/1277
f 1272/1272 1277/1277 1264/1264
f 1171/1171 1189/1189 1159/1159
f 1171/1171 1170/1170 1172/1172
f 1171/1171 1159/1159 1170/1170
f 599/599 603/603 600/600
f 599/599 300/300 603/603
f 599/599 594/594 301/301
f 599/599 301/301 300/300
f 582/582 968/968 585/585
f 582/582 974/974 968/968
f 1256/1256 1255/1255 1259/1259
f 2348/2348 2350/2350 2829/2829
f 2347/2347 2193/2193 2349/2349
f 2347/2347 2248/2248 2193/2193
f 2437/2437 2834/2834 2439/2439
f 2438/2438 2440/2440 2225/2225
f 2438/2438 2225/2225 2229/2229
f 1190/1190 1162/1162 1189/1189
f 601/601 604/604 943/943
f 601/601 943/943 948/948
f 566/566 569/569 568/568
f 567/567 930/930 570/570
f 567/567 924/924 927/927
f 567/567 927/927 930/930
f 1255/1255 1264/1264 1259/1259
f 2829/2829 2350/2350 2831/2831
f 2829/2829 2831/2831 1290/1290
f 2829/2829 1290/1290 1302/1302
f 2834/2834 2835/2835 2439/2439
f 2834/2834 1173/1173 1168/1168
f 2834/2834 1168/1168 2835/2835
f 1189/1189 1162/1162 1159/1159
f 589/589 588/588 591/591
f 590/590 592/592 939/939
f 590/590 936/936 924/924
f 590/590 939/939 936/936
f 1287/1287 1303/1303 1291/1291
f 1287/1287 1291/1291 1277/1277
f 1172/1172 1169/1169 1174/1174
f 1172/1172 1170/1170 1169/1169
f 2350/2350 2550/2550 2831/2831
f 2351/2351 2188/2188 2551/2551
f 2349/2349 2193/2193 2187/2187
f 2439/2439 2835/2835 2619/2619
f 2441/2441 2620/2620 2235/2235
f 2440/2440 2233/2233 2225/2225
f 1264/1264 1265/1265 1259/1259
f 1264/1264 1277/1277 1274/1274
f 1264/1264 1274/1274 1265/1265
f 1259/1259 1265/1265 1315/1315
f 2550/2550 2548/2548 2831/2831
f 2551/2551 2177/2177 2549/2549
f 2551/2551 2188/2188 2179/2179
f 2551/2551 2179/2179 2177/2177
f 2548/2548 2546/2546 2832/2832
f 2549/2549 2177/2177 2547/2547
f 2548/2548 2832/2832 2831/2831
f 2546/2546 2552/2552 2832/2832
f 2547/2547 2163/2163 2553/2553
f 2547/2547 2177/2177 2163/2163
f 2552/2552 2615/2615 2836/2836
f 2554/2554 2174/2174 2616/2616
f 2552/2552 2837/2837 2832/2832
f 2552/2552 2836/2836 2837/2837
f 2553/2553 2163/2163 2166/2166
f 2554/2554 2168/2168 2174/2174
f 2615/2615 2617/2617 2836/2836
f 2616/2616 2244/2244 2618/2618
f 2616/2616 2174/2174 2244/2244
f 2617/2617 2619/2619 2835/2835
f 2618/2618 2244/2244 2620/2620
f 2617/2617 2835/2835 2836/2836
f 2620/2620 2239/2239 2235/2235
f 2620/2620 2244/2244 2239/2239
f 1162/1162 1160/1160 1159/1159
f 1162/1162 1163/1163 1160/1160
f 1159/1159 1161/1161 1170/1170
f 1159/1159 1160/1160 1161/1161
f 585/585 968/968 980/980
f 585/585 980/980 991/991
f 584/584 350/350 348/348
f 585/585 991/991 352/352
f 1319/1319 1316/1316 2839/2839
f 1320/1320 1315/1315 1317/1317
f 2831/2831 2832/2832 1313/1313
f 2831/2831 1313/1313 1290/1290
f 2839/2839 2838/2838 2840/2840
f 2839/2839 1316/1316 2838/2838
f 2832/2832 2837/2837 2838/2838
f 2832/2832 1316/1316 1313/1313
f 2832/2832 2838/2838 1316/1316
f 2840/2840 2838/2838 1219/1219
f 2837/2837 2836/2836 2838/2838
f 1220/1220 1167/1167 1175/1175
f 1219/1219 2838/2838 1166/1166
f 2836/2836 2835/2835 1164/1164
f 2836/2836 1166/1166 2838/2838
f 2836/2836 1164/1164 1166/1166
f 2835/2835 1168/1168 1164/1164
f 1175/1175 1167/1167 1163/1163
f 604/604 955/955 943/943
f 604/604 965/965 955/955
f 603/603 300/300 297/297
f 604/604 298/298 965/965
f 1277/1277 1291/1291 1274/1274
f 1170/1170 1161/1161 1169/1169
f 1315/1315 1265/1265 1314/1314
f 1315/1315 1314/1314 1317/1317
f 1163/1163 1165/1165 1160/1160
f 1163/1163 1167/1167 1165/1165
f 1274/1274 1314/1314 1265/1265
f 1274/1274 1291/1291 1314/1314
f 1160/1160 1165/1165 1161/1161
f 1161/1161 1165/1165 1169/1169
f 572/572 569/569 576/576
f 572/572 568/568 569/569
f 572/572 346/346 568/568
f 594/594 595/595 591/591
f 594/594 591/591 588/588
f 594/594 588/588 301/301
f 577/577 571/571 933/933
f 577/577 933/933 1458/1458
f 575/575 574/574 102/102
f 575/575 102/102 586/586
f 596/596 942/942 593/593
f 596/596 1460/1460 942/942
f 570/570 930/930 932/932
f 592/592 941/941 939/939
f 568/568 125/125 573/573
f 568/568 346/346 125/125
f 588/588 587/587 134/134
f 588/588 134/134 301/301
f 968/968 972/972 980/980
f 968/968 974/974 970/970
f 968/968 970/970 972/972
f 574/574 573/573 98/98
f 574/574 98/98 102/102
f 586/586 100/100 587/587
f 586/586 102/102 100/100
f 943/943 955/955 945/945
f 943/943 946/946 948/948
f 943/943 945/945 946/946
f 573/573 125/125 98/98
f 36/36 25/25 33/33
f 35/35 31/31 2247/2247
f 25/25 29/29 33/33
f 32/32 28/28 2228/2228
f 34/34 2245/2245 2249/2249
f 34/34 2240/2240 2245/2245
f 34/34 2231/2231 2240/2240
f 34/34 2230/2230 2231/2231
f 587/587 100/100 134/134
f 2249/2249 2245/2245 2251/2251
f 2249/2249 2251/2251 2194/2194
f 2245/2245 2240/2240 2246/2246
f 2245/2245 2246/2246 2252/2252
f 2245/2245 2252/2252 2251/2251
f 2240/2240 2231/2231 2232/2232
f 2240/2240 2242/2242 2246/2246
f 2240/2240 2232/2232 2242/2242
f 2231/2231 2230/2230 2223/2223
f 2231/2231 2222/2222 2232/2232
f 2231/2231 2223/2223 2222/2222
f 2230/2230 2226/2226 2223/2223
f 2194/2194 2251/2251 2192/2192
f 2194/2194 2192/2192 2189/2189
f 2246/2246 2254/2254 2252/2252
f 2246/2246 2242/2242 2253/2253
f 2246/2246 2253/2253 2254/2254
f 2232/2232 2222/2222 2224/2224
f 2232/2232 2241/2241 2242/2242
f 2232/2232 2224/2224 2241/2241
f 2226/2226 2207/2207 2223/2223
f 2226/2226 2234/2234 2207/2207
f 2251/2251 2252/2252 2256/2256
f 2251/2251 2255/2255 2192/2192
f 2251/2251 2256/2256 2255/2255
f 2223/2223 2214/2214 2222/2222
f 2223/2223 2207/2207 2209/2209
f 2223/2223 2209/2209 2214/2214
f 2252/2252 2257/2257 2256/2256
f 2252/2252 2254/2254 2257/2257
f 2189/2189 2176/2176 2180/2180
f 2189/2189 2192/2192 2176/2176
f 2234/2234 2238/2238 2227/2227
f 2234/2234 2227/2227 2207/2207
f 2222/2222 2214/2214 2221/2221
f 2222/2222 2221/2221 2224/2224
f 2180/2180 2176/2176 2178/2178
f 2242/2242 872/872 2253/2253
f 2242/2242 2241/2241 872/872
f 2238/2238 2243/2243 2227/2227
f 2255/2255 2260/2260 2192/2192
f 2255/2255 2256/2256 2258/2258
f 2255/2255 2258/2258 2260/2260
f 2192/2192 2190/2190 2176/2176
f 2192/2192 2260/2260 2190/2190
f 2178/2178 2160/2160 2164/2164
f 2178/2178 2176/2176 2160/2160
f 2164/2164 2156/2156 2167/2167
f 2164/2164 2160/2160 2156/2156
f 2173/2173 2181/2181 2243/2243
f 2173/2173 2167/2167 2171/2171
f 2173/2173 2171/2171 2181/2181
f 2243/2243 2181/2181 2227/2227
f 2207/2207 2208/2208 2209/2209
f 2207/2207 2227/2227 2210/2210
f 2207/2207 2210/2210 2208/2208
f 2209/2209 2213/2213 2214/2214
f 2209/2209 2208/2208 2213/2213
f 2253/2253 885/885 2254/2254
f 2253/2253 872/872 870/870
f 2253/2253 870/870 885/885
f 2167/2167 2156/2156 2155/2155
f 2167/2167 2155/2155 2171/2171
f 2241/2241 2224/2224 881/881
f 2241/2241 874/874 872/872
f 2241/2241 881/881 874/874
f 2256/2256 2259/2259 2258/2258
f 2256/2256 2257/2257 2259/2259
f 2176/2176 2161/2161 2160/2160
f 2176/2176 2190/2190 2175/2175
f 2176/2176 2175/2175 2161/2161
f 2227/2227 2181/2181 2184/2184
f 2227/2227 2237/2237 2210/2210
f 2227/2227 2184/2184 2237/2237
f 2214/2214 2219/2219 2221/2221
f 2214/2214 2213/2213 2219/2219
f 2254/2254 887/887 2257/2257
f 2254/2254 885/885 887/887
f 2224/2224 2221/2221 883/883
f 2224/2224 883/883 881/881
f 2160/2160 2161/2161 2154/2154
f 2160/2160 2154/2154 2156/2156
f 2181/2181 2182/2182 2184/2184
f 2181/2181 2171/2171 2182/2182
f 2190/2190 2260/2260 2261/2261
f 2190/2190 2191/2191 2175/2175
f 2190/2190 2261/2261 2195/2195
f 2190/2190 2195/2195 2191/2191
f 2260/2260 2258/2258 2262/2262
f 2260/2260 2262/2262 2261/2261
f 2210/2210 2211/2211 2208/2208
f 2210/2210 2237/2237 2236/2236
f 2210/2210 2212/2212 2211/2211
f 2210/2210 2236/2236 2212/2212
f 2208/2208 2215/2215 2213/2213
f 2208/2208 2211/2211 2215/2215
f 2258/2258 2259/2259 2263/2263
f 2258/2258 2263/2263 2262/2262
f 2257/2257 896/896 2259/2259
f 2257/2257 887/887 896/896
f 2221/2221 2219/2219 894/894
f 2221/2221 894/894 883/883
f 2213/2213 2218/2218 2219/2219
f 2213/2213 2215/2215 2218/2218
f 2161/2161 2175/2175 2162/2162
f 2161/2161 2153/2153 2154/2154
f 2161/2161 2162/2162 2157/2157
f 2161/2161 2157/2157 2153/2153
f 2184/2184 2250/2250 2237/2237
f 2184/2184 2182/2182 2185/2185
f 2184/2184 2201/2201 2250/2250
f 2184/2184 2185/2185 2201/2201
f 2175/2175 2191/2191 2165/2165
f 2175/2175 2165/2165 2162/2162
f 2155/2155 2156/2156 2146/2146
f 2155/2155 2169/2169 2171/2171
f 2155/2155 2146/2146 2145/2145
f 2155/2155 2145/2145 2169/2169
f 2237/2237 2250/2250 2205/2205
f 2237/2237 2205/2205 2236/2236
f 2156/2156 2154/2154 2147/2147
f 2156/2156 2147/2147 2146/2146
f 2171/2171 2172/2172 2182/2182
f 2171/2171 2169/2169 2172/2172
f 2195/2195 2261/2261 1609/1609
f 2195/2195 1612/1612 2191/2191
f 2195/2195 1609/1609 1612/1612
f 2261/2261 2262/2262 1607/1607
f 2261/2261 1607/1607 1609/1609
f 2259/2259 912/912 2263/2263
f 2259/2259 896/896 912/912
f 871/871 799/799 869/869
f 871/871 873/873 799/799
f 2219/2219 2218/2218 904/904
f 2219/2219 904/904 894/894
f 2212/2212 2216/2216 2211/2211
f 2212/2212 2236/2236 2206/2206
f 2212/2212 2206/2206 2216/2216
f 2211/2211 2217/2217 2215/2215
f 2211/2211 2216/2216 2217/2217
f 2154/2154 2153/2153 2149/2149
f 2154/2154 2149/2149 2147/2147
f 2182/2182 2186/2186 2185/2185
f 2182/2182 2172/2172 2186/2186
f 2191/2191 1612/1612 2165/2165
f 2262/2262 2263/2263 1614/1614
f 2262/2262 1614/1614 1607/1607
f 2162/2162 2165/2165 2159/2159
f 2162/2162 2159/2159 2157/2157
f 869/869 798/798 884/884
f 869/869 799/799 798/798
f 873/873 880/880 839/839
f 873/873 839/839 799/799
f 2250/2250 2203/2203 2205/2205
f 2250/2250 2201/2201 2203/2203
f 2236/2236 2205/2205 2206/2206
f 2215/2215 2220/2220 2218/2218
f 2215/2215 2217/2217 2220/2220
f 2153/2153 2157/2157 2151/2151
f 2153/2153 2151/2151 2149/2149
f 2185/2185 2196/2196 2201/2201
f 2185/2185 2186/2186 2196/2196
f 980/980 993/993 991/991
f 980/980 972/972 993/993
f 884/884 797/797 886/886
f 884/884 798/798 797/797
f 880/880 882/882 841/841
f 880/880 841/841 839/839
f 955/955 965/965 967/967
f 955/955 967/967 945/945
f 349/349 351/351 337/337
f 349/349 337/337 347/347
f 2165/2165 1612/1612 1457/1457
f 2165/2165 1457/1457 2159/2159
f 103/103 99/99 91/91
f 103/103 91/91 101/101
f 2205/2205 1459/1459 2206/2206
f 2205/2205 2203/2203 1459/1459
f 299/299 274/274 296/296
f 299/299 302/302 274/274
f 991/991 993/993 352/352
f 1608/1608 1605/1605 1611/1611
f 1608/1608 1606/1606 1604/1604
f 1608/1608 1604/1604 1605/1605
f 2263/2263 919/919 1614/1614
f 2263/2263 912/912 919/919
f 2145/2145 2146/2146 2140/2140
f 2145/2145 2170/2170 2169/2169
f 2145/2145 2140/2140 2139/2139
f 2145/2145 2139/2139 2170/2170
f 2218/2218 2220/2220 917/917
f 2218/2218 917/917 904/904
f 2216/2216 2206/2206 2266/2266
f 2216/2216 2270/2270 2217/2217
f 2216/2216 2266/2266 2270/2270
f 965/965 298/298 967/967
f 351/351 356/356 337/337
f 352/352 993/993 355/355
f 1611/1611 1605/1605 1610/1610
f 1611/1611 1610/1610 973/973
f 1612/1612 975/975 1457/1457
f 2157/2157 2159/2159 2158/2158
f 2157/2157 2158/2158 2151/2151
f 886/886 782/782 895/895
f 886/886 797/797 782/782
f 2146/2146 2147/2147 2142/2142
f 2146/2146 2142/2142 2140/2140
f 2169/2169 2183/2183 2172/2172
f 2169/2169 2170/2170 2183/2183
f 882/882 893/893 840/840
f 882/882 840/840 841/841
f 2201/2201 2202/2202 2203/2203
f 2201/2201 2196/2196 2202/2202
f 2206/2206 2267/2267 2266/2266
f 2206/2206 950/950 2267/2267
f 2206/2206 1459/1459 950/950
f 296/296 274/274 292/292
f 298/298 293/293 967/967
f 337/337 336/336 347/347
f 337/337 335/335 336/336
f 337/337 356/356 335/335
f 1606/1606 1613/1613 1602/1602
f 1606/1606 1602/1602 1604/1604
f 2147/2147 2149/2149 2148/2148
f 2147/2147 2148/2148 2142/2142
f 2172/2172 2197/2197 2186/2186
f 2172/2172 2183/2183 2197/2197
f 2217/2217 2264/2264 2220/2220
f 2217/2217 2270/2270 2264/2264
f 274/274 302/302 273/273
f 274/274 273/273 266/266
f 274/274 266/266 292/292
f 91/91 99/99 90/90
f 91/91 96/96 101/101
f 91/91 90/90 89/89
f 91/91 89/89 96/96
f 2159/2159 1457/1457 2158/2158
f 895/895 777/777 911/911
f 895/895 782/782 777/777
f 2149/2149 2151/2151 2150/2150
f 2149/2149 2150/2150 2148/2148
f 2186/2186 2200/2200 2196/2196
f 2186/2186 2197/2197 2200/2200
f 893/893 903/903 838/838
f 893/893 838/838 840/840
f 2203/2203 2202/2202 1459/1459
f 1605/1605 1600/1600 1610/1610
f 1605/1605 1604/1604 1597/1597
f 1605/1605 1597/1597 1600/1600
f 1613/1613 920/920 1602/1602
f 1614/1614 919/919 922/922
f 2220/2220 2264/2264 914/914
f 2220/2220 914/914 917/917
f 2266/2266 2267/2267 2268/2268
f 2266/2266 2271/2271 2270/2270
f 2266/2266 2268/2268 2271/2271
f 347/347 336/336 127/127
f 1610/1610 1601/1601 973/973
f 1610/1610 1600/1600 1601/1601
f 99/99 126/126 90/90
f 101/101 96/96 136/136
f 2267/2267 950/950 2276/2276
f 2267/2267 2276/2276 2268/2268
f 302/302 135/135 273/273
f 1604/1604 1602/1602 1599/1599
f 1604/1604 1599/1599 1597/1597
f 2151/2151 2158/2158 2152/2152
f 2151/2151 2152/2152 2150/2150
f 2196/2196 2204/2204 2202/2202
f 2196/2196 2200/2200 2204/2204
f 2270/2270 2273/2273 2264/2264
f 2270/2270 2271/2271 2273/2273
f 973/973 1601/1601 969/969
f 949/949 947/947 2275/2275
f 336/336 116/116 127/127
f 336/336 120/120 116/116
f 336/336 335/335 331/331
f 336/336 331/331 120/120
f 1457/1457 931/931 2158/2158
f 911/911 794/794 918/918
f 911/911 777/777 794/794
f 2139/2139 2140/2140 926/926
f 2139/2139 935/935 2170/2170
f 2139/2139 926/926 2141/2141
f 2139/2139 2141/2141 935/935
f 903/903 916/916 858/858
f 903/903 858/858 838/838
f 1459/1459 2202/2202 940/940
f 273/273 135/135 117/117
f 273/273 117/117 128/128
f 273/273 269/269 266/266
f 273/273 128/128 269/269
f 1602/1602 1596/1596 1599/1599
f 1602/1602 920/920 1596/1596
f 90/90 126/126 115/115
f 90/90 115/115 88/88
f 90/90 88/88 89/89
f 2140/2140 2142/2142 926/926
f 799/799 698/698 798/798
f 799/799 839/839 698/698
f 2170/2170 935/935 2183/2183
f 96/96 118/118 136/136
f 96/96 95/95 118/118
f 96/96 89/89 95/95
f 2265/2265 2274/2274 2540/2540
f 2265/2265 2540/2540 915/915
f 2158/2158 931/931 2152/2152
f 2142/2142 2148/2148 2144/2144
f 2142/2142 2144/2144 926/926
f 2183/2183 2199/2199 2197/2197
f 2183/2183 935/935 2199/2199
f 2202/2202 2204/2204 940/940
f 1600/1600 1597/1597 1592/1592
f 1600/1600 1593/1593 1601/1601
f 1600/1600 1592/1592 1593/1593
f 1597/1597 1599/1599 1594/1594
f 1597/1597 1594/1594 1592/1592
f 798/798 699/699 797/797
f 798/798 698/698 699/699
f 839/839 841/841 702/702
f 839/839 702/702 698/698
f 2269/2269 2521/2521 2272/2272
f 2269/2269 2275/2275 2520/2520
f 2269/2269 2520/2520 2521/2521
f 2272/2272 2524/2524 2274/2274
f 2272/2272 2521/2521 2524/2524
f 1601/1601 1593/1593 969/969
f 2148/2148 2150/2150 2144/2144
f 2197/2197 2199/2199 2200/2200
f 2275/2275 947/947 2520/2520
f 1599/1599 1596/1596 1591/1591
f 1599/1599 1591/1591 1594/1594
f 918/918 888/888 921/921
f 918/918 794/794 888/888
f 797/797 706/706 782/782
f 797/797 699/699 706/706
f 841/841 840/840 779/779
f 841/841 779/779 702/702
f 916/916 913/913 875/875
f 916/916 875/875 858/858
f 2274/2274 2537/2537 2540/2540
f 2274/2274 2524/2524 2537/2537
f 115/115 119/119 88/88
f 118/118 95/95 129/129
f 1596/1596 920/920 1595/1595
f 1596/1596 1595/1595 1591/1591
f 2150/2150 2152/2152 929/929
f 2150/2150 929/929 2144/2144
f 2200/2200 2199/2199 938/938
f 2200/2200 938/938 2204/2204
f 2540/2540 2536/2536 915/915
f 2540/2540 2537/2537 2536/2536
f 782/782 709/709 777/777
f 782/782 706/706 709/709
f 840/840 838/838 795/795
f 840/840 795/795 779/779
f 969/969 1593/1593 981/981
f 970/970 982/982 978/978
f 970/970 978/978 972/972
f 920/920 907/907 1595/1595
f 921/921 888/888 908/908
f 926/926 923/923 2141/2141
f 925/925 2143/2143 928/928
f 2141/2141 923/923 935/935
f 934/934 937/937 2198/2198
f 915/915 2536/2536 900/900
f 913/913 899/899 875/875
f 947/947 957/957 2520/2520
f 946/946 953/953 956/956
f 946/946 945/945 953/953
f 2152/2152 931/931 929/929
f 2204/2204 938/938 940/940
f 1592/1592 1594/1594 1577/1577
f 1592/1592 1582/1582 1593/1593
f 1592/1592 1577/1577 1582/1582
f 1594/1594 1591/1591 1578/1578
f 1594/1594 1578/1578 1577/1577
f 777/777 757/757 794/794
f 777/777 709/709 757/757
f 838/838 858/858 821/821
f 838/838 821/821 795/795
f 2524/2524 2521/2521 2523/2523
f 2524/2524 2525/2525 2537/2537
f 2524/2524 2523/2523 2525/2525
f 2521/2521 2520/2520 2519/2519
f 2521/2521 2519/2519 2523/2523
f 1593/1593 1582/1582 981/981
f 1591/1591 1595/1595 1590/1590
f 1591/1591 1590/1590 1578/1578
f 2537/2537 2527/2527 2536/2536
f 2537/2537 2525/2525 2527/2527
f 2520/2520 957/957 2519/2519
f 1595/1595 1603/1603 1590/1590
f 1595/1595 907/907 1603/1603
f 698/698 689/689 699/699
f 698/698 702/702 689/689
f 2536/2536 2527/2527 2534/2534
f 2536/2536 2534/2534 900/900
f 794/794 784/784 888/888
f 794/794 757/757 784/784
f 699/699 697/697 706/706
f 699/699 689/689 697/697
f 702/702 779/779 703/703
f 702/702 703/703 689/689
f 858/858 875/875 848/848
f 858/858 848/848 821/821
f 706/706 707/707 709/709
f 706/706 697/697 707/707
f 779/779 795/795 780/780
f 779/779 780/780 703/703
f 888/888 906/906 908/908
f 888/888 784/784 906/906
f 875/875 899/899 897/897
f 875/875 897/897 848/848
f 709/709 710/710 757/757
f 709/709 707/707 710/710
f 795/795 821/821 796/796
f 795/795 796/796 780/780
f 1577/1577 1578/1578 1580/1580
f 1577/1577 1580/1580 1582/1582
f 1578/1578 1590/1590 1586/1586
f 1578/1578 1586/1586 1580/1580
f 981/981 1582/1582 1584/1584
f 982/982 985/985 978/978
f 981/981 1584/1584 984/984
f 957/957 2516/2516 2519/2519
f 956/956 953/953 958/958
f 957/957 959/959 2516/2516
f 2525/2525 2523/2523 2451/2451
f 2525/2525 2526/2526 2527/2527
f 2525/2525 2451/2451 2526/2526
f 2522/2522 2518/2518 2449/2449
f 1582/1582 1580/1580 1584/1584
f 1590/1590 1603/1603 1598/1598
f 1590/1590 1598/1598 1586/1586
f 2527/2527 2528/2528 2534/2534
f 2527/2527 2526/2526 2528/2528
f 2518/2518 2515/2515 2449/2449
f 907/907 1617/1617 1603/1603
f 907/907 905/905 1617/1617
f 757/757 710/710 756/756
f 757/757 756/756 784/784
f 821/821 827/827 796/796
f 821/821 848/848 827/827
f 900/900 2534/2534 2535/2535
f 900/900 2535/2535 898/898
f 1603/1603 1617/1617 1598/1598
f 2534/2534 2528/2528 2535/2535
f 689/689 693/693 697/697
f 689/689 703/703 696/696
f 689/689 691/691 693/693
f 689/689 696/696 691/691
f 992/992 971/971 1913/1913
f 992/992 1913/1913 1901/1901
f 992/992 1901/1901 2442/2442
f 992/992 2442/2442 354/354
f 697/697 708/708 707/707
f 697/697 693/693 700/700
f 697/697 700/700 708/708
f 703/703 780/780 732/732
f 703/703 705/705 696/696
f 703/703 732/732 705/705
f 966/966 1955/1955 944/944
f 966/966 1929/1929 1955/1955
f 966/966 2453/2453 1929/1929
f 966/966 291/291 2453/2453
f 971/971 977/977 1913/1913
f 1913/1913 977/977 2447/2447
f 1913/1913 2447/2447 1587/1587
f 1914/1914 1589/1589 1902/1902
f 707/707 711/711 710/710
f 707/707 708/708 711/711
f 780/780 796/796 781/781
f 780/780 781/781 732/732
f 1955/1955 952/952 944/944
f 1955/1955 2448/2448 952/952
f 1955/1955 1946/1946 2448/2448
f 1956/1956 1930/1930 1948/1948
f 710/710 711/711 756/756
f 692/692 2689/2689 694/694
f 690/690 695/695 2687/2687
f 796/796 827/827 781/781
f 977/977 1666/1666 2447/2447
f 979/979 1652/1652 1667/1667
f 979/979 987/987 1652/1652
f 978/978 985/985 986/986
f 2447/2447 1666/1666 1579/1579
f 2447/2447 1579/1579 1587/1587
f 1580/1580 1586/1586 1588/1588
f 1581/1581 1668/1668 1585/1585
f 784/784 910/910 906/906
f 784/784 756/756 783/783
f 784/784 783/783 910/910
f 2689/2689 2686/2686 694/694
f 2688/2688 2680/2680 2685/2685
f 2688/2688 2691/2691 2680/2680
f 2687/2687 695/695 2690/2690
f 848/848 897/897 901/901
f 848/848 847/847 827/827
f 848/848 901/901 847/847
f 2450/2450 1690/1690 2448/2448
f 2450/2450 2448/2448 1946/1946
f 2451/2451 1947/1947 2526/2526
f 2452/2452 2517/2517 1692/1692
f 2448/2448 1690/1690 952/952
f 954/954 1693/1693 1677/1677
f 954/954 1677/1677 961/961
f 953/953 960/960 958/958
f 1902/1902 1589/1589 1903/1903
f 1901/1901 1899/1899 2442/2442
f 1902/1902 1895/1895 1900/1900
f 1902/1902 1903/1903 1895/1895
f 1586/1586 1598/1598 1615/1615
f 1586/1586 1615/1615 1588/1588
f 1598/1598 1617/1617 1616/1616
f 1598/1598 1616/1616 1615/1615
f 905/905 1620/1620 1617/1617
f 905/905 909/909 1620/1620
f 898/898 2535/2535 2538/2538
f 898/898 2538/2538 902/902
f 2528/2528 2526/2526 2529/2529
f 2528/2528 2530/2530 2535/2535
f 2528/2528 2529/2529 2530/2530
f 2526/2526 1947/1947 2529/2529
f 1930/1930 1935/1935 1948/1948
f 1929/1929 2453/2453 1931/1931
f 1930/1930 1932/1932 1934/1934
f 1930/1930 1934/1934 1935/1935
f 1665/1665 1651/1651 1583/1583
f 1588/1588 1615/1615 1618/1618
f 1589/1589 1619/1619 1903/1903
f 1617/1617 1620/1620 1616/1616
f 694/694 2686/2686 701/701
f 2680/2680 2684/2684 2685/2685
f 2680/2680 2691/2691 2692/2692
f 2681/2681 2622/2622 2683/2683
f 2682/2682 2693/2693 2623/2623
f 695/695 704/704 2690/2690
f 2535/2535 2530/2530 2538/2538
f 1691/1691 2516/2516 1676/1676
f 1947/1947 1944/1944 2529/2529
f 1948/1948 1935/1935 1945/1945
f 1583/1583 1651/1651 983/983
f 2685/2685 2684/2684 2710/2710
f 2686/2686 2711/2711 701/701
f 2691/2691 2695/2695 2692/2692
f 2690/2690 704/704 2694/2694
f 2516/2516 959/959 1676/1676
f 2442/2442 2444/2444 354/354
f 2442/2442 1899/1899 2444/2444
f 2622/2622 2625/2625 2683/2683
f 2623/2623 2693/2693 2627/2627
f 2621/2621 2557/2557 2624/2624
f 2621/2621 2626/2626 2557/2557
f 2454/2454 294/294 2544/2544
f 2454/2454 2544/2544 1933/1933
f 2683/2683 2625/2625 2631/2631
f 2684/2684 2704/2704 2710/2710
f 2683/2683 2631/2631 2703/2703
f 2693/2693 2629/2629 2627/2627
f 2692/2692 2695/2695 2696/2696
f 2693/2693 2697/2697 2629/2629
f 353/353 2443/2443 1658/1658
f 353/353 1658/1658 374/374
f 356/356 376/376 335/335
f 1651/1651 1649/1649 983/983
f 1652/1652 987/987 1650/1650
f 2624/2624 2557/2557 2630/2630
f 2626/2626 2628/2628 2557/2557
f 1676/1676 959/959 1674/1674
f 1677/1677 1675/1675 961/961
f 294/294 1683/1683 2544/2544
f 295/295 317/317 1684/1684
f 292/292 266/266 315/315
f 985/985 989/989 986/986
f 983/983 1649/1649 988/988
f 958/958 960/960 963/963
f 959/959 964/964 1674/1674
f 701/701 2711/2711 762/762
f 700/700 760/760 708/708
f 704/704 830/830 2694/2694
f 705/705 732/732 831/831
f 2710/2710 2704/2704 2708/2708
f 2711/2711 2709/2709 762/762
f 2703/2703 2631/2631 2705/2705
f 2704/2704 2706/2706 2708/2708
f 2696/2696 2695/2695 2699/2699
f 2697/2697 2702/2702 2629/2629
f 2696/2696 2699/2699 2701/2701
f 2694/2694 830/830 2698/2698
f 2630/2630 2557/2557 763/763
f 2631/2631 766/766 2705/2705
f 2558/2558 2479/2479 2484/2484
f 2558/2558 2490/2490 2479/2479
f 2557/2557 2628/2628 833/833
f 2558/2558 2484/2484 767/767
f 2558/2558 836/836 2490/2490
f 2478/2478 2480/2480 2482/2482
f 2478/2478 2488/2488 2480/2480
f 2629/2629 2702/2702 837/837
f 756/756 776/776 783/783
f 756/756 711/711 755/755
f 756/756 755/755 774/774
f 756/756 774/774 776/776
f 827/827 820/820 781/781
f 827/827 847/847 845/845
f 827/827 843/843 820/820
f 827/827 845/845 843/843
f 1899/1899 2446/2446 2444/2444
f 1900/1900 1895/1895 1898/1898
f 1899/1899 1897/1897 2446/2446
f 708/708 760/760 715/715
f 708/708 712/712 711/711
f 708/708 715/715 712/712
f 761/761 2707/2707 766/766
f 760/760 765/765 715/715
f 2707/2707 2705/2705 766/766
f 764/764 2483/2483 714/714
f 2483/2483 2487/2487 714/714
f 2482/2482 2480/2480 2485/2485
f 834/834 723/723 2489/2489
f 837/837 2702/2702 2700/2700
f 837/837 2700/2700 832/832
f 835/835 831/831 724/724
f 2489/2489 723/723 2493/2493
f 2488/2488 2491/2491 2480/2480
f 831/831 732/732 724/724
f 732/732 781/781 731/731
f 732/732 731/731 724/724
f 1933/1933 2544/2544 2541/2541
f 1932/1932 1936/1936 1934/1934
f 1933/1933 2541/2541 1937/1937
f 2443/2443 2641/2641 1658/1658
f 2443/2443 2445/2445 2641/2641
f 1615/1615 1616/1616 1622/1622
f 1615/1615 1622/1622 1618/1618
f 1616/1616 1620/1620 1624/1624
f 1616/1616 1624/1624 1622/1622
f 1620/1620 909/909 1624/1624
f 910/910 783/783 892/892
f 909/909 891/891 1624/1624
f 783/783 776/776 892/892
f 711/711 744/744 755/755
f 711/711 712/712 744/744
f 781/781 820/820 801/801
f 781/781 801/801 731/731
f 847/847 901/901 878/878
f 847/847 878/878 845/845
f 902/902 2538/2538 2539/2539
f 902/902 2539/2539 879/879
f 2538/2538 2530/2530 2539/2539
f 2530/2530 2529/2529 2533/2533
f 2530/2530 2533/2533 2539/2539
f 2529/2529 1944/1944 2533/2533
f 2544/2544 1683/1683 2542/2542
f 2544/2544 2542/2542 2541/2541
f 1903/1903 1904/1904 1895/1895
f 1903/1903 1619/1619 1904/1904
f 1935/1935 1934/1934 1938/1938
f 1935/1935 1938/1938 1945/1945
f 1895/1895 1881/1881 1898/1898
f 1895/1895 1904/1904 1881/1881
f 377/377 1659/1659 1645/1645
f 375/375 986/986 989/989
f 377/377 1645/1645 987/987
f 375/375 989/989 334/334
f 316/316 963/963 960/960
f 317/317 961/961 1673/1673
f 317/317 1673/1673 1684/1684
f 316/316 268/268 963/963
f 1934/1934 1936/1936 1915/1915
f 1934/1934 1915/1915 1938/1938
f 1658/1658 2641/2641 1644/1644
f 987/987 1648/1648 1650/1650
f 987/987 1645/1645 1648/1648
f 961/961 1675/1675 1671/1671
f 961/961 1671/1671 1673/1673
f 1683/1683 1672/1672 2542/2542
f 2445/2445 1896/1896 1883/1883
f 2445/2445 2640/2640 2641/2641
f 2445/2445 1883/1883 2640/2640
f 1898/1898 1881/1881 1884/1884
f 2541/2541 1917/1917 1937/1937
f 2541/2541 2542/2542 2543/2543
f 2541/2541 2543/2543 1917/1917
f 1936/1936 1916/1916 1915/1915
f 2641/2641 2640/2640 1644/1644
f 2542/2542 1672/1672 2543/2543
f 2555/2555 2359/2359 2356/2356
f 2556/2556 1630/1630 2360/2360
f 2555/2555 2356/2356 1960/1960
f 2555/2555 1960/1960 2827/2827
f 2555/2555 2827/2827 1629/1629
f 2358/2358 1631/1631 2355/2355
f 2357/2357 1621/1621 1632/1632
f 2360/2360 1630/1630 1623/1623
f 1959/1959 2355/2355 1641/1641
f 1960/1960 1957/1957 2827/2827
f 1961/1961 1643/1643 1958/1958
f 2355/2355 1631/1631 1634/1634
f 2355/2355 1634/1634 1641/1641
f 2362/2362 2138/2138 1965/1965
f 2361/2361 1964/1964 1153/1153
f 2362/2362 2369/2369 2138/2138
f 2361/2361 2363/2363 2366/2366
f 2361/2361 1156/1156 2363/2363
f 2361/2361 1153/1153 1156/1156
f 1965/1965 2138/2138 2135/2135
f 1965/1965 2135/2135 1962/1962
f 1966/1966 1963/1963 1155/1155
f 2368/2368 2132/2132 2137/2137
f 2367/2367 2364/2364 2531/2531
f 2368/2368 2532/2532 2132/2132
f 2136/2136 2131/2131 2134/2134
f 1904/1904 1905/1905 1881/1881
f 1904/1904 1619/1619 1906/1906
f 1904/1904 1906/1906 1905/1905
f 1622/1622 1624/1624 1633/1633
f 1622/1622 1625/1625 1618/1618
f 1622/1622 1628/1628 1625/1625
f 1624/1624 891/891 889/889
f 1624/1624 889/889 1633/1633
f 2327/2327 754/754 2325/2325
f 2327/2327 773/773 754/754
f 2328/2328 2326/2326 2314/2314
f 2327/2327 2329/2329 773/773
f 2328/2328 2314/2314 2330/2330
f 754/754 743/743 2325/2325
f 819/819 2295/2295 2293/2293
f 819/819 842/842 2295/2295
f 819/819 2293/2293 800/800
f 2294/2294 2279/2279 2292/2292
f 2295/2295 842/842 2297/2297
f 2294/2294 2296/2296 2279/2279
f 2539/2539 2533/2533 2365/2365
f 2539/2539 877/877 879/879
f 2539/2539 2365/2365 877/877
f 2533/2533 1944/1944 1950/1950
f 2533/2533 1950/1950 2133/2133
f 1938/1938 1915/1915 1939/1939
f 1938/1938 1940/1940 1945/1945
f 1938/1938 1939/1939 1940/1940
f 1649/1649 2112/2112 988/988
f 1649/1649 1646/1646 2112/2112
f 2325/2325 743/743 2322/2322
f 2326/2326 2324/2324 2314/2314
f 2293/2293 2291/2291 800/800
f 2292/2292 2279/2279 2289/2289
f 1674/1674 964/964 2125/2125
f 1674/1674 2125/2125 1670/1670
f 1881/1881 1882/1882 1884/1884
f 1881/1881 1905/1905 1882/1882
f 2827/2827 1957/1957 345/345
f 2827/2827 345/345 2828/2828
f 2827/2827 2828/2828 1629/1629
f 1957/1957 342/342 345/345
f 1958/1958 373/373 343/343
f 1958/1958 1643/1643 373/373
f 2331/2331 793/793 775/775
f 2331/2331 2342/2342 793/793
f 2330/2330 2314/2314 2341/2341
f 744/744 712/712 742/742
f 743/743 740/740 2322/2322
f 713/713 2486/2486 720/720
f 715/715 716/716 712/712
f 715/715 721/721 718/718
f 715/715 718/718 716/716
f 722/722 720/720 2492/2492
f 724/724 731/731 729/729
f 724/724 725/725 721/721
f 724/724 729/729 725/725
f 801/801 804/804 731/731
f 800/800 2291/2291 803/803
f 2298/2298 844/844 857/857
f 2298/2298 857/857 2309/2309
f 2296/2296 2308/2308 2279/2279
f 1962/1962 2135/2135 289/289
f 1962/1962 289/289 285/285
f 1963/1963 286/286 311/311
f 1963/1963 311/311 1155/1155
f 2134/2134 2130/2130 288/288
f 2134/2134 2131/2131 2130/2130
f 1915/1915 1916/1916 1918/1918
f 1915/1915 1918/1918 1939/1939
f 774/774 792/792 776/776
f 2486/2486 2481/2481 720/720
f 2492/2492 720/720 2481/2481
f 843/843 845/845 856/856
f 990/990 2111/2111 333/333
f 990/990 2113/2113 2111/2111
f 712/712 736/736 742/742
f 712/712 734/734 736/736
f 712/712 716/716 734/734
f 731/731 804/804 806/806
f 731/731 806/806 808/808
f 731/731 808/808 729/729
f 962/962 267/267 2126/2126
f 962/962 2126/2126 2124/2124
f 333/333 2111/2111 324/324
f 335/335 326/326 331/331
f 1619/1619 1627/1627 1906/1906
f 892/892 776/776 890/890
f 721/721 727/727 718/718
f 721/721 725/725 727/727
f 878/878 876/876 845/845
f 1945/1945 1940/1940 1951/1951
f 267/267 271/271 2126/2126
f 266/266 269/269 270/270
f 1644/1644 2640/2640 1660/1660
f 1645/1645 1661/1661 1654/1654
f 1645/1645 1654/1654 1648/1648
f 776/776 792/792 790/790
f 776/776 790/790 778/778
f 776/776 778/778 890/890
f 2323/2323 741/741 2310/2310
f 2324/2324 2311/2311 2314/2314
f 2290/2290 2278/2278 802/802
f 2289/2289 2279/2279 2277/2277
f 845/845 854/854 856/856
f 845/845 846/846 854/854
f 845/845 876/876 846/846
f 1672/1672 1685/1685 2543/2543
f 1673/1673 1679/1679 1686/1686
f 1673/1673 1671/1671 1679/1679
f 1883/1883 2639/2639 2640/2640
f 1883/1883 1885/1885 2639/2639
f 1884/1884 1882/1882 1886/1886
f 2111/2111 2113/2113 1647/1647
f 2111/2111 1647/1647 1656/1656
f 2111/2111 1656/1656 324/324
f 2342/2342 791/791 793/793
f 2342/2342 2340/2340 791/791
f 2341/2341 2314/2314 2339/2339
f 741/741 735/735 2310/2310
f 802/802 2278/2278 805/805
f 2309/2309 857/857 855/855
f 2309/2309 855/855 2305/2305
f 2308/2308 2304/2304 2279/2279
f 2124/2124 2126/2126 1669/1669
f 2126/2126 1681/1681 1669/1669
f 2126/2126 271/271 1681/1681
f 1917/1917 2543/2543 2545/2545
f 1917/1917 2545/2545 1920/1920
f 1916/1916 1919/1919 1918/1918
f 2640/2640 2639/2639 1660/1660
f 1633/1633 889/889 1635/1635
f 2365/2365 1157/1157 877/877
f 2543/2543 1685/1685 2545/2545
f 344/344 341/341 327/327
f 345/345 328/328 2828/2828
f 341/341 338/338 327/327
f 341/341 371/371 338/338
f 284/284 287/287 280/280
f 284/284 280/280 282/282
f 284/284 282/282 309/309
f 288/288 2130/2130 281/281
f 2310/2310 735/735 2312/2312
f 2311/2311 2313/2313 2314/2314
f 735/735 733/733 2312/2312
f 805/805 2278/2278 2281/2281
f 805/805 2281/2281 807/807
f 2277/2277 2279/2279 2280/2280
f 2340/2340 789/789 791/791
f 2339/2339 2314/2314 2337/2337
f 2340/2340 2338/2338 789/789
f 790/790 788/788 778/778
f 855/855 853/853 2305/2305
f 854/854 846/846 852/852
f 2304/2304 2306/2306 2279/2279
f 2305/2305 853/853 2307/2307
f 1885/1885 1888/1888 2639/2639
f 1886/1886 1882/1882 1889/1889
f 2639/2639 2406/2406 1660/1660
f 2639/2639 1888/1888 2406/2406
f 1660/1660 2406/2406 1663/1663
f 1661/1661 1664/1664 1654/1654
f 1685/1685 2416/2416 2545/2545
f 1685/1685 1688/1688 2416/2416
f 1686/1686 1679/1679 1689/1689
f 2545/2545 1923/1923 1920/1920
f 2545/2545 2416/2416 1923/1923
f 1919/1919 1922/1922 1918/1918
f 1906/1906 1907/1907 1905/1905
f 1906/1906 1627/1627 1907/1907
f 1940/1940 1939/1939 1941/1941
f 1940/1940 1941/1941 1951/1951
f 1905/1905 1890/1890 1882/1882
f 1905/1905 1907/1907 1890/1890
f 1939/1939 1918/1918 1924/1924
f 1939/1939 1924/1924 1941/1941
f 1882/1882 1890/1890 1889/1889
f 1918/1918 1922/1922 1924/1924
f 2314/2314 2335/2335 2337/2337
f 2314/2314 2313/2313 2317/2317
f 2314/2314 2333/2333 2335/2335
f 2314/2314 2317/2317 2319/2319
f 2314/2314 2319/2319 2321/2321
f 2314/2314 2321/2321 2333/2333
f 2279/2279 2282/2282 2280/2280
f 2279/2279 2306/2306 2301/2301
f 2279/2279 2285/2285 2282/2282
f 2279/2279 2301/2301 2299/2299
f 2279/2279 2287/2287 2285/2285
f 2279/2279 2299/2299 2287/2287
f 1888/1888 2403/2403 2406/2406
f 1887/1887 1891/1891 2402/2402
f 1889/1889 1890/1890 1892/1892
f 2405/2405 2398/2398 1662/1662
f 2405/2405 2402/2402 2398/2398
f 1662/1662 2401/2401 1653/1653
f 1662/1662 2398/2398 2401/2401
f 1687/1687 2409/2409 2415/2415
f 1687/1687 1678/1678 2412/2412
f 1687/1687 2412/2412 2409/2409
f 2415/2415 2413/2413 1921/1921
f 2415/2415 2409/2409 2413/2413
f 1922/1922 1926/1926 1924/1924
f 1921/1921 2413/2413 1925/1925
f 890/890 778/778 865/865
f 889/889 863/863 1635/1635
f 876/876 866/866 846/846
f 877/877 1157/1157 867/867
f 1648/1648 1654/1654 1657/1657
f 1671/1671 1682/1682 1679/1679
f 1653/1653 2401/2401 1655/1655
f 2338/2338 787/787 789/789
f 2338/2338 2336/2336 787/787
f 788/788 786/786 778/778
f 2312/2312 733/733 2316/2316
f 733/733 738/738 2316/2316
f 734/734 716/716 739/739
f 807/807 2281/2281 2283/2283
f 807/807 2283/2283 809/809
f 808/808 810/810 729/729
f 853/853 850/850 2307/2307
f 852/852 846/846 849/849
f 2307/2307 850/850 2302/2302
f 1678/1678 1680/1680 2412/2412
f 89/89 88/88 85/85
f 89/89 85/85 95/95
f 331/331 330/330 120/120
f 331/331 326/326 330/330
f 269/269 128/128 275/275
f 269/269 275/275 270/270
f 2402/2402 1891/1891 1893/1893
f 2402/2402 2399/2399 2398/2398
f 2402/2402 1893/1893 2399/2399
f 1892/1892 1890/1890 1894/1894
f 2398/2398 2400/2400 2401/2401
f 2398/2398 2399/2399 2400/2400
f 1890/1890 1907/1907 1894/1894
f 2401/2401 2400/2400 1655/1655
f 2828/2828 1626/1626 1629/1629
f 2828/2828 328/328 1911/1911
f 2828/2828 1911/1911 1626/1626
f 2131/2131 1949/1949 2130/2130
f 2130/2130 1953/1953 281/281
f 2130/2130 1949/1949 1953/1953
f 2412/2412 2410/2410 2409/2409
f 2412/2412 1680/1680 2410/2410
f 2409/2409 2411/2411 2413/2413
f 2409/2409 2410/2410 2411/2411
f 1924/1924 1926/1926 1928/1928
f 1924/1924 1928/1928 1941/1941
f 2413/2413 1927/1927 1925/1925
f 2413/2413 2411/2411 1927/1927
f 328/328 325/325 1911/1911
f 327/327 322/322 326/326
f 327/327 338/338 322/322
f 281/281 1953/1953 272/272
f 280/280 270/270 279/279
f 280/280 279/279 282/282
f 1627/1627 1912/1912 1907/1907
f 1951/1951 1941/1941 1954/1954
f 2334/2334 758/758 785/785
f 2334/2334 2332/2332 758/758
f 786/786 759/759 778/778
f 2315/2315 737/737 2318/2318
f 737/737 748/748 2318/2318
f 739/739 746/746 749/749
f 739/739 716/716 746/746
f 811/811 2284/2284 2286/2286
f 811/811 2286/2286 816/816
f 810/810 815/815 812/812
f 810/810 812/812 729/729
f 851/851 829/829 2303/2303
f 849/849 846/846 828/828
f 2303/2303 829/829 2300/2300
f 119/119 121/121 88/88
f 120/120 330/330 122/122
f 129/129 95/95 131/131
f 128/128 130/130 275/275
f 2318/2318 748/748 2320/2320
f 748/748 750/750 2320/2320
f 749/749 746/746 751/751
f 816/816 2286/2286 2288/2288
f 816/816 2288/2288 818/818
f 815/815 817/817 812/812
f 2400/2400 2399/2399 2404/2404
f 2400/2400 2404/2404 1655/1655
f 2332/2332 750/750 758/758
f 2332/2332 2320/2320 750/750
f 759/759 751/751 753/753
f 759/759 753/753 778/778
f 829/829 818/818 2300/2300
f 828/828 822/822 817/817
f 828/828 846/846 822/822
f 2300/2300 818/818 2288/2288
f 2410/2410 2414/2414 2411/2411
f 2410/2410 1680/1680 2414/2414
f 1893/1893 1908/1908 2399/2399
f 1894/1894 1907/1907 1909/1909
f 2399/2399 1908/1908 2404/2404
f 1907/1907 1912/1912 1909/1909
f 88/88 86/86 85/85
f 88/88 121/121 86/86
f 85/85 94/94 95/95
f 85/85 86/86 87/87
f 85/85 87/87 94/94
f 95/95 94/94 131/131
f 1941/1941 1928/1928 1943/1943
f 1941/1941 1943/1943 1954/1954
f 2411/2411 1942/1942 1927/1927
f 2411/2411 2414/2414 1942/1942
f 751/751 746/746 753/753
f 817/817 822/822 812/812
f 1908/1908 1910/1910 2404/2404
f 2404/2404 1910/1910 1655/1655
f 2414/2414 1952/1952 1942/1942
f 2414/2414 1680/1680 1952/1952
f 1655/1655 1910/1910 2102/2102
f 1656/1656 2103/2103 2106/2106
f 1656/1656 2106/2106 324/324
f 1680/1680 2114/2114 1952/1952
f 1681/1681 2116/2116 2115/2115
f 1681/1681 271/271 2116/2116
f 1910/1910 2407/2407 2102/2102
f 1911/1911 2105/2105 2408/2408
f 1911/1911 2107/2107 2105/2105
f 1911/1911 325/325 2107/2107
f 2407/2407 2108/2108 2102/2102
f 2408/2408 2105/2105 2110/2110
f 778/778 860/860 865/865
f 778/778 753/753 860/860
f 846/846 866/866 861/861
f 846/846 861/861 822/822
f 2128/2128 1952/1952 2114/2114
f 2129/2129 2120/2120 1953/1953
f 2128/2128 2114/2114 2122/2122
f 2127/2127 2121/2121 2118/2118
f 1953/1953 2120/2120 2117/2117
f 1953/1953 2117/2117 272/272
f 2103/2103 2109/2109 2104/2104
f 2103/2103 2104/2104 2106/2106
f 2123/2123 2115/2115 2119/2119
f 2115/2115 2116/2116 2119/2119
f 1637/1637 864/864 859/859
f 1637/1637 382/382 864/864
f 1637/1637 859/859 752/752
f 1637/1637 1640/1640 382/382
f 1637/1637 752/752 1639/1639
f 1637/1637 1639/1639 1640/1640
f 1150/1150 862/862 868/868
f 1150/1150 823/823 862/862
f 1150/1150 868/868 321/321
f 1150/1150 321/321 429/429
f 1150/1150 1151/1151 823/823
f 1150/1150 429/429 1151/1151
f 864/864 382/382 372/372
f 864/864 1642/1642 1636/1636
f 864/864 372/372 1642/1642
f 868/868 306/306 321/321
f 868/868 1158/1158 1154/1154
f 868/868 1154/1154 306/306
f 381/381 378/378 371/371
f 382/382 1640/1640 379/379
f 320/320 305/305 312/312
f 321/321 314/314 429/429
f 378/378 361/361 371/371
f 380/380 364/364 362/362
f 379/379 1640/1640 416/416
f 380/380 417/417 364/364
f 312/312 305/305 304/304
f 312/312 304/304 307/307
f 313/313 319/319 428/428
f 313/313 308/308 319/319
f 1154/1154 310/310 306/306
f 322/322 323/323 326/326
f 322/322 338/338 339/339
f 322/322 339/339 323/323
f 279/279 270/270 278/278
f 279/279 283/283 282/282
f 279/279 278/278 283/283
f 305/305 309/309 290/290
f 305/305 290/290 304/304
f 371/371 361/361 338/338
f 309/309 282/282 290/290
f 326/326 329/329 330/330
f 326/326 323/323 329/329
f 270/270 275/275 276/276
f 270/270 276/276 278/278
f 717/717 1147/1147 747/747
f 717/717 719/719 1147/1147
f 730/730 426/426 726/726
f 730/730 813/813 426/426
f 339/339 338/338 340/340
f 339/339 340/340 323/323
f 338/338 361/361 360/360
f 338/338 360/360 340/340
f 1146/1146 768/768 745/745
f 1147/1147 719/719 1145/1145
f 1147/1147 1145/1145 420/420
f 1146/1146 418/418 768/768
f 746/746 769/769 753/753
f 719/719 728/728 426/426
f 719/719 426/426 1145/1145
f 728/728 726/726 426/426
f 813/813 1148/1148 426/426
f 814/814 1152/1152 1149/1149
f 812/812 822/822 824/824
f 814/814 826/826 1152/1152
f 282/282 283/283 278/278
f 282/282 278/278 290/290
f 1145/1145 426/426 424/424
f 1145/1145 409/409 420/420
f 1145/1145 405/405 409/409
f 1145/1145 424/424 405/405
f 361/361 363/363 360/360
f 425/425 422/422 423/423
f 427/427 1149/1149 430/430
f 425/425 428/428 422/422
f 419/419 408/408 412/412
f 418/418 1638/1638 768/768
f 418/418 411/411 1638/1638
f 408/408 404/404 407/407
f 408/408 407/407 412/412
f 423/423 406/406 404/404
f 423/423 422/422 421/421
f 423/423 421/421 406/406
f 1149/1149 1152/1152 430/430
f 404/404 406/406 407/407
f 769/769 772/772 753/753
f 768/768 1638/1638 770/770
f 752/752 771/771 1639/1639
f 823/823 1151/1151 825/825
f 290/290 303/303 304/304
f 290/290 278/278 303/303
f 304/304 303/303 307/307
f 1640/1640 414/414 416/416
f 1640/1640 1639/1639 414/414
f 417/417 415/415 364/364
f 414/414 1639/1639 413/413
f 415/415 368/368 364/364
f 415/415 412/412 368/368
f 122/122 330/330 124/124
f 121/121 123/123 86/86
f 130/130 132/132 275/275
f 131/131 94/94 133/133
f 428/428 319/319 422/422
f 307/307 303/303 318/318
f 124/124 330/330 332/332
f 124/124 332/332 107/107
f 123/123 92/92 86/86
f 123/123 106/106 92/92
f 303/303 264/264 318/318
f 303/303 278/278 264/264
f 132/132 277/277 275/275
f 133/133 94/94 97/97
f 132/132 110/110 277/277
f 133/133 97/97 112/112
f 360/360 363/363 366/366
f 359/359 365/365 2494/2494
f 360/360 258/258 340/340
f 359/359 2494/2494 257/257
f 330/330 329/329 332/332
f 422/422 319/319 263/263
f 422/422 263/263 421/421
f 275/275 277/277 276/276
f 318/318 264/264 261/261
f 332/332 329/329 357/357
f 332/332 357/357 250/250
f 332/332 250/250 107/107
f 363/363 367/367 366/366
f 86/86 92/92 87/87
f 94/94 87/87 97/97
f 277/277 235/235 276/276
f 277/277 110/110 242/242
f 277/277 242/242 235/235
f 323/323 340/340 329/329
f 366/366 367/367 370/370
f 365/365 369/369 2494/2494
f 367/367 258/258 370/370
f 368/368 412/412 410/410
f 368/368 410/410 260/260
f 92/92 93/93 87/87
f 92/92 104/104 93/93
f 92/92 106/106 104/104
f 97/97 87/87 93/93
f 97/97 93/93 109/109
f 97/97 109/109 112/112
f 340/340 357/357 329/329
f 340/340 358/358 357/357
f 340/340 258/258 358/358
f 369/369 257/257 2494/2494
f 412/412 407/407 410/410
f 407/407 406/406 410/410
f 278/278 276/276 233/233
f 278/278 233/233 264/264
f 410/410 406/406 260/260
f 93/93 104/104 108/108
f 93/93 108/108 109/109
f 276/276 235/235 233/233
f 357/357 358/358 252/252
f 357/357 252/252 250/250
f 406/406 421/421 256/256
f 406/406 256/256 260/260
f 421/421 263/263 256/256
f 104/104 106/106 108/108
f 109/109 108/108 112/112
f 262/262 265/265 228/228
f 262/262 228/228 255/255
f 258/258 253/253 358/358
f 259/259 255/255 254/254
f 265/265 234/234 228/228
f 106/106 114/114 108/108
f 105/105 244/244 113/113
f 105/105 249/249 246/246
f 105/105 246/246 244/244
f 112/112 108/108 114/114
f 111/111 113/113 239/239
f 111/111 241/241 243/243
f 111/111 239/239 241/241
f 358/358 253/253 252/252
f 113/113 244/244 240/240
f 113/113 240/240 239/239
f 255/255 238/238 254/254
f 255/255 228/228 230/230
f 255/255 230/230 238/238
f 249/249 247/247 246/246
f 249/249 251/251 247/247
f 243/243 241/241 232/232
f 243/243 232/232 236/236
f 254/254 248/248 251/251
f 254/254 238/238 248/248
f 246/246 247/247 245/245
f 246/246 245/245 244/244
f 241/241 229/229 232/232
f 241/241 239/239 229/229
f 248/248 247/247 251/251
f 248/248 245/245 247/247
f 248/248 238/238 245/245
f 234/234 232/232 228/228
f 234/234 236/236 232/232
f 228/228 232/232 229/229
f 228/228 229/229 230/230
f 244/244 245/245 237/237
f 244/244 237/237 240/240
f 239/239 231/231 229/229
f 239/239 240/240 231/231
f 245/245 238/238 237/237
f 229/229 231/231 230/230
f 240/240 237/237 231/231
f 238/238 230/230 237/237
f 230/230 231/231 237/237
f 2/2 171/171 2820/2820
f 2/2 2820/2820 2824/2824
f 16/16 205/205 225/225
f 16/16 225/225 2613/2613
f 64/64 78/78 153/153
f 64/64 153/153 2823/2823
f 42/42 55/55 63/63
f 1840/1840 42/42 63/63
f 1840/1840 63/63 2614/2614